cell_id,name,latitude,longitude,potential_score,housing_density_score,building_fit_score,solar_score,market_gap_score,campaign_score
CRS3035RES100mN2724300E4184600,Raster CRS3035RES100mN2724300E4184600,47.6177359,8.1871989,71,83,71,77,50,50
CRS3035RES100mN2726100E4191400,Raster CRS3035RES100mN2726100E4191400,47.6353925,8.2770356,70,67,92,71,50,50
CRS3035RES100mN2724800E4187400,Raster CRS3035RES100mN2724800E4187400,47.6228454,8.2242578,70,91,63,71,50,50
CRS3035RES100mN2724800E4186500,Raster CRS3035RES100mN2724800E4186500,47.6226504,8.2122951,70,84,73,71,50,50
CRS3035RES100mN2724600E4187200,Raster CRS3035RES100mN2724600E4187200,47.6210027,8.2216615,69,88,62,71,50,50
CRS3035RES100mN2722000E4180800,Raster CRS3035RES100mN2722000E4180800,47.596194,8.1374429,67,78,70,66,50,50
CRS3035RES100mN2724700E4187300,Raster CRS3035RES100mN2724700E4187300,47.6219241,8.2229596,67,80,67,71,50,50
CRS3035RES100mN2726100E4192200,Raster CRS3035RES100mN2726100E4192200,47.6355596,8.2876719,67,73,72,74,50,50
CRS3035RES100mN2724800E4186600,Raster CRS3035RES100mN2724800E4186600,47.6226721,8.2136243,66,73,70,71,50,50
CRS3035RES100mN2724900E4187600,Raster CRS3035RES100mN2724900E4187600,47.6237882,8.2268853,66,83,56,71,50,50
CRS3035RES100mN2725100E4193800,Raster CRS3035RES100mN2725100E4193800,47.6268935,8.3092398,66,69,74,70,50,50
CRS3035RES100mN2724300E4184700,Raster CRS3035RES100mN2724300E4184700,47.617758,8.1885279,66,77,61,77,50,50
CRS3035RES100mN2724300E4187800,Raster CRS3035RES100mN2724300E4187800,47.6184331,8.229729,65,68,70,71,50,50
CRS3035RES100mN2726100E4191800,Raster CRS3035RES100mN2726100E4191800,47.6354762,8.2823538,65,73,67,71,50,50
CRS3035RES100mN2725300E4186800,Raster CRS3035RES100mN2725300E4186800,47.627214,8.2161271,64,79,69,51,50,50
CRS3035RES100mN2724800E4187300,Raster CRS3035RES100mN2724800E4187300,47.6228238,8.2229286,64,73,63,71,50,50
CRS3035RES100mN2725500E4193900,Raster CRS3035RES100mN2725500E4193900,47.6305129,8.3104513,64,74,61,70,50,50
CRS3035RES100mN2723100E4182900,Raster CRS3035RES100mN2723100E4182900,47.6065626,8.1649892,64,61,71,77,50,50
CRS3035RES100mN2726100E4190800,Raster CRS3035RES100mN2726100E4190800,47.6352665,8.2690584,64,62,74,74,50,50
CRS3035RES100mN2725700E4193500,Raster CRS3035RES100mN2725700E4193500,47.6322301,8.3050744,63,71,59,70,50,50
CRS3035RES100mN2726000E4191300,Raster CRS3035RES100mN2726000E4191300,47.6344718,8.2757362,63,54,79,71,50,50
CRS3035RES100mN2724300E4184500,Raster CRS3035RES100mN2724300E4184500,47.6177139,8.1858698,63,74,53,77,50,50
CRS3035RES100mN2725000E4193500,Raster CRS3035RES100mN2725000E4193500,47.625932,8.3052814,63,66,65,70,50,50
CRS3035RES100mN2725600E4193100,Raster CRS3035RES100mN2725600E4193100,47.6312478,8.2997862,62,56,73,70,50,50
CRS3035RES100mN2729400E4198700,Raster CRS3035RES100mN2729400E4198700,47.6665704,8.3731572,62,77,41,80,50,50
CRS3035RES100mN2725800E4190600,Raster CRS3035RES100mN2725800E4190600,47.6325252,8.2664901,62,59,67,73,50,50
CRS3035RES100mN2723500E4183400,Raster CRS3035RES100mN2723500E4183400,47.6102727,8.1715055,62,65,59,78,50,50
CRS3035RES100mN2726100E4191600,Raster CRS3035RES100mN2726100E4191600,47.6354344,8.2796947,61,50,76,71,50,50
CRS3035RES100mN2723400E4183500,Raster CRS3035RES100mN2723400E4183500,47.6093953,8.1728662,61,58,63,78,50,50
CRS3035RES100mN2725000E4186400,Raster CRS3035RES100mN2725000E4186400,47.624428,8.2109035,61,66,74,51,50,50
CRS3035RES100mN2725800E4191600,Raster CRS3035RES100mN2725800E4191600,47.6327352,8.2797848,61,71,57,63,50,50
CRS3035RES100mN2724300E4188000,Raster CRS3035RES100mN2724300E4188000,47.6184761,8.2323872,61,55,73,69,50,50
CRS3035RES100mN2724200E4188000,Raster CRS3035RES100mN2724200E4188000,47.6175764,8.232418,61,46,82,69,50,50
CRS3035RES100mN2723500E4192500,Raster CRS3035RES100mN2723500E4192500,47.6122292,8.2924353,61,65,62,68,50,50
CRS3035RES100mN2724700E4187200,Raster CRS3035RES100mN2724700E4187200,47.6219024,8.2216305,61,62,61,71,50,50
CRS3035RES100mN2725500E4193100,Raster CRS3035RES100mN2725500E4193100,47.630348,8.2998159,60,71,47,70,50,50
CRS3035RES100mN2724700E4185000,Raster CRS3035RES100mN2724700E4185000,47.6214228,8.192389,60,53,63,78,50,50
CRS3035RES100mN2724800E4186400,Raster CRS3035RES100mN2724800E4186400,47.6226286,8.2109659,60,48,75,71,50,50
CRS3035RES100mN2724900E4187200,Raster CRS3035RES100mN2724900E4187200,47.6237018,8.2215684,60,55,66,71,50,50
CRS3035RES100mN2723200E4192600,Raster CRS3035RES100mN2723200E4192600,47.6095507,8.2938535,59,47,76,68,50,50
CRS3035RES100mN2725200E4187000,Raster CRS3035RES100mN2725200E4187000,47.6263577,8.2188168,59,53,64,72,50,50
CRS3035RES100mN2724400E4187900,Raster CRS3035RES100mN2724400E4187900,47.6193543,8.2310273,59,55,62,71,50,50
CRS3035RES100mN2723300E4183400,Raster CRS3035RES100mN2723300E4183400,47.6084734,8.1715693,59,41,76,78,50,50
CRS3035RES100mN2725800E4193200,Raster CRS3035RES100mN2725800E4193200,47.6330679,8.3010564,59,56,63,70,50,50
CRS3035RES100mN2725800E4190400,Raster CRS3035RES100mN2725800E4190400,47.6324831,8.2638312,59,68,46,73,50,50
CRS3035RES100mN2726000E4192300,Raster CRS3035RES100mN2726000E4192300,47.6346807,8.2890314,59,68,45,74,50,50
CRS3035RES100mN2725500E4190500,Raster CRS3035RES100mN2725500E4190500,47.629805,8.2652515,58,48,65,73,50,50
CRS3035RES100mN2723200E4183000,Raster CRS3035RES100mN2723200E4183000,47.6074846,8.166286,58,46,66,78,50,50
CRS3035RES100mN2724900E4185600,Raster CRS3035RES100mN2724900E4185600,47.6233538,8.2003011,58,52,57,78,50,50
CRS3035RES100mN2725400E4193300,Raster CRS3035RES100mN2725400E4193300,47.6294896,8.3025044,58,50,67,70,50,50
CRS3035RES100mN2725000E4186800,Raster CRS3035RES100mN2725000E4186800,47.6245149,8.2162204,58,71,57,51,50,50
CRS3035RES100mN2726000E4192200,Raster CRS3035RES100mN2726000E4192200,47.6346599,8.2877018,58,65,46,74,50,50
CRS3035RES100mN2726200E4191900,Raster CRS3035RES100mN2726200E4191900,47.6363968,8.2836534,58,50,66,71,50,50
CRS3035RES100mN2724200E4187900,Raster CRS3035RES100mN2724200E4187900,47.6175549,8.231089,58,53,60,71,50,50
CRS3035RES100mN2726100E4191700,Raster CRS3035RES100mN2726100E4191700,47.6354553,8.2810242,58,50,64,71,50,50
CRS3035RES100mN2728700E4198300,Raster CRS3035RES100mN2728700E4198300,47.660193,8.3680353,58,49,58,80,50,50
CRS3035RES100mN2725600E4194000,Raster CRS3035RES100mN2725600E4194000,47.6314332,8.3117512,58,62,54,68,50,50
CRS3035RES100mN2724900E4185900,Raster CRS3035RES100mN2724900E4185900,47.6234193,8.2042887,58,52,59,78,50,50
CRS3035RES100mN2724700E4185200,Raster CRS3035RES100mN2724700E4185200,47.6214667,8.1950473,58,44,65,78,50,50
CRS3035RES100mN2723100E4183000,Raster CRS3035RES100mN2723100E4183000,47.6065849,8.166318,58,43,66,78,50,50
CRS3035RES100mN2725100E4187100,Raster CRS3035RES100mN2725100E4187100,47.6254796,8.2201771,58,54,59,72,50,50
CRS3035RES100mN2728500E4198000,Raster CRS3035RES100mN2728500E4198000,47.6583339,8.3641018,58,62,42,80,50,50
CRS3035RES100mN2725900E4190700,Raster CRS3035RES100mN2725900E4190700,47.633446,8.2677894,58,47,68,73,50,50
CRS3035RES100mN2725400E4193800,Raster CRS3035RES100mN2725400E4193800,47.6295927,8.3091513,58,71,39,70,50,50
CRS3035RES100mN2724800E4187500,Raster CRS3035RES100mN2724800E4187500,47.622867,8.225587,58,61,50,71,50,50
CRS3035RES100mN2726100E4191300,Raster CRS3035RES100mN2726100E4191300,47.6353716,8.2757061,58,41,78,71,50,50
CRS3035RES100mN2726100E4190700,Raster CRS3035RES100mN2726100E4190700,47.6352455,8.2677289,57,49,60,74,50,50
CRS3035RES100mN2724900E4186600,Raster CRS3035RES100mN2724900E4186600,47.6235718,8.2135931,57,47,63,71,50,50
CRS3035RES100mN2726200E4191100,Raster CRS3035RES100mN2726200E4191100,47.6362293,8.2730169,57,53,57,71,50,50
CRS3035RES100mN2725800E4193900,Raster CRS3035RES100mN2725800E4193900,47.6332121,8.3103628,57,49,64,70,50,50
CRS3035RES100mN2725500E4190900,Raster CRS3035RES100mN2725500E4190900,47.6298893,8.2705691,57,53,57,73,50,50
CRS3035RES100mN2728900E4198200,Raster CRS3035RES100mN2728900E4198200,47.6619726,8.366648,57,43,62,80,50,50
CRS3035RES100mN2727200E4196300,Raster CRS3035RES100mN2727200E4196300,47.6462969,8.3418657,57,68,44,64,50,50
CRS3035RES100mN2726100E4190400,Raster CRS3035RES100mN2726100E4190400,47.6351822,8.2637403,57,35,75,74,50,50
CRS3035RES100mN2723300E4192700,Raster CRS3035RES100mN2723300E4192700,47.6104712,8.2951527,57,50,62,68,50,50
CRS3035RES100mN2725600E4191000,Raster CRS3035RES100mN2725600E4191000,47.63081,8.2718683,57,53,64,63,50,50
CRS3035RES100mN2728900E4188700,Raster CRS3035RES100mN2728900E4188700,47.6600124,8.2402785,57,39,67,81,50,50
CRS3035RES100mN2724800E4186700,Raster CRS3035RES100mN2724800E4186700,47.6226938,8.2149535,57,54,55,71,50,50
CRS3035RES100mN2723600E4183500,Raster CRS3035RES100mN2723600E4183500,47.6111947,8.1728025,57,41,65,78,50,50
CRS3035RES100mN2725500E4194000,Raster CRS3035RES100mN2725500E4194000,47.6305335,8.3117807,57,68,43,68,50,50
CRS3035RES100mN2728700E4198200,Raster CRS3035RES100mN2728700E4198200,47.6601731,8.3667051,57,44,61,80,50,50
CRS3035RES100mN2726000E4191200,Raster CRS3035RES100mN2726000E4191200,47.6344509,8.2744067,57,50,60,71,50,50
CRS3035RES100mN2724900E4187500,Raster CRS3035RES100mN2724900E4187500,47.6237667,8.2255561,57,47,66,71,50,50
CRS3035RES100mN2725700E4190400,Raster CRS3035RES100mN2725700E4190400,47.6315833,8.2638615,56,53,52,73,50,50
CRS3035RES100mN2724600E4187300,Raster CRS3035RES100mN2724600E4187300,47.6210244,8.2229906,56,56,48,71,50,50
CRS3035RES100mN2726200E4191200,Raster CRS3035RES100mN2726200E4191200,47.6362503,8.2743464,56,68,35,71,50,50
CRS3035RES100mN2728700E4188700,Raster CRS3035RES100mN2728700E4188700,47.6582131,8.24034,56,31,73,81,50,50
CRS3035RES100mN2725900E4191200,Raster CRS3035RES100mN2725900E4191200,47.6335512,8.2744368,56,53,61,63,50,50
CRS3035RES100mN2725400E4193900,Raster CRS3035RES100mN2725400E4193900,47.6296132,8.3104807,56,62,43,70,50,50
CRS3035RES100mN2725900E4186400,Raster CRS3035RES100mN2725900E4186400,47.6325253,8.2106225,56,65,54,51,50,50
CRS3035RES100mN2724900E4186100,Raster CRS3035RES100mN2724900E4186100,47.623463,8.2069471,56,50,58,71,50,50
CRS3035RES100mN2722000E4180700,Raster CRS3035RES100mN2722000E4180700,47.5961713,8.1361144,56,36,80,66,50,50
CRS3035RES100mN2725600E4193900,Raster CRS3035RES100mN2725600E4193900,47.6314127,8.3104218,56,50,60,70,50,50
CRS3035RES100mN2725600E4191100,Raster CRS3035RES100mN2725600E4191100,47.630831,8.2731977,56,71,37,63,50,50
CRS3035RES100mN2724300E4184800,Raster CRS3035RES100mN2724300E4184800,47.61778,8.189857,56,53,49,77,50,50
CRS3035RES100mN2725700E4193300,Raster CRS3035RES100mN2725700E4193300,47.6321888,8.3024155,56,46,62,70,50,50
CRS3035RES100mN2729400E4198600,Raster CRS3035RES100mN2729400E4198600,47.6665506,8.3718268,56,68,30,80,50,50
CRS3035RES100mN2726200E4191700,Raster CRS3035RES100mN2726200E4191700,47.636355,8.2809942,56,39,69,71,50,50
CRS3035RES100mN2723300E4183100,Raster CRS3035RES100mN2723300E4183100,47.6084066,8.1675829,56,37,68,78,50,50
CRS3035RES100mN2724200E4187800,Raster CRS3035RES100mN2724200E4187800,47.6175334,8.2297599,56,46,60,71,50,50
CRS3035RES100mN2725500E4193800,Raster CRS3035RES100mN2725500E4193800,47.6304924,8.3091218,55,44,60,70,50,50
CRS3035RES100mN2723200E4192500,Raster CRS3035RES100mN2723200E4192500,47.60953,8.2925247,55,46,60,68,50,50
CRS3035RES100mN2725600E4186600,Raster CRS3035RES100mN2725600E4186600,47.6298697,8.2133749,55,64,54,51,50,50
CRS3035RES100mN2721700E4194300,Raster CRS3035RES100mN2721700E4194300,47.596405,8.3168848,55,56,56,58,50,50
CRS3035RES100mN2725500E4193200,Raster CRS3035RES100mN2725500E4193200,47.6303687,8.3011453,55,41,65,70,50,50
CRS3035RES100mN2726300E4191100,Raster CRS3035RES100mN2726300E4191100,47.637129,8.2729867,55,35,71,71,50,50
CRS3035RES100mN2728500E4198100,Raster CRS3035RES100mN2728500E4198100,47.6583538,8.365432,55,45,53,80,50,50
CRS3035RES100mN2725100E4193500,Raster CRS3035RES100mN2725100E4193500,47.6268317,8.3052519,55,32,75,70,50,50
CRS3035RES100mN2725700E4190600,Raster CRS3035RES100mN2725700E4190600,47.6316255,8.2665204,55,31,74,73,50,50
CRS3035RES100mN2726900E4189100,Raster CRS3035RES100mN2726900E4189100,47.642104,8.2462117,55,32,80,65,50,50
CRS3035RES100mN2724700E4186500,Raster CRS3035RES100mN2724700E4186500,47.6217507,8.2123263,55,37,67,71,50,50
CRS3035RES100mN2720900E4193400,Raster CRS3035RES100mN2720900E4193400,47.5890222,8.3051643,55,54,62,56,50,50
CRS3035RES100mN2724900E4195000,Raster CRS3035RES100mN2724900E4195000,47.6253396,8.3252503,55,40,70,63,50,50
CRS3035RES100mN2724500E4194900,Raster CRS3035RES100mN2724500E4194900,47.6217202,8.324038,54,37,69,64,50,50
CRS3035RES100mN2723200E4183300,Raster CRS3035RES100mN2723200E4183300,47.6075514,8.1702724,54,44,49,78,50,50
CRS3035RES100mN2728700E4188600,Raster CRS3035RES100mN2728700E4188600,47.6581916,8.2390099,54,28,67,81,50,50
CRS3035RES100mN2720800E4193200,Raster CRS3035RES100mN2720800E4193200,47.5880812,8.3025372,54,50,60,56,50,50
CRS3035RES100mN2723200E4187600,Raster CRS3035RES100mN2723200E4187600,47.6084932,8.227411,54,50,50,68,50,50
CRS3035RES100mN2724700E4187400,Raster CRS3035RES100mN2724700E4187400,47.6219457,8.2242888,54,56,41,71,50,50
CRS3035RES100mN2723600E4183400,Raster CRS3035RES100mN2723600E4183400,47.6111724,8.1714736,54,53,42,78,50,50
CRS3035RES100mN2726100E4192000,Raster CRS3035RES100mN2726100E4192000,47.6355179,8.2850129,54,32,70,74,50,50
CRS3035RES100mN2728300E4197800,Raster CRS3035RES100mN2728300E4197800,47.6564946,8.3614987,54,34,62,79,50,50
CRS3035RES100mN2725700E4191200,Raster CRS3035RES100mN2725700E4191200,47.6317517,8.274497,54,59,45,63,50,50
CRS3035RES100mN2727400E4183300,Raster CRS3035RES100mN2727400E4183300,47.6453381,8.1689311,54,47,58,65,50,50
CRS3035RES100mN2728900E4188800,Raster CRS3035RES100mN2728900E4188800,47.6600338,8.2416087,54,34,59,81,50,50
CRS3035RES100mN2725300E4193700,Raster CRS3035RES100mN2725300E4193700,47.6286724,8.3078515,54,36,68,70,50,50
CRS3035RES100mN2723600E4183600,Raster CRS3035RES100mN2723600E4183600,47.6112169,8.1741314,54,34,61,78,50,50
CRS3035RES100mN2722600E4181600,Raster CRS3035RES100mN2722600E4181600,47.6017727,8.147877,54,39,58,74,50,50
CRS3035RES100mN2725200E4193400,Raster CRS3035RES100mN2725200E4193400,47.6277108,8.3038929,54,37,65,70,50,50
CRS3035RES100mN2723200E4182700,Raster CRS3035RES100mN2723200E4182700,47.6074176,8.1622997,54,28,70,77,50,50
CRS3035RES100mN2723500E4183600,Raster CRS3035RES100mN2723500E4183600,47.6103172,8.1741632,54,32,66,78,50,50
CRS3035RES100mN2720800E4193500,Raster CRS3035RES100mN2720800E4193500,47.588143,8.3065221,54,56,56,56,50,50
CRS3035RES100mN2718900E4198600,Raster CRS3035RES100mN2718900E4198600,47.5720766,8.3748063,54,41,70,59,50,50
CRS3035RES100mN2721100E4180100,Raster CRS3035RES100mN2721100E4180100,47.5879379,8.1284371,54,47,55,66,50,50
CRS3035RES100mN2725400E4186700,Raster CRS3035RES100mN2725400E4186700,47.628092,8.2147666,54,56,60,51,50,50
CRS3035RES100mN2724600E4184900,Raster CRS3035RES100mN2724600E4184900,47.6205011,8.1910914,54,38,59,77,50,50
CRS3035RES100mN2726200E4191500,Raster CRS3035RES100mN2726200E4191500,47.6363132,8.2783351,54,32,69,71,50,50
CRS3035RES100mN2726100E4192500,Raster CRS3035RES100mN2726100E4192500,47.635622,8.2916606,54,34,66,74,50,50
CRS3035RES100mN2719000E4195200,Raster CRS3035RES100mN2719000E4195200,47.5722951,8.3296278,53,44,62,57,50,50
CRS3035RES100mN2724600E4185000,Raster CRS3035RES100mN2724600E4185000,47.6205231,8.1924205,53,32,60,78,50,50
CRS3035RES100mN2724000E4187900,Raster CRS3035RES100mN2724000E4187900,47.6157555,8.2311507,53,33,66,71,50,50
CRS3035RES100mN2722700E4181700,Raster CRS3035RES100mN2722700E4181700,47.6026949,8.1491734,53,33,62,74,50,50
CRS3035RES100mN2723400E4182700,Raster CRS3035RES100mN2723400E4182700,47.609217,8.1622356,53,44,48,77,50,50
CRS3035RES100mN2725300E4193600,Raster CRS3035RES100mN2725300E4193600,47.6286518,8.3065221,53,34,66,70,50,50
CRS3035RES100mN2725700E4193800,Raster CRS3035RES100mN2725700E4193800,47.6322918,8.3090628,53,39,58,70,50,50
CRS3035RES100mN2720600E4193600,Raster CRS3035RES100mN2720600E4193600,47.5863641,8.3079094,53,49,58,56,50,50
CRS3035RES100mN2725600E4193800,Raster CRS3035RES100mN2725600E4193800,47.6313921,8.3090923,53,34,64,70,50,50
CRS3035RES100mN2723400E4192400,Raster CRS3035RES100mN2723400E4192400,47.6113087,8.2911362,53,30,72,68,50,50
CRS3035RES100mN2725000E4187100,Raster CRS3035RES100mN2725000E4187100,47.6245799,8.2202081,53,47,47,72,50,50
CRS3035RES100mN2724700E4186900,Raster CRS3035RES100mN2724700E4186900,47.6218375,8.217643,53,44,52,71,50,50
CRS3035RES100mN2723100E4183300,Raster CRS3035RES100mN2723100E4183300,47.6066517,8.1703043,53,24,70,78,50,50
CRS3035RES100mN2728600E4198300,Raster CRS3035RES100mN2728600E4198300,47.6592932,8.3680638,53,27,65,80,50,50
CRS3035RES100mN2723200E4183100,Raster CRS3035RES100mN2723200E4183100,47.6075069,8.1676148,53,27,67,78,50,50
CRS3035RES100mN2726600E4192200,Raster CRS3035RES100mN2726600E4192200,47.6400582,8.2875225,53,26,71,74,50,50
CRS3035RES100mN2727100E4189100,Raster CRS3035RES100mN2727100E4189100,47.6439034,8.2461505,53,53,49,62,50,50
CRS3035RES100mN2725800E4190700,Raster CRS3035RES100mN2725800E4190700,47.6325463,8.2678196,53,40,57,73,50,50
CRS3035RES100mN2726200E4191400,Raster CRS3035RES100mN2726200E4191400,47.6362922,8.2770056,53,27,71,71,50,50
CRS3035RES100mN2721900E4180600,Raster CRS3035RES100mN2721900E4180600,47.5952489,8.1348184,53,53,47,66,50,50
CRS3035RES100mN2724800E4185100,Raster CRS3035RES100mN2724800E4185100,47.6223444,8.1936866,53,35,57,78,50,50
CRS3035RES100mN2725500E4190400,Raster CRS3035RES100mN2725500E4190400,47.6297839,8.2639221,53,39,57,73,50,50
CRS3035RES100mN2723800E4179100,Raster CRS3035RES100mN2723800E4179100,47.6120007,8.1142672,53,25,73,75,50,50
CRS3035RES100mN2723200E4192700,Raster CRS3035RES100mN2723200E4192700,47.6095715,8.2951824,53,28,73,68,50,50
CRS3035RES100mN2725700E4186500,Raster CRS3035RES100mN2725700E4186500,47.6307476,8.2120144,53,50,62,51,50,50
CRS3035RES100mN2727600E4183500,Raster CRS3035RES100mN2727600E4183500,47.647182,8.1715267,53,47,54,65,50,50
CRS3035RES100mN2724700E4184900,Raster CRS3035RES100mN2724700E4184900,47.6214008,8.1910598,53,35,57,77,50,50
CRS3035RES100mN2725500E4190600,Raster CRS3035RES100mN2725500E4190600,47.6298261,8.2665809,53,50,43,73,50,50
CRS3035RES100mN2721800E4180600,Raster CRS3035RES100mN2721800E4180600,47.5943493,8.1348509,53,44,57,66,50,50
CRS3035RES100mN2726000E4190900,Raster CRS3035RES100mN2726000E4190900,47.6343878,8.2704181,53,44,50,74,50,50
CRS3035RES100mN2725000E4185800,Raster CRS3035RES100mN2725000E4185800,47.6242972,8.2029281,53,38,69,61,50,50
CRS3035RES100mN2727500E4196800,Raster CRS3035RES100mN2727500E4196800,47.6490967,8.3484284,53,35,70,64,50,50
CRS3035RES100mN2722800E4181700,Raster CRS3035RES100mN2722800E4181700,47.6035946,8.1491411,53,34,62,74,50,50
CRS3035RES100mN2725000E4186300,Raster CRS3035RES100mN2725000E4186300,47.6244063,8.2095743,53,50,61,51,50,50
CRS3035RES100mN2726100E4192300,Raster CRS3035RES100mN2726100E4192300,47.6355804,8.2890015,53,26,70,74,50,50
CRS3035RES100mN2728900E4181500,Raster CRS3035RES100mN2728900E4181500,47.6584296,8.1445097,52,28,61,81,50,50
CRS3035RES100mN2726000E4191100,Raster CRS3035RES100mN2726000E4191100,47.6344299,8.2730772,52,27,68,71,50,50
CRS3035RES100mN2724900E4194900,Raster CRS3035RES100mN2724900E4194900,47.6253192,8.323921,52,38,63,64,50,50
CRS3035RES100mN2728400E4198300,Raster CRS3035RES100mN2728400E4198300,47.6574938,8.3681208,52,27,63,80,50,50
CRS3035RES100mN2722100E4180800,Raster CRS3035RES100mN2722100E4180800,47.5970936,8.1374104,52,28,71,66,50,50
CRS3035RES100mN2725800E4191400,Raster CRS3035RES100mN2725800E4191400,47.6326934,8.2771258,52,43,54,63,50,50
CRS3035RES100mN2728700E4188500,Raster CRS3035RES100mN2728700E4188500,47.6581702,8.2376797,52,28,60,81,50,50
CRS3035RES100mN2725900E4191400,Raster CRS3035RES100mN2725900E4191400,47.6335931,8.2770958,52,53,43,63,50,50
CRS3035RES100mN2724800E4185400,Raster CRS3035RES100mN2724800E4185400,47.6224103,8.1976741,52,31,58,78,50,50
CRS3035RES100mN2722000E4180900,Raster CRS3035RES100mN2722000E4180900,47.5962166,8.1387713,52,35,64,66,50,50
CRS3035RES100mN2723600E4183300,Raster CRS3035RES100mN2723600E4183300,47.6111502,8.1701447,52,29,62,78,50,50
CRS3035RES100mN2726300E4191800,Raster CRS3035RES100mN2726300E4191800,47.6372756,8.2822938,52,29,65,71,50,50
CRS3035RES100mN2725100E4193400,Raster CRS3035RES100mN2725100E4193400,47.6268111,8.3039225,52,36,58,70,50,50
CRS3035RES100mN2725500E4194100,Raster CRS3035RES100mN2725500E4194100,47.630554,8.3131101,52,62,31,68,50,50
CRS3035RES100mN2728800E4188500,Raster CRS3035RES100mN2728800E4188500,47.6590699,8.237649,52,27,60,81,50,50
CRS3035RES100mN2725900E4191700,Raster CRS3035RES100mN2725900E4191700,47.6336559,8.2810842,52,26,75,63,50,50
CRS3035RES100mN2723400E4192800,Raster CRS3035RES100mN2723400E4192800,47.6113917,8.2964519,52,26,74,68,50,50
CRS3035RES100mN2723300E4182700,Raster CRS3035RES100mN2723300E4182700,47.6083173,8.1622677,52,27,65,77,50,50
CRS3035RES100mN2727700E4180600,Raster CRS3035RES100mN2727700E4180600,47.64743,8.1329303,52,30,61,78,50,50
CRS3035RES100mN2725800E4193400,Raster CRS3035RES100mN2725800E4193400,47.6331092,8.3037154,52,31,65,70,50,50
CRS3035RES100mN2729300E4199000,Raster CRS3035RES100mN2729300E4199000,47.6657299,8.3771767,52,44,44,79,50,50
CRS3035RES100mN2723400E4183000,Raster CRS3035RES100mN2723400E4183000,47.609284,8.1662221,52,29,62,78,50,50
CRS3035RES100mN2724400E4184800,Raster CRS3035RES100mN2724400E4184800,47.6186797,8.1898254,52,35,54,77,50,50
CRS3035RES100mN2727400E4180800,Raster CRS3035RES100mN2727400E4180800,47.6447764,8.1356875,52,30,60,78,50,50
CRS3035RES100mN2728600E4198500,Raster CRS3035RES100mN2728600E4198500,47.6593329,8.3707241,52,44,40,80,50,50
CRS3035RES100mN2727000E4189100,Raster CRS3035RES100mN2727000E4189100,47.6430037,8.2461811,52,32,68,62,50,50
CRS3035RES100mN2724600E4185200,Raster CRS3035RES100mN2724600E4185200,47.620567,8.1950788,52,39,48,78,50,50
CRS3035RES100mN2725200E4193800,Raster CRS3035RES100mN2725200E4193800,47.6277932,8.3092103,52,25,72,70,50,50
CRS3035RES100mN2723500E4183100,Raster CRS3035RES100mN2723500E4183100,47.610206,8.1675189,52,27,65,78,50,50
CRS3035RES100mN2725400E4193400,Raster CRS3035RES100mN2725400E4193400,47.6295103,8.3038338,52,27,69,70,50,50
CRS3035RES100mN2722700E4181600,Raster CRS3035RES100mN2722700E4181600,47.6026724,8.1478447,52,26,69,74,50,50
CRS3035RES100mN2719100E4198600,Raster CRS3035RES100mN2719100E4198600,47.5738761,8.3747497,52,36,70,57,50,50
CRS3035RES100mN2722400E4181300,Raster CRS3035RES100mN2722400E4181300,47.5999057,8.1439558,52,27,66,74,50,50
CRS3035RES100mN2723600E4192900,Raster CRS3035RES100mN2723600E4192900,47.6132118,8.2977214,52,38,58,68,50,50
CRS3035RES100mN2728400E4198400,Raster CRS3035RES100mN2728400E4198400,47.6575136,8.3694509,52,32,54,80,50,50
CRS3035RES100mN2723200E4183400,Raster CRS3035RES100mN2723200E4183400,47.6075737,8.1716012,52,26,64,78,50,50
CRS3035RES100mN2726200E4191600,Raster CRS3035RES100mN2726200E4191600,47.6363341,8.2796647,52,36,57,71,50,50
CRS3035RES100mN2724700E4185100,Raster CRS3035RES100mN2724700E4185100,47.6214447,8.1937181,52,32,59,78,50,50
CRS3035RES100mN2725300E4193200,Raster CRS3035RES100mN2725300E4193200,47.6285693,8.3012046,52,50,40,70,50,50
CRS3035RES100mN2726100E4191200,Raster CRS3035RES100mN2726100E4191200,47.6353506,8.2743766,52,28,69,71,50,50
CRS3035RES100mN2726200E4190300,Raster CRS3035RES100mN2726200E4190300,47.6360608,8.2623805,52,27,65,74,50,50
CRS3035RES100mN2725300E4193900,Raster CRS3035RES100mN2725300E4193900,47.6287135,8.3105102,52,33,61,70,50,50
CRS3035RES100mN2723400E4183100,Raster CRS3035RES100mN2723400E4183100,47.6093063,8.1675509,52,34,56,78,50,50
CRS3035RES100mN2726200E4190400,Raster CRS3035RES100mN2726200E4190400,47.6360819,8.26371,51,29,61,74,50,50
CRS3035RES100mN2724200E4184600,Raster CRS3035RES100mN2724200E4184600,47.6168363,8.1872305,51,30,56,77,50,50
CRS3035RES100mN2725100E4193900,Raster CRS3035RES100mN2725100E4193900,47.626914,8.3105692,51,53,36,70,50,50
CRS3035RES100mN2724800E4185300,Raster CRS3035RES100mN2724800E4185300,47.6223883,8.196345,51,28,59,78,50,50
CRS3035RES100mN2726000E4190500,Raster CRS3035RES100mN2726000E4190500,47.6343036,8.2651001,51,39,47,74,50,50
CRS3035RES100mN2725200E4181700,Raster CRS3035RES100mN2725200E4181700,47.625187,8.1483662,51,30,57,78,50,50
CRS3035RES100mN2726000E4191400,Raster CRS3035RES100mN2726000E4191400,47.6344928,8.2770657,51,40,50,71,50,50
CRS3035RES100mN2724700E4185300,Raster CRS3035RES100mN2724700E4185300,47.6214886,8.1963764,51,35,51,78,50,50
CRS3035RES100mN2725600E4190500,Raster CRS3035RES100mN2725600E4190500,47.6307047,8.2652212,51,26,66,73,50,50
CRS3035RES100mN2726200E4192100,Raster CRS3035RES100mN2726200E4192100,47.6364385,8.2863125,51,27,61,74,50,50
CRS3035RES100mN2726800E4197300,Raster CRS3035RES100mN2726800E4197300,47.6428988,8.355279,51,44,55,59,50,50
CRS3035RES100mN2725000E4195000,Raster CRS3035RES100mN2725000E4195000,47.6262393,8.3252211,51,32,62,67,50,50
CRS3035RES100mN2723100E4183400,Raster CRS3035RES100mN2723100E4183400,47.606674,8.171633,51,25,60,78,50,50
CRS3035RES100mN2726200E4192500,Raster CRS3035RES100mN2726200E4192500,47.6365217,8.2916308,51,26,63,74,50,50
CRS3035RES100mN2723400E4183200,Raster CRS3035RES100mN2723400E4183200,47.6093285,8.1688797,51,25,61,78,50,50
CRS3035RES100mN2724400E4195100,Raster CRS3035RES100mN2724400E4195100,47.6208612,8.3267255,51,26,74,63,50,50
CRS3035RES100mN2725700E4193900,Raster CRS3035RES100mN2725700E4193900,47.6323124,8.3103923,51,32,58,70,50,50
CRS3035RES100mN2726900E4189600,Raster CRS3035RES100mN2726900E4189600,47.6422104,8.2528602,51,33,62,65,50,50
CRS3035RES100mN2725700E4192700,Raster CRS3035RES100mN2725700E4192700,47.6320647,8.2944387,51,27,68,65,50,50
CRS3035RES100mN2726300E4190900,Raster CRS3035RES100mN2726300E4190900,47.637087,8.2703276,51,29,59,74,50,50
CRS3035RES100mN2726800E4189200,Raster CRS3035RES100mN2726800E4189200,47.6412256,8.247572,51,28,68,65,50,50
CRS3035RES100mN2723400E4187600,Raster CRS3035RES100mN2723400E4187600,47.6102926,8.2273491,51,26,68,68,50,50
CRS3035RES100mN2724900E4187400,Raster CRS3035RES100mN2724900E4187400,47.6237451,8.2242268,51,39,49,71,50,50
CRS3035RES100mN2723100E4193100,Raster CRS3035RES100mN2723100E4193100,47.6087545,8.3005276,51,44,53,58,50,50
CRS3035RES100mN2728400E4198600,Raster CRS3035RES100mN2728400E4198600,47.6575532,8.3721112,51,27,56,80,50,50
CRS3035RES100mN2722800E4178100,Raster CRS3035RES100mN2722800E4178100,47.6027739,8.1013095,51,26,61,76,50,50
CRS3035RES100mN2725400E4193600,Raster CRS3035RES100mN2725400E4193600,47.6295515,8.3064925,51,27,67,70,50,50
CRS3035RES100mN2723700E4192900,Raster CRS3035RES100mN2723700E4192900,47.6141116,8.2976917,51,24,70,68,50,50
CRS3035RES100mN2724200E4178200,Raster CRS3035RES100mN2724200E4178200,47.6153924,8.1021749,51,27,62,75,50,50
CRS3035RES100mN2727000E4197500,Raster CRS3035RES100mN2727000E4197500,47.6447382,8.3578812,51,26,69,69,50,50
CRS3035RES100mN2721000E4179500,Raster CRS3035RES100mN2721000E4179500,47.5869014,8.1205003,51,12,87,66,50,50
CRS3035RES100mN2721100E4180300,Raster CRS3035RES100mN2721100E4180300,47.5879833,8.1310937,51,50,43,66,50,50
CRS3035RES100mN2724900E4186400,Raster CRS3035RES100mN2724900E4186400,47.6235283,8.2109347,51,50,38,71,50,50
CRS3035RES100mN2727300E4196200,Raster CRS3035RES100mN2727300E4196200,47.6471764,8.3405069,51,31,64,64,50,50
CRS3035RES100mN2725000E4195100,Raster CRS3035RES100mN2725000E4195100,47.6262597,8.3265504,51,33,59,67,50,50
CRS3035RES100mN2728800E4188600,Raster CRS3035RES100mN2728800E4188600,47.6590913,8.2389791,51,28,57,81,50,50
CRS3035RES100mN2721100E4179700,Raster CRS3035RES100mN2721100E4179700,47.5878467,8.1231241,51,22,75,66,50,50
CRS3035RES100mN2727300E4196300,Raster CRS3035RES100mN2727300E4196300,47.6471966,8.3418368,51,30,66,64,50,50
CRS3035RES100mN2725900E4193200,Raster CRS3035RES100mN2725900E4193200,47.6339676,8.3010267,51,27,66,70,50,50
CRS3035RES100mN2725500E4186700,Raster CRS3035RES100mN2725500E4186700,47.6289917,8.2147355,51,42,61,51,50,50
CRS3035RES100mN2723700E4179100,Raster CRS3035RES100mN2723700E4179100,47.6111011,8.1143,50,27,57,75,50,50
CRS3035RES100mN2721800E4195000,Raster CRS3035RES100mN2721800E4195000,47.5974476,8.3261555,50,32,68,53,50,50
CRS3035RES100mN2729100E4198400,Raster CRS3035RES100mN2729100E4198400,47.6638117,8.3692515,50,25,55,80,50,50
CRS3035RES100mN2731300E4193700,Raster CRS3035RES100mN2731300E4193700,47.6826553,8.3060775,50,27,62,72,50,50
CRS3035RES100mN2724900E4193500,Raster CRS3035RES100mN2724900E4193500,47.6250323,8.305311,50,32,60,63,50,50
CRS3035RES100mN2720900E4179100,Raster CRS3035RES100mN2720900E4179100,47.5859101,8.1152203,50,28,68,61,50,50
CRS3035RES100mN2721800E4194500,Raster CRS3035RES100mN2721800E4194500,47.5973456,8.3195126,50,31,67,58,50,50
CRS3035RES100mN2723100E4183100,Raster CRS3035RES100mN2723100E4183100,47.6066072,8.1676468,50,25,56,78,50,50
CRS3035RES100mN2721200E4180100,Raster CRS3035RES100mN2721200E4180100,47.5888376,8.1284045,50,28,63,66,50,50
CRS3035RES100mN2725100E4187000,Raster CRS3035RES100mN2725100E4187000,47.625458,8.2188478,50,35,49,72,50,50
CRS3035RES100mN2731000E4185700,Raster CRS3035RES100mN2731000E4185700,47.6782563,8.1997139,50,44,30,86,50,50
CRS3035RES100mN2727300E4196500,Raster CRS3035RES100mN2727300E4196500,47.6472369,8.3444965,50,47,43,64,50,50
CRS3035RES100mN2726300E4190800,Raster CRS3035RES100mN2726300E4190800,47.6370659,8.268998,50,31,52,74,50,50
CRS3035RES100mN2723700E4183600,Raster CRS3035RES100mN2723700E4183600,47.6121166,8.1740995,50,28,52,78,50,50
CRS3035RES100mN2723600E4183100,Raster CRS3035RES100mN2723600E4183100,47.6111057,8.167487,50,26,56,78,50,50
CRS3035RES100mN2724900E4187700,Raster CRS3035RES100mN2724900E4187700,47.6238098,8.2282145,50,38,47,71,50,50
CRS3035RES100mN2724300E4178100,Raster CRS3035RES100mN2724300E4178100,47.6162689,8.1008128,50,44,36,75,50,50
CRS3035RES100mN2724900E4195200,Raster CRS3035RES100mN2724900E4195200,47.6253803,8.3279089,50,29,64,63,50,50
CRS3035RES100mN2730500E4190400,Raster CRS3035RES100mN2730500E4190400,47.6747691,8.2624057,50,24,60,77,50,50
CRS3035RES100mN2726200E4190800,Raster CRS3035RES100mN2726200E4190800,47.6361662,8.2690282,50,26,59,74,50,50
CRS3035RES100mN2725100E4186400,Raster CRS3035RES100mN2725100E4186400,47.6253277,8.2108723,50,39,64,51,50,50
CRS3035RES100mN2728700E4182000,Raster CRS3035RES100mN2728700E4182000,47.6567429,8.1512247,50,28,50,83,50,50
CRS3035RES100mN2723500E4192900,Raster CRS3035RES100mN2723500E4192900,47.6123121,8.2977511,50,26,66,68,50,50
CRS3035RES100mN2726700E4189000,Raster CRS3035RES100mN2726700E4189000,47.6402832,8.2449433,50,27,66,65,50,50
CRS3035RES100mN2727200E4196500,Raster CRS3035RES100mN2727200E4196500,47.6463372,8.3445254,50,26,66,64,50,50
CRS3035RES100mN2721800E4180200,Raster CRS3035RES100mN2721800E4180200,47.5942584,8.1295372,50,27,64,66,50,50
CRS3035RES100mN2724900E4186000,Raster CRS3035RES100mN2724900E4186000,47.6234412,8.2056179,50,47,35,71,50,50
CRS3035RES100mN2726200E4192300,Raster CRS3035RES100mN2726200E4192300,47.6364802,8.2889716,50,27,60,74,50,50
CRS3035RES100mN2725300E4180600,Raster CRS3035RES100mN2725300E4180600,47.625838,8.1337122,50,27,61,70,50,50
CRS3035RES100mN2724400E4187700,Raster CRS3035RES100mN2724400E4187700,47.6193113,8.228369,50,34,52,71,50,50
CRS3035RES100mN2721700E4194700,Raster CRS3035RES100mN2721700E4194700,47.5964867,8.322199,50,27,71,58,50,50
CRS3035RES100mN2724200E4195200,Raster CRS3035RES100mN2724200E4195200,47.6190821,8.3281131,50,29,66,63,50,50
CRS3035RES100mN2727400E4196700,Raster CRS3035RES100mN2727400E4196700,47.6481769,8.3471274,50,27,66,64,50,50
CRS3035RES100mN2725000E4195300,Raster CRS3035RES100mN2725000E4195300,47.6263003,8.329209,50,33,55,67,50,50
CRS3035RES100mN2724500E4195000,Raster CRS3035RES100mN2724500E4195000,47.6217406,8.3253672,50,28,64,63,50,50
CRS3035RES100mN2724700E4184500,Raster CRS3035RES100mN2724700E4184500,47.6213127,8.1857433,50,14,71,77,50,50
CRS3035RES100mN2719100E4195300,Raster CRS3035RES100mN2719100E4195300,47.5732152,8.3309267,50,30,68,57,50,50
CRS3035RES100mN2719000E4198700,Raster CRS3035RES100mN2719000E4198700,47.5729961,8.3761059,50,27,70,57,50,50
CRS3035RES100mN2726000E4191700,Raster CRS3035RES100mN2726000E4191700,47.6345556,8.2810542,50,27,62,71,50,50
CRS3035RES100mN2725700E4191100,Raster CRS3035RES100mN2725700E4191100,47.6317307,8.2731676,50,30,63,63,50,50
CRS3035RES100mN2726200E4191800,Raster CRS3035RES100mN2726200E4191800,47.6363759,8.2823238,50,24,63,71,50,50
CRS3035RES100mN2726200E4191300,Raster CRS3035RES100mN2726200E4191300,47.6362713,8.275676,50,50,35,71,50,50
CRS3035RES100mN2725200E4193700,Raster CRS3035RES100mN2725200E4193700,47.6277726,8.307881,50,24,65,70,50,50
CRS3035RES100mN2723500E4187600,Raster CRS3035RES100mN2723500E4187600,47.6111923,8.2273182,50,24,65,68,50,50
CRS3035RES100mN2721700E4180200,Raster CRS3035RES100mN2721700E4180200,47.5933587,8.1295698,50,27,63,66,50,50
CRS3035RES100mN2724100E4187800,Raster CRS3035RES100mN2724100E4187800,47.6166337,8.2297908,50,19,72,71,50,50
CRS3035RES100mN2725000E4193600,Raster CRS3035RES100mN2725000E4193600,47.6259526,8.3066107,50,27,62,70,50,50
CRS3035RES100mN2720800E4193300,Raster CRS3035RES100mN2720800E4193300,47.5881018,8.3038655,50,28,71,56,50,50
CRS3035RES100mN2725500E4193700,Raster CRS3035RES100mN2725500E4193700,47.6304718,8.3077924,50,29,58,70,50,50
CRS3035RES100mN2725600E4193300,Raster CRS3035RES100mN2725600E4193300,47.6312891,8.3024451,50,26,63,70,50,50
CRS3035RES100mN2722100E4180900,Raster CRS3035RES100mN2722100E4180900,47.5971163,8.1387389,50,30,60,66,50,50
CRS3035RES100mN2725100E4193700,Raster CRS3035RES100mN2725100E4193700,47.6268729,8.3079105,50,26,62,70,50,50
CRS3035RES100mN2726900E4189200,Raster CRS3035RES100mN2726900E4189200,47.6421253,8.2475414,50,26,65,65,50,50
CRS3035RES100mN2728400E4197800,Raster CRS3035RES100mN2728400E4197800,47.6573943,8.3614701,50,30,49,79,50,50
CRS3035RES100mN2720600E4193400,Raster CRS3035RES100mN2720600E4193400,47.5863229,8.3052529,50,30,68,56,50,50
CRS3035RES100mN2722700E4183500,Raster CRS3035RES100mN2722700E4183500,47.6030974,8.1730892,50,44,35,77,50,50
CRS3035RES100mN2725900E4191500,Raster CRS3035RES100mN2725900E4191500,47.633614,8.2784253,50,47,44,63,50,50
CRS3035RES100mN2723400E4193000,Raster CRS3035RES100mN2723400E4193000,47.6114331,8.2991097,50,43,51,58,50,50
CRS3035RES100mN2725100E4186800,Raster CRS3035RES100mN2725100E4186800,47.6254146,8.2161893,50,44,57,51,50,50
CRS3035RES100mN2723400E4192500,Raster CRS3035RES100mN2723400E4192500,47.6113294,8.2924651,49,35,51,68,50,50
CRS3035RES100mN2719300E4198900,Raster CRS3035RES100mN2719300E4198900,47.5757349,8.3786771,49,47,44,57,50,50
CRS3035RES100mN2725800E4193300,Raster CRS3035RES100mN2725800E4193300,47.6330885,8.3023859,49,27,59,70,50,50
CRS3035RES100mN2724500E4194700,Raster CRS3035RES100mN2724500E4194700,47.6216795,8.3213796,49,26,65,64,50,50
CRS3035RES100mN2722900E4193200,Raster CRS3035RES100mN2722900E4193200,47.6069757,8.3019156,49,24,65,66,50,50
CRS3035RES100mN2726100E4190300,Raster CRS3035RES100mN2726100E4190300,47.6351611,8.2624108,49,16,69,74,50,50
CRS3035RES100mN2727300E4196600,Raster CRS3035RES100mN2727300E4196600,47.647257,8.3458264,49,24,66,64,50,50
CRS3035RES100mN2725300E4193500,Raster CRS3035RES100mN2725300E4193500,47.6286312,8.3051927,49,27,59,70,50,50
CRS3035RES100mN2724400E4188000,Raster CRS3035RES100mN2724400E4188000,47.6193758,8.2323564,49,15,71,69,50,50
CRS3035RES100mN2724200E4187700,Raster CRS3035RES100mN2724200E4187700,47.6175118,8.2284308,49,11,75,71,50,50
CRS3035RES100mN2724700E4178300,Raster CRS3035RES100mN2724700E4178300,47.6199138,8.1033385,49,26,53,75,50,50
CRS3035RES100mN2723900E4187800,Raster CRS3035RES100mN2723900E4187800,47.6148343,8.2298525,49,27,61,68,50,50
CRS3035RES100mN2725300E4193800,Raster CRS3035RES100mN2725300E4193800,47.6286929,8.3091808,49,24,62,70,50,50
CRS3035RES100mN2723800E4192800,Raster CRS3035RES100mN2723800E4192800,47.6149906,8.296333,49,28,59,68,50,50
CRS3035RES100mN2727700E4189000,Raster CRS3035RES100mN2727700E4189000,47.6492802,8.2446369,49,28,63,62,50,50
CRS3035RES100mN2727600E4180300,Raster CRS3035RES100mN2727600E4180300,47.6464621,8.1289736,49,27,53,78,50,50
CRS3035RES100mN2726500E4192300,Raster CRS3035RES100mN2726500E4192300,47.6391793,8.288882,49,44,33,74,50,50
CRS3035RES100mN2728600E4188900,Raster CRS3035RES100mN2728600E4188900,47.6573561,8.2430309,49,27,49,81,50,50
CRS3035RES100mN2726300E4191300,Raster CRS3035RES100mN2726300E4191300,47.637171,8.2756459,49,37,46,71,50,50
CRS3035RES100mN2724500E4195100,Raster CRS3035RES100mN2724500E4195100,47.621761,8.3266964,49,26,63,63,50,50
CRS3035RES100mN2726100E4192400,Raster CRS3035RES100mN2726100E4192400,47.6356012,8.290331,49,26,55,74,50,50
CRS3035RES100mN2728400E4197700,Raster CRS3035RES100mN2728400E4197700,47.6573744,8.36014,49,30,48,79,50,50
CRS3035RES100mN2727400E4196800,Raster CRS3035RES100mN2727400E4196800,47.648197,8.3484573,49,35,51,64,50,50
CRS3035RES100mN2725500E4193600,Raster CRS3035RES100mN2725500E4193600,47.6304512,8.306463,49,28,56,70,50,50
CRS3035RES100mN2725100E4193600,Raster CRS3035RES100mN2725100E4193600,47.6268523,8.3065812,49,24,63,70,50,50
CRS3035RES100mN2723200E4182900,Raster CRS3035RES100mN2723200E4182900,47.6074623,8.1649573,49,24,54,77,50,50
CRS3035RES100mN2721600E4194500,Raster CRS3035RES100mN2721600E4194500,47.5955461,8.3195712,49,32,63,58,50,50
CRS3035RES100mN2723100E4183200,Raster CRS3035RES100mN2723100E4183200,47.6066295,8.1689755,49,24,56,78,50,50
CRS3035RES100mN2723200E4192800,Raster CRS3035RES100mN2723200E4192800,47.6095922,8.2965113,49,26,60,68,50,50
CRS3035RES100mN2732400E4181700,Raster CRS3035RES100mN2732400E4181700,47.6899626,8.1460365,49,27,45,84,50,50
CRS3035RES100mN2727400E4180700,Raster CRS3035RES100mN2727400E4180700,47.6447537,8.1343578,49,28,50,78,50,50
CRS3035RES100mN2726200E4190700,Raster CRS3035RES100mN2726200E4190700,47.6361452,8.2676987,49,36,43,74,50,50
CRS3035RES100mN2721600E4180300,Raster CRS3035RES100mN2721600E4180300,47.5924818,8.1309308,49,44,40,66,50,50
CRS3035RES100mN2727600E4196900,Raster CRS3035RES100mN2727600E4196900,47.6500165,8.3497295,49,27,63,64,50,50
CRS3035RES100mN2721100E4179600,Raster CRS3035RES100mN2721100E4179600,47.5878239,8.1217958,49,18,70,66,50,50
CRS3035RES100mN2725000E4194600,Raster CRS3035RES100mN2725000E4194600,47.6261577,8.3199038,49,25,60,68,50,50
CRS3035RES100mN2726100E4191500,Raster CRS3035RES100mN2726100E4191500,47.6354135,8.2783652,49,34,49,71,50,50
CRS3035RES100mN2726700E4188800,Raster CRS3035RES100mN2726700E4188800,47.6402405,8.242284,49,45,55,48,50,50
CRS3035RES100mN2728700E4187400,Raster CRS3035RES100mN2728700E4187400,47.6579335,8.2230486,49,27,71,55,50,50
CRS3035RES100mN2725700E4190900,Raster CRS3035RES100mN2725700E4190900,47.6316887,8.2705087,49,12,73,73,50,50
CRS3035RES100mN2725700E4193600,Raster CRS3035RES100mN2725700E4193600,47.6322507,8.3064039,49,37,46,70,50,50
CRS3035RES100mN2726200E4190500,Raster CRS3035RES100mN2726200E4190500,47.636103,8.2650396,49,25,57,74,50,50
CRS3035RES100mN2725000E4194700,Raster CRS3035RES100mN2725000E4194700,47.6261781,8.3212331,49,24,61,68,50,50
CRS3035RES100mN2725700E4190500,Raster CRS3035RES100mN2725700E4190500,47.6316044,8.2651909,49,9,75,73,50,50
CRS3035RES100mN2725000E4194900,Raster CRS3035RES100mN2725000E4194900,47.6262189,8.3238918,49,27,60,68,50,50
CRS3035RES100mN2724800E4194800,Raster CRS3035RES100mN2724800E4194800,47.6243991,8.322621,49,26,62,64,50,50
CRS3035RES100mN2725900E4190500,Raster CRS3035RES100mN2725900E4190500,47.6334039,8.2651304,49,37,44,73,50,50
CRS3035RES100mN2724800E4187100,Raster CRS3035RES100mN2724800E4187100,47.6227805,8.2202702,49,47,32,71,50,50
CRS3035RES100mN2721600E4194800,Raster CRS3035RES100mN2721600E4194800,47.5956074,8.3235568,49,27,69,58,50,50
CRS3035RES100mN2725900E4191600,Raster CRS3035RES100mN2725900E4191600,47.633635,8.2797547,49,31,59,63,50,50
CRS3035RES100mN2725000E4186000,Raster CRS3035RES100mN2725000E4186000,47.6243409,8.2055866,48,39,56,51,50,50
CRS3035RES100mN2726000E4190300,Raster CRS3035RES100mN2726000E4190300,47.6342614,8.2624411,48,24,52,74,50,50
CRS3035RES100mN2726300E4192300,Raster CRS3035RES100mN2726300E4192300,47.6373799,8.2889418,48,34,44,74,50,50
CRS3035RES100mN2726000E4191800,Raster CRS3035RES100mN2726000E4191800,47.6345765,8.2823838,48,44,33,71,50,50
CRS3035RES100mN2727500E4180800,Raster CRS3035RES100mN2727500E4180800,47.645676,8.135655,48,27,49,78,50,50
CRS3035RES100mN2721700E4180400,Raster CRS3035RES100mN2721700E4180400,47.5934042,8.1322266,48,31,50,66,50,50
CRS3035RES100mN2728300E4198000,Raster CRS3035RES100mN2728300E4198000,47.6565344,8.3641589,48,13,62,80,50,50
CRS3035RES100mN2726700E4197300,Raster CRS3035RES100mN2726700E4197300,47.641999,8.3553077,48,30,60,59,50,50
CRS3035RES100mN2725800E4193100,Raster CRS3035RES100mN2725800E4193100,47.6330472,8.2997269,48,13,71,70,50,50
CRS3035RES100mN2723400E4192600,Raster CRS3035RES100mN2723400E4192600,47.6113502,8.293794,48,27,57,68,50,50
CRS3035RES100mN2720700E4193200,Raster CRS3035RES100mN2720700E4193200,47.5871814,8.3025667,48,26,65,56,50,50
CRS3035RES100mN2721700E4180100,Raster CRS3035RES100mN2721700E4180100,47.593336,8.1282414,48,27,55,66,50,50
CRS3035RES100mN2721100E4180200,Raster CRS3035RES100mN2721100E4180200,47.5879606,8.1297654,48,28,55,66,50,50
CRS3035RES100mN2725100E4185700,Raster CRS3035RES100mN2725100E4185700,47.625175,8.2015675,48,25,62,61,50,50
CRS3035RES100mN2728500E4188800,Raster CRS3035RES100mN2728500E4188800,47.6564351,8.2417315,48,13,63,81,50,50
CRS3035RES100mN2725800E4193600,Raster CRS3035RES100mN2725800E4193600,47.6331504,8.3063743,48,26,54,70,50,50
CRS3035RES100mN2726900E4197600,Raster CRS3035RES100mN2726900E4197600,47.6438584,8.3592396,48,26,62,59,50,50
CRS3035RES100mN2720700E4193300,Raster CRS3035RES100mN2720700E4193300,47.5872021,8.303895,48,35,56,56,50,50
CRS3035RES100mN2730800E4182000,Raster CRS3035RES100mN2730800E4182000,47.6756358,8.1505464,48,28,41,86,50,50
CRS3035RES100mN2724000E4188000,Raster CRS3035RES100mN2724000E4188000,47.615777,8.2324797,48,26,57,69,50,50
CRS3035RES100mN2725000E4186500,Raster CRS3035RES100mN2725000E4186500,47.6244498,8.2122327,48,47,44,51,50,50
CRS3035RES100mN2730200E4178400,Raster CRS3035RES100mN2730200E4178400,47.6694177,8.1028469,48,44,23,81,50,50
CRS3035RES100mN2730700E4199000,Raster CRS3035RES100mN2730700E4199000,47.6783261,8.3767797,48,27,62,62,50,50
CRS3035RES100mN2724700E4180400,Raster CRS3035RES100mN2724700E4180400,47.6203945,8.1312493,48,28,49,73,50,50
CRS3035RES100mN2726200E4190200,Raster CRS3035RES100mN2726200E4190200,47.6360396,8.2610509,48,26,53,74,50,50
CRS3035RES100mN2727300E4196400,Raster CRS3035RES100mN2727300E4196400,47.6472168,8.3431666,48,24,63,64,50,50
CRS3035RES100mN2730000E4199200,Raster CRS3035RES100mN2730000E4199200,47.6720675,8.3796392,48,27,59,62,50,50
CRS3035RES100mN2726400E4191300,Raster CRS3035RES100mN2726400E4191300,47.6380707,8.2756158,48,47,28,71,50,50
CRS3035RES100mN2723600E4183700,Raster CRS3035RES100mN2723600E4183700,47.6112391,8.1754602,48,28,47,78,50,50
CRS3035RES100mN2725300E4193400,Raster CRS3035RES100mN2725300E4193400,47.6286105,8.3038634,48,27,52,70,50,50
CRS3035RES100mN2727500E4183400,Raster CRS3035RES100mN2727500E4183400,47.64626,8.1702289,48,34,48,65,50,50
CRS3035RES100mN2726300E4197300,Raster CRS3035RES100mN2726300E4197300,47.6384001,8.3554225,48,27,61,59,50,50
CRS3035RES100mN2724700E4184600,Raster CRS3035RES100mN2724700E4184600,47.6213347,8.1870724,48,26,51,77,50,50
CRS3035RES100mN2721100E4180000,Raster CRS3035RES100mN2721100E4180000,47.5879151,8.1271089,48,25,61,66,50,50
CRS3035RES100mN2726600E4191800,Raster CRS3035RES100mN2726600E4191800,47.6399748,8.2822039,48,27,53,71,50,50
CRS3035RES100mN2724000E4190700,Raster CRS3035RES100mN2724000E4190700,47.6163514,8.2683635,48,26,57,69,50,50
CRS3035RES100mN2727400E4196400,Raster CRS3035RES100mN2727400E4196400,47.6481165,8.3431377,48,29,55,64,50,50
CRS3035RES100mN2725700E4193100,Raster CRS3035RES100mN2725700E4193100,47.6321475,8.2997566,48,30,51,70,50,50
CRS3035RES100mN2727100E4189500,Raster CRS3035RES100mN2727100E4189500,47.6439885,8.2514695,48,29,56,62,50,50
CRS3035RES100mN2726500E4197100,Raster CRS3035RES100mN2726500E4197100,47.6401595,8.3527058,48,26,65,59,50,50
CRS3035RES100mN2726400E4184000,Raster CRS3035RES100mN2726400E4184000,47.6364968,8.1785573,48,44,48,50,50,50
CRS3035RES100mN2725400E4190100,Raster CRS3035RES100mN2725400E4190100,47.6288208,8.2599643,48,53,22,73,50,50
CRS3035RES100mN2726600E4197200,Raster CRS3035RES100mN2726600E4197200,47.6410793,8.3540067,48,32,58,59,50,50
CRS3035RES100mN2726200E4191000,Raster CRS3035RES100mN2726200E4191000,47.6362083,8.2716873,48,27,52,71,50,50
CRS3035RES100mN2725100E4195000,Raster CRS3035RES100mN2725100E4195000,47.627139,8.3251918,48,26,57,67,50,50
CRS3035RES100mN2725400E4186800,Raster CRS3035RES100mN2725400E4186800,47.6281137,8.2160959,48,41,50,51,50,50
CRS3035RES100mN2724300E4188100,Raster CRS3035RES100mN2724300E4188100,47.6184976,8.2337163,48,18,64,69,50,50
CRS3035RES100mN2728800E4188900,Raster CRS3035RES100mN2728800E4188900,47.6591555,8.2429695,48,27,43,81,50,50
CRS3035RES100mN2726000E4193900,Raster CRS3035RES100mN2726000E4193900,47.6350116,8.3103038,48,10,72,70,50,50
CRS3035RES100mN2723400E4192300,Raster CRS3035RES100mN2723400E4192300,47.6112879,8.2898073,48,24,58,68,50,50
CRS3035RES100mN2728500E4198300,Raster CRS3035RES100mN2728500E4198300,47.6583935,8.3680923,48,8,67,80,50,50
CRS3035RES100mN2722200E4180600,Raster CRS3035RES100mN2722200E4180600,47.597948,8.1347209,48,27,58,66,50,50
CRS3035RES100mN2721800E4194400,Raster CRS3035RES100mN2721800E4194400,47.5973252,8.318184,48,26,66,58,50,50
CRS3035RES100mN2726300E4191900,Raster CRS3035RES100mN2726300E4191900,47.6372965,8.2836234,47,10,68,71,50,50
CRS3035RES100mN2727300E4180100,Raster CRS3035RES100mN2727300E4180100,47.6437176,8.1264121,47,36,31,78,50,50
CRS3035RES100mN2722200E4196600,Raster CRS3035RES100mN2722200E4196600,47.6013702,8.3472975,47,28,61,52,50,50
CRS3035RES100mN2727800E4180400,Raster CRS3035RES100mN2727800E4180400,47.6482842,8.130238,47,8,66,78,50,50
CRS3035RES100mN2722400E4181200,Raster CRS3035RES100mN2722400E4181200,47.5998832,8.1426273,47,27,48,74,50,50
CRS3035RES100mN2724800E4185500,Raster CRS3035RES100mN2724800E4185500,47.6224322,8.1990033,47,26,44,78,50,50
CRS3035RES100mN2721600E4180100,Raster CRS3035RES100mN2721600E4180100,47.5924363,8.128274,47,44,32,66,50,50
CRS3035RES100mN2724500E4187300,Raster CRS3035RES100mN2724500E4187300,47.6201247,8.2230216,47,29,46,71,50,50
CRS3035RES100mN2723700E4183700,Raster CRS3035RES100mN2723700E4183700,47.6121388,8.1754284,47,25,47,78,50,50
CRS3035RES100mN2725900E4193700,Raster CRS3035RES100mN2725900E4193700,47.6340707,8.3076743,47,13,68,70,50,50
CRS3035RES100mN2724400E4184700,Raster CRS3035RES100mN2724400E4184700,47.6186577,8.1884963,47,36,35,77,50,50
CRS3035RES100mN2724800E4184400,Raster CRS3035RES100mN2724800E4184400,47.6221903,8.1843824,47,44,23,77,50,50
CRS3035RES100mN2723800E4179000,Raster CRS3035RES100mN2723800E4179000,47.6119778,8.1129383,47,26,45,75,50,50
CRS3035RES100mN2722000E4180600,Raster CRS3035RES100mN2722000E4180600,47.5961486,8.1347859,47,26,54,66,50,50
CRS3035RES100mN2724700E4186600,Raster CRS3035RES100mN2724700E4186600,47.6217724,8.2136555,47,27,47,71,50,50
CRS3035RES100mN2728000E4197900,Raster CRS3035RES100mN2728000E4197900,47.6538153,8.3629146,47,11,63,79,50,50
CRS3035RES100mN2725500E4190300,Raster CRS3035RES100mN2725500E4190300,47.6297628,8.2625927,47,44,27,73,50,50
CRS3035RES100mN2724900E4195300,Raster CRS3035RES100mN2724900E4195300,47.6254006,8.3292382,47,27,57,63,50,50
CRS3035RES100mN2724500E4185100,Raster CRS3035RES100mN2724500E4185100,47.6196454,8.1937811,47,25,45,78,50,50
CRS3035RES100mN2720900E4178500,Raster CRS3035RES100mN2720900E4178500,47.5857723,8.107251,47,27,58,60,50,50
CRS3035RES100mN2726500E4197200,Raster CRS3035RES100mN2726500E4197200,47.6401796,8.3540354,47,26,60,59,50,50
CRS3035RES100mN2728400E4197900,Raster CRS3035RES100mN2728400E4197900,47.6574143,8.3628002,47,13,59,79,50,50
CRS3035RES100mN2720700E4193400,Raster CRS3035RES100mN2720700E4193400,47.5872227,8.3052233,47,30,56,56,50,50
CRS3035RES100mN2731000E4182200,Raster CRS3035RES100mN2731000E4182200,47.67748,8.1531429,47,10,58,86,50,50
CRS3035RES100mN2725400E4181700,Raster CRS3035RES100mN2725400E4181700,47.6269863,8.1483016,47,26,45,78,50,50
CRS3035RES100mN2723700E4187600,Raster CRS3035RES100mN2723700E4187600,47.6129918,8.2272564,47,47,29,68,50,50
CRS3035RES100mN2725900E4193600,Raster CRS3035RES100mN2725900E4193600,47.6340501,8.3063448,47,11,69,70,50,50
CRS3035RES100mN2729000E4188800,Raster CRS3035RES100mN2729000E4188800,47.6609335,8.241578,47,27,57,60,50,50
CRS3035RES100mN2726200E4192400,Raster CRS3035RES100mN2726200E4192400,47.636501,8.2903012,47,11,66,74,50,50
CRS3035RES100mN2726300E4191000,Raster CRS3035RES100mN2726300E4191000,47.637108,8.2716572,47,11,68,71,50,50
CRS3035RES100mN2723200E4182600,Raster CRS3035RES100mN2723200E4182600,47.6073953,8.1609709,47,6,70,77,50,50
CRS3035RES100mN2726700E4192200,Raster CRS3035RES100mN2726700E4192200,47.6409579,8.2874926,47,14,62,74,50,50
CRS3035RES100mN2724100E4195100,Raster CRS3035RES100mN2724100E4195100,47.618162,8.3268131,47,24,60,63,50,50
CRS3035RES100mN2729200E4198600,Raster CRS3035RES100mN2729200E4198600,47.6647511,8.3718837,47,9,63,80,50,50
CRS3035RES100mN2730500E4190300,Raster CRS3035RES100mN2730500E4190300,47.6747479,8.2610752,47,24,48,77,50,50
CRS3035RES100mN2724800E4194700,Raster CRS3035RES100mN2724800E4194700,47.6243787,8.3212917,47,27,54,64,50,50
CRS3035RES100mN2729000E4188700,Raster CRS3035RES100mN2729000E4188700,47.6609121,8.2402478,47,26,59,60,50,50
CRS3035RES100mN2727800E4196800,Raster CRS3035RES100mN2727800E4196800,47.6517959,8.3483419,47,28,55,64,50,50
CRS3035RES100mN2724200E4195100,Raster CRS3035RES100mN2724200E4195100,47.6190618,8.3267839,47,26,57,63,50,50
CRS3035RES100mN2725700E4193400,Raster CRS3035RES100mN2725700E4193400,47.6322095,8.303745,47,12,69,70,50,50
CRS3035RES100mN2722800E4193100,Raster CRS3035RES100mN2722800E4193100,47.6060553,8.3006165,47,28,50,66,50,50
CRS3035RES100mN2723000E4193100,Raster CRS3035RES100mN2723000E4193100,47.6078548,8.3005572,47,31,53,58,50,50
CRS3035RES100mN2721900E4194500,Raster CRS3035RES100mN2721900E4194500,47.5982454,8.3194833,47,26,62,58,50,50
CRS3035RES100mN2724400E4187300,Raster CRS3035RES100mN2724400E4187300,47.619225,8.2230526,47,32,44,71,50,50
CRS3035RES100mN2726300E4192000,Raster CRS3035RES100mN2726300E4192000,47.6373174,8.284953,47,25,50,74,50,50
CRS3035RES100mN2724100E4187900,Raster CRS3035RES100mN2724100E4187900,47.6166552,8.2311198,47,11,68,71,50,50
CRS3035RES100mN2725200E4190600,Raster CRS3035RES100mN2725200E4190600,47.627127,8.2666716,47,26,50,73,50,50
CRS3035RES100mN2721000E4193100,Raster CRS3035RES100mN2721000E4193100,47.58986,8.3011496,47,25,63,57,50,50
CRS3035RES100mN2726700E4192100,Raster CRS3035RES100mN2726700E4192100,47.6409371,8.2861629,46,6,68,74,50,50
CRS3035RES100mN2728800E4198000,Raster CRS3035RES100mN2728800E4198000,47.6610331,8.3640161,46,7,62,80,50,50
CRS3035RES100mN2723200E4182500,Raster CRS3035RES100mN2723200E4182500,47.6073729,8.1596421,46,9,62,77,50,50
CRS3035RES100mN2720600E4193500,Raster CRS3035RES100mN2720600E4193500,47.5863435,8.3065812,46,24,59,56,50,50
CRS3035RES100mN2723500E4183000,Raster CRS3035RES100mN2723500E4183000,47.6101837,8.1661901,46,7,65,78,50,50
CRS3035RES100mN2722100E4180700,Raster CRS3035RES100mN2722100E4180700,47.597071,8.1360819,46,15,63,66,50,50
CRS3035RES100mN2724800E4195400,Raster CRS3035RES100mN2724800E4195400,47.6245212,8.3305966,46,10,71,63,50,50
CRS3035RES100mN2725800E4192800,Raster CRS3035RES100mN2725800E4192800,47.6329851,8.2957385,46,26,52,65,50,50
CRS3035RES100mN2724200E4194900,Raster CRS3035RES100mN2724200E4194900,47.619021,8.3241257,46,27,52,64,50,50
CRS3035RES100mN2726200E4192000,Raster CRS3035RES100mN2726200E4192000,47.6364177,8.2849829,46,12,61,74,50,50
CRS3035RES100mN2726500E4192100,Raster CRS3035RES100mN2726500E4192100,47.6391377,8.2862228,46,37,31,74,50,50
CRS3035RES100mN2723600E4193000,Raster CRS3035RES100mN2723600E4193000,47.6132325,8.2990504,46,27,57,58,50,50
CRS3035RES100mN2725800E4191100,Raster CRS3035RES100mN2725800E4191100,47.6326304,8.2731374,46,44,31,63,50,50
CRS3035RES100mN2721900E4195100,Raster CRS3035RES100mN2721900E4195100,47.5983677,8.3274549,46,27,61,53,50,50
CRS3035RES100mN2728600E4198200,Raster CRS3035RES100mN2728600E4198200,47.6592734,8.3667336,46,2,69,80,50,50
CRS3035RES100mN2725800E4186400,Raster CRS3035RES100mN2725800E4186400,47.6316256,8.2106538,46,35,51,51,50,50
CRS3035RES100mN2724100E4187700,Raster CRS3035RES100mN2724100E4187700,47.6166121,8.2284617,46,7,67,71,50,50
CRS3035RES100mN2728800E4188700,Raster CRS3035RES100mN2728800E4188700,47.6591127,8.2403092,46,4,63,81,50,50
CRS3035RES100mN2726200E4192600,Raster CRS3035RES100mN2726200E4192600,47.6365425,8.2929603,46,12,60,74,50,50
CRS3035RES100mN2727800E4185900,Raster CRS3035RES100mN2727800E4185900,47.6495104,8.2033796,46,44,40,49,50,50
CRS3035RES100mN2725800E4193500,Raster CRS3035RES100mN2725800E4193500,47.6331298,8.3050448,46,5,70,70,50,50
CRS3035RES100mN2727900E4196900,Raster CRS3035RES100mN2727900E4196900,47.6527157,8.3496431,46,24,53,64,50,50
CRS3035RES100mN2725500E4193300,Raster CRS3035RES100mN2725500E4193300,47.6303894,8.3024747,46,7,71,70,50,50
CRS3035RES100mN2728400E4198500,Raster CRS3035RES100mN2728400E4198500,47.6575334,8.370781,46,9,61,80,50,50
CRS3035RES100mN2726000E4193700,Raster CRS3035RES100mN2726000E4193700,47.6349704,8.3076448,46,9,66,70,50,50
CRS3035RES100mN2723300E4192500,Raster CRS3035RES100mN2723300E4192500,47.6104297,8.2924949,46,12,64,68,50,50
CRS3035RES100mN2731000E4182300,Raster CRS3035RES100mN2731000E4182300,47.6775025,8.1544735,46,8,55,86,50,50
CRS3035RES100mN2725200E4193900,Raster CRS3035RES100mN2725200E4193900,47.6278137,8.3105397,46,7,68,70,50,50
CRS3035RES100mN2721300E4180000,Raster CRS3035RES100mN2721300E4180000,47.5897145,8.1270436,46,11,69,66,50,50
CRS3035RES100mN2727900E4196800,Raster CRS3035RES100mN2727900E4196800,47.6526956,8.3483131,46,26,50,64,50,50
CRS3035RES100mN2721100E4179500,Raster CRS3035RES100mN2721100E4179500,47.587801,8.1204676,46,15,62,66,50,50
CRS3035RES100mN2726800E4192200,Raster CRS3035RES100mN2726800E4192200,47.6418576,8.2874627,46,13,61,74,50,50
CRS3035RES100mN2725800E4193800,Raster CRS3035RES100mN2725800E4193800,47.6331916,8.3090333,46,14,60,70,50,50
CRS3035RES100mN2728700E4188900,Raster CRS3035RES100mN2728700E4188900,47.6582558,8.2430002,46,12,55,81,50,50
CRS3035RES100mN2728100E4198000,Raster CRS3035RES100mN2728100E4198000,47.654735,8.3642161,46,8,62,80,50,50
CRS3035RES100mN2723000E4183200,Raster CRS3035RES100mN2723000E4183200,47.6057298,8.1690074,46,11,60,78,50,50
CRS3035RES100mN2726500E4191800,Raster CRS3035RES100mN2726500E4191800,47.6390751,8.2822339,46,26,44,71,50,50
CRS3035RES100mN2725100E4181600,Raster CRS3035RES100mN2725100E4181600,47.6242648,8.1470693,46,7,65,78,50,50
CRS3035RES100mN2731100E4182300,Raster CRS3035RES100mN2731100E4182300,47.6784021,8.1544413,46,3,61,86,50,50
CRS3035RES100mN2725100E4186900,Raster CRS3035RES100mN2725100E4186900,47.6254363,8.2175186,46,32,55,51,50,50
CRS3035RES100mN2721700E4194800,Raster CRS3035RES100mN2721700E4194800,47.5965071,8.3235275,46,9,78,58,50,50
CRS3035RES100mN2723300E4182600,Raster CRS3035RES100mN2723300E4182600,47.608295,8.1609389,46,10,59,77,50,50
CRS3035RES100mN2725900E4190800,Raster CRS3035RES100mN2725900E4190800,47.6334671,8.2691188,46,3,71,73,50,50
CRS3035RES100mN2723400E4183400,Raster CRS3035RES100mN2723400E4183400,47.609373,8.1715374,46,2,68,78,50,50
CRS3035RES100mN2723400E4187700,Raster CRS3035RES100mN2723400E4187700,47.6103142,8.228678,46,10,67,68,50,50
CRS3035RES100mN2724600E4184800,Raster CRS3035RES100mN2724600E4184800,47.6204791,8.1897623,46,27,42,77,50,50
CRS3035RES100mN2727300E4197600,Raster CRS3035RES100mN2727300E4197600,47.6474574,8.359125,46,44,28,69,50,50
CRS3035RES100mN2724600E4187400,Raster CRS3035RES100mN2724600E4187400,47.621046,8.2243198,46,47,22,71,50,50
CRS3035RES100mN2723700E4183500,Raster CRS3035RES100mN2723700E4183500,47.6120943,8.1727706,46,27,41,78,50,50
CRS3035RES100mN2722500E4196600,Raster CRS3035RES100mN2722500E4196600,47.6040694,8.3472111,46,26,61,52,50,50
CRS3035RES100mN2726400E4197000,Raster CRS3035RES100mN2726400E4197000,47.6392397,8.3514048,46,27,53,59,50,50
CRS3035RES100mN2730700E4182900,Raster CRS3035RES100mN2730700E4182900,47.6749379,8.1625533,46,26,34,86,50,50
CRS3035RES100mN2726000E4190700,Raster CRS3035RES100mN2726000E4190700,47.6343457,8.2677591,46,7,65,74,50,50
CRS3035RES100mN2722900E4181400,Raster CRS3035RES100mN2722900E4181400,47.6044267,8.1451227,46,26,45,74,50,50
CRS3035RES100mN2725900E4193900,Raster CRS3035RES100mN2725900E4193900,47.6341118,8.3103333,46,11,65,70,50,50
CRS3035RES100mN2723600E4187600,Raster CRS3035RES100mN2723600E4187600,47.612092,8.2272873,46,34,38,68,50,50
CRS3035RES100mN2725900E4193500,Raster CRS3035RES100mN2725900E4193500,47.6340295,8.3050153,46,13,63,70,50,50
CRS3035RES100mN2725300E4193300,Raster CRS3035RES100mN2725300E4193300,47.6285899,8.302534,46,7,69,70,50,50
CRS3035RES100mN2725200E4181600,Raster CRS3035RES100mN2725200E4181600,47.6251644,8.1470369,46,27,40,78,50,50
CRS3035RES100mN2719200E4195200,Raster CRS3035RES100mN2719200E4195200,47.5740947,8.3295696,46,25,60,57,50,50
CRS3035RES100mN2722800E4181600,Raster CRS3035RES100mN2722800E4181600,47.6035721,8.1478124,46,11,63,74,50,50
CRS3035RES100mN2721700E4194600,Raster CRS3035RES100mN2721700E4194600,47.5964663,8.3208704,46,28,56,58,50,50
CRS3035RES100mN2723400E4192900,Raster CRS3035RES100mN2723400E4192900,47.6114124,8.2977808,46,6,73,68,50,50
CRS3035RES100mN2721000E4178700,Raster CRS3035RES100mN2721000E4178700,47.586718,8.1098745,46,32,48,62,50,50
CRS3035RES100mN2725600E4191300,Raster CRS3035RES100mN2725600E4191300,47.630873,8.2758565,46,44,32,63,50,50
CRS3035RES100mN2725900E4193100,Raster CRS3035RES100mN2725900E4193100,47.6339469,8.2996972,46,9,67,70,50,50
CRS3035RES100mN2724900E4194800,Raster CRS3035RES100mN2724900E4194800,47.6252988,8.3225917,46,26,52,64,50,50
CRS3035RES100mN2731000E4182000,Raster CRS3035RES100mN2731000E4182000,47.6774351,8.1504818,46,11,54,86,50,50
CRS3035RES100mN2727800E4197000,Raster CRS3035RES100mN2727800E4197000,47.651836,8.3510019,46,10,67,69,50,50
CRS3035RES100mN2728100E4193700,Raster CRS3035RES100mN2728100E4193700,47.6538646,8.3070242,46,26,44,76,50,50
CRS3035RES100mN2728000E4180400,Raster CRS3035RES100mN2728000E4180400,47.6500835,8.1301728,46,8,57,83,50,50
CRS3035RES100mN2728800E4198100,Raster CRS3035RES100mN2728800E4198100,47.661053,8.3653463,46,5,63,80,50,50
CRS3035RES100mN2726600E4197100,Raster CRS3035RES100mN2726600E4197100,47.6410593,8.352677,46,25,57,59,50,50
CRS3035RES100mN2725500E4186800,Raster CRS3035RES100mN2725500E4186800,47.6290134,8.2160648,46,26,60,51,50,50
CRS3035RES100mN2728800E4198200,Raster CRS3035RES100mN2728800E4198200,47.6610729,8.3666765,46,34,29,80,50,50
CRS3035RES100mN2725100E4181500,Raster CRS3035RES100mN2725100E4181500,47.6242422,8.1457401,46,30,35,78,50,50
CRS3035RES100mN2728500E4197700,Raster CRS3035RES100mN2728500E4197700,47.6582741,8.3601113,46,27,37,79,50,50
CRS3035RES100mN2725800E4190800,Raster CRS3035RES100mN2725800E4190800,47.6325674,8.2691491,46,27,45,73,50,50
CRS3035RES100mN2724000E4190600,Raster CRS3035RES100mN2724000E4190600,47.6163303,8.2670344,45,8,65,69,50,50
CRS3035RES100mN2724800E4195200,Raster CRS3035RES100mN2724800E4195200,47.6244805,8.327938,45,44,27,63,50,50
CRS3035RES100mN2722000E4194400,Raster CRS3035RES100mN2722000E4194400,47.5991247,8.3181254,45,24,55,59,50,50
CRS3035RES100mN2728200E4197900,Raster CRS3035RES100mN2728200E4197900,47.6556148,8.3628574,45,9,55,79,50,50
CRS3035RES100mN2725300E4181700,Raster CRS3035RES100mN2725300E4181700,47.6260866,8.1483339,45,7,60,78,50,50
CRS3035RES100mN2725000E4194500,Raster CRS3035RES100mN2725000E4194500,47.6261373,8.3185745,45,28,42,68,50,50
CRS3035RES100mN2730700E4182200,Raster CRS3035RES100mN2730700E4182200,47.6747811,8.1532398,45,7,53,86,50,50
CRS3035RES100mN2726600E4192300,Raster CRS3035RES100mN2726600E4192300,47.640079,8.2888522,45,11,58,74,50,50
CRS3035RES100mN2725000E4185900,Raster CRS3035RES100mN2725000E4185900,47.624319,8.2042574,45,26,51,61,50,50
CRS3035RES100mN2725200E4180600,Raster CRS3035RES100mN2725200E4180600,47.6249383,8.1337447,45,9,63,70,50,50
CRS3035RES100mN2723000E4183100,Raster CRS3035RES100mN2723000E4183100,47.6057075,8.1676787,45,10,57,78,50,50
CRS3035RES100mN2725200E4194700,Raster CRS3035RES100mN2725200E4194700,47.6279776,8.3211745,45,9,63,68,50,50
CRS3035RES100mN2729000E4181600,Raster CRS3035RES100mN2729000E4181600,47.6593518,8.1458074,45,6,58,83,50,50
CRS3035RES100mN2723300E4182800,Raster CRS3035RES100mN2723300E4182800,47.6083397,8.1635965,45,7,61,77,50,50
CRS3035RES100mN2730500E4183800,Raster CRS3035RES100mN2730500E4183800,47.673339,8.1745918,45,6,54,85,50,50
CRS3035RES100mN2725900E4194000,Raster CRS3035RES100mN2725900E4194000,47.6341324,8.3116628,45,10,62,68,50,50
CRS3035RES100mN2721100E4193400,Raster CRS3035RES100mN2721100E4193400,47.5908217,8.3051052,45,27,51,57,50,50
CRS3035RES100mN2723500E4192600,Raster CRS3035RES100mN2723500E4192600,47.6122499,8.2937643,45,7,69,68,50,50
CRS3035RES100mN2725700E4186800,Raster CRS3035RES100mN2725700E4186800,47.6308128,8.2160026,45,44,38,51,50,50
CRS3035RES100mN2721300E4179800,Raster CRS3035RES100mN2721300E4179800,47.5896689,8.124387,45,25,49,66,50,50
CRS3035RES100mN2725500E4186600,Raster CRS3035RES100mN2725500E4186600,47.62897,8.2134061,45,50,28,51,50,50
CRS3035RES100mN2719300E4198800,Raster CRS3035RES100mN2719300E4198800,47.5757152,8.3773491,45,28,52,57,50,50
CRS3035RES100mN2721000E4179400,Raster CRS3035RES100mN2721000E4179400,47.5868785,8.1191721,45,9,68,66,50,50
CRS3035RES100mN2731300E4194100,Raster CRS3035RES100mN2731300E4194100,47.6827376,8.3114006,45,44,19,75,50,50
CRS3035RES100mN2725000E4186200,Raster CRS3035RES100mN2725000E4186200,47.6243845,8.208245,45,30,55,51,50,50
CRS3035RES100mN2719100E4195200,Raster CRS3035RES100mN2719100E4195200,47.5731949,8.3295987,45,25,54,57,50,50
CRS3035RES100mN2726400E4197300,Raster CRS3035RES100mN2726400E4197300,47.6392998,8.3553938,45,28,51,59,50,50
CRS3035RES100mN2726100E4191900,Raster CRS3035RES100mN2726100E4191900,47.6354971,8.2836833,45,2,70,71,50,50
CRS3035RES100mN2727400E4196300,Raster CRS3035RES100mN2727400E4196300,47.6480963,8.3418078,45,13,62,64,50,50
CRS3035RES100mN2726100E4190500,Raster CRS3035RES100mN2726100E4190500,47.6352033,8.2650698,45,8,63,74,50,50
CRS3035RES100mN2724500E4188000,Raster CRS3035RES100mN2724500E4188000,47.6202755,8.2323255,45,9,63,69,50,50
CRS3035RES100mN2725900E4193800,Raster CRS3035RES100mN2725900E4193800,47.6340913,8.3090038,45,9,63,70,50,50
CRS3035RES100mN2726000E4193400,Raster CRS3035RES100mN2726000E4193400,47.6349086,8.3036562,45,9,64,70,50,50
CRS3035RES100mN2723300E4182500,Raster CRS3035RES100mN2723300E4182500,47.6082726,8.1596101,45,11,56,77,50,50
CRS3035RES100mN2726700E4188900,Raster CRS3035RES100mN2726700E4188900,47.6402619,8.2436136,45,26,60,48,50,50
CRS3035RES100mN2726800E4192400,Raster CRS3035RES100mN2726800E4192400,47.6418993,8.2901221,45,12,55,74,50,50
CRS3035RES100mN2727900E4180200,Raster CRS3035RES100mN2727900E4180200,47.6491383,8.1275457,45,9,57,78,50,50
CRS3035RES100mN2725000E4194800,Raster CRS3035RES100mN2725000E4194800,47.6261985,8.3225624,45,5,68,68,50,50
CRS3035RES100mN2723700E4183300,Raster CRS3035RES100mN2723700E4183300,47.6120499,8.1701128,45,9,56,78,50,50
CRS3035RES100mN2725600E4193600,Raster CRS3035RES100mN2725600E4193600,47.6313509,8.3064334,45,9,62,70,50,50
CRS3035RES100mN2728800E4188800,Raster CRS3035RES100mN2728800E4188800,47.6591341,8.2416394,45,7,55,81,50,50
CRS3035RES100mN2723600E4183200,Raster CRS3035RES100mN2723600E4183200,47.6111279,8.1688159,45,2,67,78,50,50
CRS3035RES100mN2726400E4197100,Raster CRS3035RES100mN2726400E4197100,47.6392598,8.3527345,45,27,52,59,50,50
CRS3035RES100mN2721200E4179900,Raster CRS3035RES100mN2721200E4179900,47.588792,8.1257479,45,7,67,66,50,50
CRS3035RES100mN2730600E4190400,Raster CRS3035RES100mN2730600E4190400,47.6756688,8.2623754,45,6,61,77,50,50
CRS3035RES100mN2723000E4182800,Raster CRS3035RES100mN2723000E4182800,47.6056406,8.1636925,45,8,59,77,50,50
CRS3035RES100mN2721200E4178600,Raster CRS3035RES100mN2721200E4178600,47.5884944,8.1084804,45,27,47,62,50,50
CRS3035RES100mN2726400E4197200,Raster CRS3035RES100mN2726400E4197200,47.6392798,8.3540642,45,28,49,59,50,50
CRS3035RES100mN2728800E4181700,Raster CRS3035RES100mN2728800E4181700,47.6575751,8.1472023,45,7,56,81,50,50
CRS3035RES100mN2729200E4198500,Raster CRS3035RES100mN2729200E4198500,47.6647313,8.3705534,45,3,64,80,50,50
CRS3035RES100mN2727700E4197100,Raster CRS3035RES100mN2727700E4197100,47.6509563,8.3523606,45,30,38,69,50,50
CRS3035RES100mN2721700E4194900,Raster CRS3035RES100mN2721700E4194900,47.5965275,8.3248561,45,6,76,58,50,50
CRS3035RES100mN2730900E4182100,Raster CRS3035RES100mN2730900E4182100,47.6765579,8.1518447,45,5,56,86,50,50
CRS3035RES100mN2724400E4195000,Raster CRS3035RES100mN2724400E4195000,47.6208409,8.3253964,45,14,61,63,50,50
CRS3035RES100mN2725700E4191500,Raster CRS3035RES100mN2725700E4191500,47.6318146,8.2784853,45,44,26,63,50,50
CRS3035RES100mN2721200E4180000,Raster CRS3035RES100mN2721200E4180000,47.5888148,8.1270762,45,11,64,66,50,50
CRS3035RES100mN2728700E4188800,Raster CRS3035RES100mN2728700E4188800,47.6582344,8.2416701,45,9,56,81,50,50
CRS3035RES100mN2723400E4182900,Raster CRS3035RES100mN2723400E4182900,47.6092617,8.1648933,45,6,61,77,50,50
CRS3035RES100mN2725700E4186600,Raster CRS3035RES100mN2725700E4186600,47.6307694,8.2133438,45,24,61,51,50,50
CRS3035RES100mN2724100E4178800,Raster CRS3035RES100mN2724100E4178800,47.6146309,8.1101817,45,10,57,75,50,50
CRS3035RES100mN2725200E4194000,Raster CRS3035RES100mN2725200E4194000,47.6278343,8.311869,45,7,67,68,50,50
CRS3035RES100mN2731000E4182100,Raster CRS3035RES100mN2731000E4182100,47.6774575,8.1518124,45,5,54,86,50,50
CRS3035RES100mN2719200E4198800,Raster CRS3035RES100mN2719200E4198800,47.5748154,8.3773774,45,14,69,57,50,50
CRS3035RES100mN2721100E4179800,Raster CRS3035RES100mN2721100E4179800,47.5878695,8.1244524,45,10,66,66,50,50
CRS3035RES100mN2726100E4191000,Raster CRS3035RES100mN2726100E4191000,47.6353086,8.2717175,45,47,15,71,50,50
CRS3035RES100mN2726800E4192100,Raster CRS3035RES100mN2726800E4192100,47.6418368,8.286133,45,10,58,74,50,50
CRS3035RES100mN2728900E4198100,Raster CRS3035RES100mN2728900E4198100,47.6619527,8.3653178,45,9,55,80,50,50
CRS3035RES100mN2725600E4190600,Raster CRS3035RES100mN2725600E4190600,47.6307258,8.2665506,45,6,66,73,50,50
CRS3035RES100mN2730700E4199100,Raster CRS3035RES100mN2730700E4199100,47.6783459,8.3781103,45,11,66,62,50,50
CRS3035RES100mN2726000E4192000,Raster CRS3035RES100mN2726000E4192000,47.6346182,8.2850428,45,7,62,74,50,50
CRS3035RES100mN2725100E4195100,Raster CRS3035RES100mN2725100E4195100,47.6271594,8.3265212,45,13,60,67,50,50
CRS3035RES100mN2724700E4186400,Raster CRS3035RES100mN2724700E4186400,47.6217289,8.2109971,45,28,39,71,50,50
CRS3035RES100mN2728300E4197900,Raster CRS3035RES100mN2728300E4197900,47.6565145,8.3628288,44,7,56,79,50,50
CRS3035RES100mN2727900E4180400,Raster CRS3035RES100mN2727900E4180400,47.6491838,8.1302054,44,7,55,78,50,50
CRS3035RES100mN2726300E4184000,Raster CRS3035RES100mN2726300E4184000,47.6355971,8.1785891,44,27,55,50,50,50
CRS3035RES100mN2728600E4188800,Raster CRS3035RES100mN2728600E4188800,47.6573348,8.2417008,44,11,50,81,50,50
CRS3035RES100mN2726900E4197700,Raster CRS3035RES100mN2726900E4197700,47.6438784,8.3605694,44,44,28,59,50,50
CRS3035RES100mN2725000E4187600,Raster CRS3035RES100mN2725000E4187600,47.6246879,8.2268543,44,2,65,72,50,50
CRS3035RES100mN2724700E4184800,Raster CRS3035RES100mN2724700E4184800,47.6213788,8.1897307,44,27,30,77,50,50
CRS3035RES100mN2725400E4187000,Raster CRS3035RES100mN2725400E4187000,47.6281571,8.2187546,44,7,62,72,50,50
CRS3035RES100mN2722700E4178000,Raster CRS3035RES100mN2722700E4178000,47.6018512,8.100014,44,3,60,76,50,50
CRS3035RES100mN2728900E4181400,Raster CRS3035RES100mN2728900E4181400,47.658407,8.1431797,44,10,51,81,50,50
CRS3035RES100mN2724300E4195100,Raster CRS3035RES100mN2724300E4195100,47.6199615,8.3267547,44,5,68,63,50,50
CRS3035RES100mN2728000E4197800,Raster CRS3035RES100mN2728000E4197800,47.6537954,8.3615846,44,5,58,79,50,50
CRS3035RES100mN2725700E4193200,Raster CRS3035RES100mN2725700E4193200,47.6321682,8.301086,44,4,65,70,50,50
CRS3035RES100mN2726200E4190900,Raster CRS3035RES100mN2726200E4190900,47.6361873,8.2703578,44,7,58,74,50,50
CRS3035RES100mN2723500E4192400,Raster CRS3035RES100mN2723500E4192400,47.6122084,8.2911064,44,11,57,68,50,50
CRS3035RES100mN2726200E4192200,Raster CRS3035RES100mN2726200E4192200,47.6364593,8.2876421,44,10,56,74,50,50
CRS3035RES100mN2727400E4196600,Raster CRS3035RES100mN2727400E4196600,47.6481568,8.3457975,44,12,59,64,50,50
CRS3035RES100mN2726100E4190200,Raster CRS3035RES100mN2726100E4190200,47.6351399,8.2610813,44,7,60,74,50,50
CRS3035RES100mN2724000E4190500,Raster CRS3035RES100mN2724000E4190500,47.6163093,8.2657054,44,11,57,69,50,50
CRS3035RES100mN2731200E4182100,Raster CRS3035RES100mN2731200E4182100,47.6792569,8.1517478,44,4,53,86,50,50
CRS3035RES100mN2728000E4180300,Raster CRS3035RES100mN2728000E4180300,47.6500607,8.1288429,44,6,51,83,50,50
CRS3035RES100mN2729500E4199200,Raster CRS3035RES100mN2729500E4199200,47.6675688,8.3797808,44,2,62,79,50,50
CRS3035RES100mN2723300E4183500,Raster CRS3035RES100mN2723300E4183500,47.6084956,8.1728981,44,3,59,78,50,50
CRS3035RES100mN2727900E4197000,Raster CRS3035RES100mN2727900E4197000,47.6527358,8.3509731,44,8,61,69,50,50
CRS3035RES100mN2727500E4196500,Raster CRS3035RES100mN2727500E4196500,47.6490364,8.3444387,44,27,44,64,50,50
CRS3035RES100mN2728500E4188900,Raster CRS3035RES100mN2728500E4188900,47.6564564,8.2430616,44,5,56,81,50,50
CRS3035RES100mN2724100E4178900,Raster CRS3035RES100mN2724100E4178900,47.6146538,8.1115106,44,2,62,75,50,50
CRS3035RES100mN2728200E4197800,Raster CRS3035RES100mN2728200E4197800,47.6555949,8.3615273,44,4,58,79,50,50
CRS3035RES100mN2726000E4193600,Raster CRS3035RES100mN2726000E4193600,47.6349498,8.3063152,44,7,63,70,50,50
CRS3035RES100mN2723500E4192800,Raster CRS3035RES100mN2723500E4192800,47.6122914,8.2964222,44,7,65,68,50,50
CRS3035RES100mN2723000E4182900,Raster CRS3035RES100mN2723000E4182900,47.6056629,8.1650212,44,9,54,77,50,50
CRS3035RES100mN2728000E4198000,Raster CRS3035RES100mN2728000E4198000,47.6538352,8.3642446,44,5,58,80,50,50
CRS3035RES100mN2725800E4191700,Raster CRS3035RES100mN2725800E4191700,47.6327562,8.2811142,44,8,65,63,50,50
CRS3035RES100mN2725100E4185600,Raster CRS3035RES100mN2725100E4185600,47.6251531,8.2002383,44,47,19,61,50,50
CRS3035RES100mN2727900E4198000,Raster CRS3035RES100mN2727900E4198000,47.6529355,8.3642732,44,4,56,80,50,50
CRS3035RES100mN2727800E4180300,Raster CRS3035RES100mN2727800E4180300,47.6482614,8.1289082,44,7,56,78,50,50
CRS3035RES100mN2723400E4182800,Raster CRS3035RES100mN2723400E4182800,47.6092394,8.1635644,44,7,57,77,50,50
CRS3035RES100mN2723800E4179200,Raster CRS3035RES100mN2723800E4179200,47.6120237,8.115596,44,9,55,75,50,50
CRS3035RES100mN2723000E4192800,Raster CRS3035RES100mN2723000E4192800,47.6077927,8.2965707,44,7,65,68,50,50
CRS3035RES100mN2729000E4198200,Raster CRS3035RES100mN2729000E4198200,47.6628723,8.3666195,44,6,56,80,50,50
CRS3035RES100mN2726900E4189000,Raster CRS3035RES100mN2726900E4189000,47.6420826,8.244882,44,7,65,65,50,50
CRS3035RES100mN2722300E4181200,Raster CRS3035RES100mN2722300E4181200,47.5989835,8.1426596,44,7,59,74,50,50
CRS3035RES100mN2724000E4179000,Raster CRS3035RES100mN2724000E4179000,47.6137771,8.1128725,44,7,59,74,50,50
CRS3035RES100mN2727700E4185800,Raster CRS3035RES100mN2727700E4185800,47.6485888,8.2020811,44,34,44,49,50,50
CRS3035RES100mN2721000E4178600,Raster CRS3035RES100mN2721000E4178600,47.586695,8.1085463,44,44,24,62,50,50
CRS3035RES100mN2726700E4191900,Raster CRS3035RES100mN2726700E4191900,47.6408954,8.2835036,44,25,40,71,50,50
CRS3035RES100mN2730900E4182000,Raster CRS3035RES100mN2730900E4182000,47.6765354,8.1505141,44,4,51,86,50,50
CRS3035RES100mN2728300E4197700,Raster CRS3035RES100mN2728300E4197700,47.6564747,8.3601686,44,6,54,79,50,50
CRS3035RES100mN2728600E4187400,Raster CRS3035RES100mN2728600E4187400,47.6570338,8.2230796,44,30,48,55,50,50
CRS3035RES100mN2725000E4187800,Raster CRS3035RES100mN2725000E4187800,47.624731,8.2295128,44,7,60,72,50,50
CRS3035RES100mN2724200E4187600,Raster CRS3035RES100mN2724200E4187600,47.6174903,8.2271018,44,6,60,71,50,50
CRS3035RES100mN2727700E4180500,Raster CRS3035RES100mN2727700E4180500,47.6474072,8.1316005,44,8,54,78,50,50
CRS3035RES100mN2727700E4185900,Raster CRS3035RES100mN2727700E4185900,47.6486107,8.203411,44,27,55,49,50,50
CRS3035RES100mN2728200E4198000,Raster CRS3035RES100mN2728200E4198000,47.6556347,8.3641875,44,5,56,80,50,50
CRS3035RES100mN2721800E4194700,Raster CRS3035RES100mN2721800E4194700,47.5973865,8.3221697,44,30,45,58,50,50
CRS3035RES100mN2726000E4190600,Raster CRS3035RES100mN2726000E4190600,47.6343247,8.2664296,44,2,63,74,50,50
CRS3035RES100mN2722300E4181300,Raster CRS3035RES100mN2722300E4181300,47.599006,8.1439882,44,8,59,74,50,50
CRS3035RES100mN2724100E4188000,Raster CRS3035RES100mN2724100E4188000,47.6166767,8.2324489,44,9,60,69,50,50
CRS3035RES100mN2725900E4190600,Raster CRS3035RES100mN2725900E4190600,47.633425,8.2664599,44,9,57,73,50,50
CRS3035RES100mN2725300E4186900,Raster CRS3035RES100mN2725300E4186900,47.6272357,8.2174564,44,25,55,51,50,50
CRS3035RES100mN2723700E4183400,Raster CRS3035RES100mN2723700E4183400,47.6120721,8.1714417,44,7,56,78,50,50
CRS3035RES100mN2728700E4197900,Raster CRS3035RES100mN2728700E4197900,47.6601135,8.3627145,44,3,60,79,50,50
CRS3035RES100mN2728300E4198100,Raster CRS3035RES100mN2728300E4198100,47.6565543,8.365489,44,7,52,80,50,50
CRS3035RES100mN2723800E4183400,Raster CRS3035RES100mN2723800E4183400,47.6129718,8.1714098,44,5,56,78,50,50
CRS3035RES100mN2728600E4188600,Raster CRS3035RES100mN2728600E4188600,47.657292,8.2390406,44,2,60,81,50,50
CRS3035RES100mN2725200E4193500,Raster CRS3035RES100mN2725200E4193500,47.6277314,8.3052223,44,9,60,70,50,50
CRS3035RES100mN2731300E4193600,Raster CRS3035RES100mN2731300E4193600,47.6826347,8.3047468,44,7,59,72,50,50
CRS3035RES100mN2724000E4187800,Raster CRS3035RES100mN2724000E4187800,47.615734,8.2298217,44,5,65,71,50,50
CRS3035RES100mN2727800E4196900,Raster CRS3035RES100mN2727800E4196900,47.651816,8.3496719,44,8,64,64,50,50
CRS3035RES100mN2726000E4194000,Raster CRS3035RES100mN2726000E4194000,47.6350321,8.3116334,44,7,62,70,50,50
CRS3035RES100mN2723900E4178900,Raster CRS3035RES100mN2723900E4178900,47.6128545,8.1115765,44,27,52,54,50,50
CRS3035RES100mN2726100E4193900,Raster CRS3035RES100mN2726100E4193900,47.6359113,8.3102743,44,11,56,70,50,50
CRS3035RES100mN2727000E4188700,Raster CRS3035RES100mN2727000E4188700,47.6429182,8.2408622,44,26,56,47,50,50
CRS3035RES100mN2730500E4182700,Raster CRS3035RES100mN2730500E4182700,47.6730938,8.1599566,44,4,53,86,50,50
CRS3035RES100mN2724700E4188100,Raster CRS3035RES100mN2724700E4188100,47.6220964,8.233593,44,11,59,69,50,50
CRS3035RES100mN2726300E4191500,Raster CRS3035RES100mN2726300E4191500,47.6372129,8.2783051,44,44,16,71,50,50
CRS3035RES100mN2725600E4193500,Raster CRS3035RES100mN2725600E4193500,47.6313303,8.305104,44,10,58,70,50,50
CRS3035RES100mN2725200E4180500,Raster CRS3035RES100mN2725200E4180500,47.6249156,8.1324155,44,5,62,70,50,50
CRS3035RES100mN2723100E4182500,Raster CRS3035RES100mN2723100E4182500,47.6064732,8.1596742,44,6,56,77,50,50
CRS3035RES100mN2725600E4193700,Raster CRS3035RES100mN2725600E4193700,47.6313715,8.3077629,44,9,59,70,50,50
CRS3035RES100mN2728100E4197900,Raster CRS3035RES100mN2728100E4197900,47.6547151,8.362886,44,5,58,79,50,50
CRS3035RES100mN2725200E4194600,Raster CRS3035RES100mN2725200E4194600,47.6279572,8.3198452,44,8,62,68,50,50
CRS3035RES100mN2728200E4198100,Raster CRS3035RES100mN2728200E4198100,47.6556546,8.3655176,44,6,54,80,50,50
CRS3035RES100mN2730900E4183000,Raster CRS3035RES100mN2730900E4183000,47.6767595,8.1638197,44,4,53,85,50,50
CRS3035RES100mN2723400E4187500,Raster CRS3035RES100mN2723400E4187500,47.6102711,8.2260203,44,28,37,68,50,50
CRS3035RES100mN2724600E4188100,Raster CRS3035RES100mN2724600E4188100,47.6211967,8.2336238,44,9,58,69,50,50
CRS3035RES100mN2720700E4193700,Raster CRS3035RES100mN2720700E4193700,47.5872844,8.3092083,44,30,44,56,50,50
CRS3035RES100mN2728000E4185600,Raster CRS3035RES100mN2728000E4185600,47.6512441,8.1993271,44,7,66,63,50,50
CRS3035RES100mN2718900E4198500,Raster CRS3035RES100mN2718900E4198500,47.5720568,8.3734783,44,10,67,59,50,50
CRS3035RES100mN2721000E4179600,Raster CRS3035RES100mN2721000E4179600,47.5869242,8.1218286,44,5,68,66,50,50
CRS3035RES100mN2727000E4189200,Raster CRS3035RES100mN2727000E4189200,47.643025,8.2475108,43,10,59,62,50,50
CRS3035RES100mN2728600E4197800,Raster CRS3035RES100mN2728600E4197800,47.6591938,8.3614129,43,2,57,79,50,50
CRS3035RES100mN2725000E4187700,Raster CRS3035RES100mN2725000E4187700,47.6247095,8.2281836,43,5,59,72,50,50
CRS3035RES100mN2726000E4190400,Raster CRS3035RES100mN2726000E4190400,47.6342825,8.2637706,43,9,52,74,50,50
CRS3035RES100mN2724500E4194600,Raster CRS3035RES100mN2724500E4194600,47.621659,8.3200504,43,7,63,64,50,50
CRS3035RES100mN2730400E4189100,Raster CRS3035RES100mN2730400E4189100,47.6735933,8.2451394,43,5,57,73,50,50
CRS3035RES100mN2729200E4188800,Raster CRS3035RES100mN2729200E4188800,47.6627329,8.2415165,43,11,60,60,50,50
CRS3035RES100mN2725900E4191800,Raster CRS3035RES100mN2725900E4191800,47.6336768,8.2824137,43,27,39,63,50,50
CRS3035RES100mN2731100E4182200,Raster CRS3035RES100mN2731100E4182200,47.6783797,8.1531107,43,3,49,86,50,50
CRS3035RES100mN2724300E4194900,Raster CRS3035RES100mN2724300E4194900,47.6199208,8.3240964,43,10,58,64,50,50
CRS3035RES100mN2724800E4185200,Raster CRS3035RES100mN2724800E4185200,47.6223664,8.1950158,43,3,55,78,50,50
CRS3035RES100mN2724100E4190700,Raster CRS3035RES100mN2724100E4190700,47.6172511,8.2683333,43,5,59,69,50,50
CRS3035RES100mN2725100E4180600,Raster CRS3035RES100mN2725100E4180600,47.6240386,8.1337773,43,3,61,70,50,50
CRS3035RES100mN2722700E4178100,Raster CRS3035RES100mN2722700E4178100,47.6018743,8.1013427,43,3,58,76,50,50
CRS3035RES100mN2721400E4194600,Raster CRS3035RES100mN2721400E4194600,47.5937671,8.3209582,43,11,62,58,50,50
CRS3035RES100mN2726800E4197400,Raster CRS3035RES100mN2726800E4197400,47.6429188,8.3566088,43,11,63,59,50,50
CRS3035RES100mN2727700E4188900,Raster CRS3035RES100mN2727700E4188900,47.6492589,8.243307,43,44,32,47,50,50
CRS3035RES100mN2726400E4183900,Raster CRS3035RES100mN2726400E4183900,47.6364746,8.1772278,43,30,44,51,50,50
CRS3035RES100mN2726000E4193800,Raster CRS3035RES100mN2726000E4193800,47.634991,8.3089743,43,8,57,70,50,50
CRS3035RES100mN2724400E4194900,Raster CRS3035RES100mN2724400E4194900,47.6208205,8.3240672,43,7,62,64,50,50
CRS3035RES100mN2730800E4181900,Raster CRS3035RES100mN2730800E4181900,47.6756133,8.1492159,43,2,53,84,50,50
CRS3035RES100mN2728100E4197800,Raster CRS3035RES100mN2728100E4197800,47.6546951,8.3615559,43,8,50,79,50,50
CRS3035RES100mN2722900E4178100,Raster CRS3035RES100mN2722900E4178100,47.6036736,8.1012764,43,5,56,76,50,50
CRS3035RES100mN2726700E4192000,Raster CRS3035RES100mN2726700E4192000,47.6409162,8.2848333,43,5,56,74,50,50
CRS3035RES100mN2726200E4190600,Raster CRS3035RES100mN2726200E4190600,47.6361241,8.2663691,43,3,58,74,50,50
CRS3035RES100mN2724600E4194700,Raster CRS3035RES100mN2724600E4194700,47.6225792,8.3213503,43,9,60,64,50,50
CRS3035RES100mN2721800E4194800,Raster CRS3035RES100mN2721800E4194800,47.5974068,8.3234983,43,7,67,58,50,50
CRS3035RES100mN2721900E4194400,Raster CRS3035RES100mN2721900E4194400,47.5982249,8.3181547,43,9,64,58,50,50
CRS3035RES100mN2726000E4191600,Raster CRS3035RES100mN2726000E4191600,47.6345347,8.2797247,43,7,58,71,50,50
CRS3035RES100mN2728400E4198000,Raster CRS3035RES100mN2728400E4198000,47.6574342,8.3641304,43,2,55,80,50,50
CRS3035RES100mN2726000E4193500,Raster CRS3035RES100mN2726000E4193500,47.6349292,8.3049857,43,7,59,70,50,50
CRS3035RES100mN2728500E4198600,Raster CRS3035RES100mN2728500E4198600,47.658453,8.3720828,43,3,56,80,50,50
CRS3035RES100mN2727600E4180600,Raster CRS3035RES100mN2727600E4180600,47.6465303,8.1329629,43,7,51,78,50,50
CRS3035RES100mN2725600E4193400,Raster CRS3035RES100mN2725600E4193400,47.6313097,8.3037746,43,10,54,70,50,50
CRS3035RES100mN2729600E4199200,Raster CRS3035RES100mN2729600E4199200,47.6684686,8.3797525,43,7,51,79,50,50
CRS3035RES100mN2727900E4197100,Raster CRS3035RES100mN2727900E4197100,47.6527558,8.3523031,43,8,56,69,50,50
CRS3035RES100mN2726300E4192400,Raster CRS3035RES100mN2726300E4192400,47.6374007,8.2902714,43,9,52,74,50,50
CRS3035RES100mN2727000E4197600,Raster CRS3035RES100mN2727000E4197600,47.6447582,8.359211,43,5,59,69,50,50
CRS3035RES100mN2721100E4193100,Raster CRS3035RES100mN2721100E4193100,47.5907598,8.30112,43,6,68,57,50,50
CRS3035RES100mN2721100E4193000,Raster CRS3035RES100mN2721100E4193000,47.5907391,8.2997916,43,9,64,57,50,50
CRS3035RES100mN2724900E4194700,Raster CRS3035RES100mN2724900E4194700,47.6252784,8.3212624,43,7,63,64,50,50
CRS3035RES100mN2723100E4182600,Raster CRS3035RES100mN2723100E4182600,47.6064956,8.161003,43,6,52,77,50,50
CRS3035RES100mN2727000E4189600,Raster CRS3035RES100mN2727000E4189600,47.6431101,8.2528297,43,11,61,62,50,50
CRS3035RES100mN2726900E4197200,Raster CRS3035RES100mN2726900E4197200,47.6437785,8.3539205,43,13,59,59,50,50
CRS3035RES100mN2730500E4199000,Raster CRS3035RES100mN2730500E4199000,47.6765267,8.3768364,43,13,58,62,50,50
CRS3035RES100mN2725800E4194000,Raster CRS3035RES100mN2725800E4194000,47.6332327,8.3116923,43,9,55,68,50,50
CRS3035RES100mN2726800E4189700,Raster CRS3035RES100mN2726800E4189700,47.6413319,8.2542204,43,6,62,65,50,50
CRS3035RES100mN2727900E4197200,Raster CRS3035RES100mN2727900E4197200,47.6527758,8.3536331,43,8,57,69,50,50
CRS3035RES100mN2724700E4195300,Raster CRS3035RES100mN2724700E4195300,47.6236011,8.3292965,43,8,61,63,50,50
CRS3035RES100mN2729100E4186900,Raster CRS3035RES100mN2729100E4186900,47.661424,8.2162735,43,27,44,56,50,50
CRS3035RES100mN2727600E4180500,Raster CRS3035RES100mN2727600E4180500,47.6465076,8.1316331,43,5,55,78,50,50
CRS3035RES100mN2731200E4193700,Raster CRS3035RES100mN2731200E4193700,47.6817556,8.3061071,43,3,59,72,50,50
CRS3035RES100mN2721700E4194400,Raster CRS3035RES100mN2721700E4194400,47.5964254,8.3182133,43,6,67,58,50,50
CRS3035RES100mN2725300E4187100,Raster CRS3035RES100mN2725300E4187100,47.627279,8.220115,43,28,29,72,50,50
CRS3035RES100mN2725800E4190500,Raster CRS3035RES100mN2725800E4190500,47.6325042,8.2651607,43,7,56,73,50,50
CRS3035RES100mN2728100E4185500,Raster CRS3035RES100mN2728100E4185500,47.6521219,8.1979657,43,27,40,63,50,50
CRS3035RES100mN2723000E4183000,Raster CRS3035RES100mN2723000E4183000,47.6056852,8.16635,43,11,47,78,50,50
CRS3035RES100mN2728600E4198600,Raster CRS3035RES100mN2728600E4198600,47.6593527,8.3720543,43,7,51,80,50,50
CRS3035RES100mN2725100E4180400,Raster CRS3035RES100mN2725100E4180400,47.6239932,8.1311189,43,7,57,70,50,50
CRS3035RES100mN2719800E4178000,Raster CRS3035RES100mN2719800E4178000,47.5757606,8.100974,43,25,42,61,50,50
CRS3035RES100mN2726100E4192100,Raster CRS3035RES100mN2726100E4192100,47.6355388,8.2863424,43,2,62,74,50,50
CRS3035RES100mN2730800E4181800,Raster CRS3035RES100mN2730800E4181800,47.6755907,8.1478854,43,7,45,84,50,50
CRS3035RES100mN2720800E4178800,Raster CRS3035RES100mN2720800E4178800,47.5849416,8.1112686,43,27,42,60,50,50
CRS3035RES100mN2724100E4195000,Raster CRS3035RES100mN2724100E4195000,47.6181417,8.325484,43,10,60,63,50,50
CRS3035RES100mN2725000E4195200,Raster CRS3035RES100mN2725000E4195200,47.62628,8.3278797,43,4,64,67,50,50
CRS3035RES100mN2725900E4184300,Raster CRS3035RES100mN2725900E4184300,47.6320648,8.1827045,43,26,50,53,50,50
CRS3035RES100mN2729900E4199200,Raster CRS3035RES100mN2729900E4199200,47.6711678,8.3796675,43,7,51,79,50,50
CRS3035RES100mN2723300E4182900,Raster CRS3035RES100mN2723300E4182900,47.608362,8.1649253,43,5,55,77,50,50
CRS3035RES100mN2724100E4195200,Raster CRS3035RES100mN2724100E4195200,47.6181824,8.3281422,43,7,65,63,50,50
CRS3035RES100mN2726800E4197200,Raster CRS3035RES100mN2726800E4197200,47.6428788,8.3539492,43,7,65,59,50,50
CRS3035RES100mN2729100E4198300,Raster CRS3035RES100mN2729100E4198300,47.6637919,8.3679212,43,4,53,80,50,50
CRS3035RES100mN2724100E4195300,Raster CRS3035RES100mN2724100E4195300,47.6182027,8.3294713,43,25,40,63,50,50
CRS3035RES100mN2727700E4196900,Raster CRS3035RES100mN2727700E4196900,47.6509162,8.3497007,43,7,63,64,50,50
CRS3035RES100mN2728500E4198200,Raster CRS3035RES100mN2728500E4198200,47.6583737,8.3667621,43,2,57,80,50,50
CRS3035RES100mN2726100E4192600,Raster CRS3035RES100mN2726100E4192600,47.6356428,8.2929901,43,3,61,74,50,50
CRS3035RES100mN2727600E4196800,Raster CRS3035RES100mN2727600E4196800,47.6499964,8.3483996,43,8,62,64,50,50
CRS3035RES100mN2728200E4193900,Raster CRS3035RES100mN2728200E4193900,47.6548054,8.3096548,43,4,56,76,50,50
CRS3035RES100mN2723300E4187700,Raster CRS3035RES100mN2723300E4187700,47.6094145,8.2287089,43,4,63,68,50,50
CRS3035RES100mN2724100E4190600,Raster CRS3035RES100mN2724100E4190600,47.6172301,8.2670042,43,7,60,69,50,50
CRS3035RES100mN2726000E4193300,Raster CRS3035RES100mN2726000E4193300,47.634888,8.3023266,43,8,55,70,50,50
CRS3035RES100mN2724100E4180500,Raster CRS3035RES100mN2724100E4180500,47.6150192,8.1327738,42,6,51,73,50,50
CRS3035RES100mN2724200E4188100,Raster CRS3035RES100mN2724200E4188100,47.6175979,8.2337471,42,6,55,69,50,50
CRS3035RES100mN2720900E4179400,Raster CRS3035RES100mN2720900E4179400,47.5859788,8.1192049,42,9,60,61,50,50
CRS3035RES100mN2727500E4196700,Raster CRS3035RES100mN2727500E4196700,47.6490766,8.3470985,42,4,61,64,50,50
CRS3035RES100mN2725000E4180600,Raster CRS3035RES100mN2725000E4180600,47.623139,8.1338098,42,4,58,70,50,50
CRS3035RES100mN2722200E4180700,Raster CRS3035RES100mN2722200E4180700,47.5979707,8.1360494,42,7,58,66,50,50
CRS3035RES100mN2721900E4180100,Raster CRS3035RES100mN2721900E4180100,47.5951353,8.1281762,42,6,59,66,50,50
CRS3035RES100mN2719100E4198500,Raster CRS3035RES100mN2719100E4198500,47.5738563,8.3734217,42,8,63,57,50,50
CRS3035RES100mN2721900E4180300,Raster CRS3035RES100mN2721900E4180300,47.5951808,8.1308331,42,2,62,66,50,50
CRS3035RES100mN2723600E4183000,Raster CRS3035RES100mN2723600E4183000,47.6110834,8.1661581,42,3,53,78,50,50
CRS3035RES100mN2726100E4192700,Raster CRS3035RES100mN2726100E4192700,47.6356635,8.2943197,42,4,55,74,50,50
CRS3035RES100mN2721000E4179300,Raster CRS3035RES100mN2721000E4179300,47.5868556,8.1178439,42,9,54,66,50,50
CRS3035RES100mN2725300E4187000,Raster CRS3035RES100mN2725300E4187000,47.6272574,8.2187857,42,8,51,72,50,50
CRS3035RES100mN2723000E4178200,Raster CRS3035RES100mN2723000E4178200,47.6045964,8.102572,42,25,43,54,50,50
CRS3035RES100mN2724600E4180200,Raster CRS3035RES100mN2724600E4180200,47.6194494,8.1286238,42,4,53,73,50,50
CRS3035RES100mN2727300E4197500,Raster CRS3035RES100mN2727300E4197500,47.6474374,8.3577952,42,7,55,69,50,50
CRS3035RES100mN2723100E4192800,Raster CRS3035RES100mN2723100E4192800,47.6086925,8.296541,42,2,60,68,50,50
CRS3035RES100mN2723500E4193000,Raster CRS3035RES100mN2723500E4193000,47.6123328,8.2990801,42,30,36,58,50,50
CRS3035RES100mN2730400E4189000,Raster CRS3035RES100mN2730400E4189000,47.6735719,8.2438089,42,2,56,73,50,50
CRS3035RES100mN2722400E4196700,Raster CRS3035RES100mN2722400E4196700,47.6031898,8.3485686,42,27,45,52,50,50
CRS3035RES100mN2722900E4178200,Raster CRS3035RES100mN2722900E4178200,47.6036967,8.1026051,42,6,48,76,50,50
CRS3035RES100mN2726600E4192400,Raster CRS3035RES100mN2726600E4192400,47.6400998,8.2901818,42,3,55,74,50,50
CRS3035RES100mN2724600E4184600,Raster CRS3035RES100mN2724600E4184600,47.620435,8.187104,42,27,26,77,50,50
CRS3035RES100mN2730500E4182800,Raster CRS3035RES100mN2730500E4182800,47.6731162,8.1612871,42,4,43,86,50,50
CRS3035RES100mN2731400E4193500,Raster CRS3035RES100mN2731400E4193500,47.6835138,8.3033864,42,25,32,72,50,50
CRS3035RES100mN2722000E4180200,Raster CRS3035RES100mN2722000E4180200,47.5960578,8.129472,42,6,58,66,50,50
CRS3035RES100mN2720900E4178400,Raster CRS3035RES100mN2720900E4178400,47.5857493,8.1059228,42,5,64,60,50,50
CRS3035RES100mN2722000E4180300,Raster CRS3035RES100mN2722000E4180300,47.5960805,8.1308005,42,9,53,66,50,50
CRS3035RES100mN2723600E4192800,Raster CRS3035RES100mN2723600E4192800,47.6131911,8.2963924,42,10,50,68,50,50
CRS3035RES100mN2726900E4189300,Raster CRS3035RES100mN2726900E4189300,47.6421466,8.2488711,42,2,62,65,50,50
CRS3035RES100mN2725500E4193500,Raster CRS3035RES100mN2725500E4193500,47.6304306,8.3051336,42,6,53,70,50,50
CRS3035RES100mN2721900E4180200,Raster CRS3035RES100mN2721900E4180200,47.5951581,8.1295046,42,7,55,66,50,50
CRS3035RES100mN2730500E4190200,Raster CRS3035RES100mN2730500E4190200,47.6747268,8.2597447,42,7,48,77,50,50
CRS3035RES100mN2727200E4189400,Raster CRS3035RES100mN2727200E4189400,47.644867,8.2501092,42,32,32,62,50,50
CRS3035RES100mN2720900E4178700,Raster CRS3035RES100mN2720900E4178700,47.5858183,8.1099074,42,10,60,60,50,50
CRS3035RES100mN2728600E4198100,Raster CRS3035RES100mN2728600E4198100,47.6592535,8.3654034,42,2,50,80,50,50
CRS3035RES100mN2727500E4180900,Raster CRS3035RES100mN2727500E4180900,47.6456987,8.1369847,42,4,52,78,50,50
CRS3035RES100mN2725900E4193000,Raster CRS3035RES100mN2725900E4193000,47.6339263,8.2983677,42,7,53,70,50,50
CRS3035RES100mN2724500E4187900,Raster CRS3035RES100mN2724500E4187900,47.620254,8.2309964,42,8,52,71,50,50
CRS3035RES100mN2719000E4198600,Raster CRS3035RES100mN2719000E4198600,47.5729763,8.374778,42,6,67,57,50,50
CRS3035RES100mN2724900E4185700,Raster CRS3035RES100mN2724900E4185700,47.6233756,8.2016303,42,3,50,78,50,50
CRS3035RES100mN2726900E4197500,Raster CRS3035RES100mN2726900E4197500,47.6438385,8.3579098,42,3,67,59,50,50
CRS3035RES100mN2727600E4196400,Raster CRS3035RES100mN2727600E4196400,47.6499159,8.3430798,42,9,55,64,50,50
CRS3035RES100mN2729100E4198500,Raster CRS3035RES100mN2729100E4198500,47.6638316,8.3705818,42,4,49,80,50,50
CRS3035RES100mN2725100E4181700,Raster CRS3035RES100mN2725100E4181700,47.6242873,8.1483985,42,4,49,78,50,50
CRS3035RES100mN2730700E4182300,Raster CRS3035RES100mN2730700E4182300,47.6748035,8.1545703,42,7,42,86,50,50
CRS3035RES100mN2722100E4180400,Raster CRS3035RES100mN2722100E4180400,47.5970029,8.1320964,42,25,35,66,50,50
CRS3035RES100mN2724600E4195200,Raster CRS3035RES100mN2724600E4195200,47.6226811,8.3279964,42,5,63,63,50,50
CRS3035RES100mN2724200E4195000,Raster CRS3035RES100mN2724200E4195000,47.6190414,8.3254548,42,11,54,63,50,50
CRS3035RES100mN2724700E4188200,Raster CRS3035RES100mN2724700E4188200,47.6221179,8.2349222,42,7,55,69,50,50
CRS3035RES100mN2727300E4180600,Raster CRS3035RES100mN2727300E4180600,47.6438313,8.1330607,42,2,52,78,50,50
CRS3035RES100mN2722800E4178200,Raster CRS3035RES100mN2722800E4178200,47.602797,8.1026382,42,3,55,76,50,50
CRS3035RES100mN2721700E4195000,Raster CRS3035RES100mN2721700E4195000,47.5965478,8.3261846,42,8,65,53,50,50
CRS3035RES100mN2728400E4197100,Raster CRS3035RES100mN2728400E4197100,47.6572545,8.3521592,42,6,46,79,50,50
CRS3035RES100mN2726900E4197400,Raster CRS3035RES100mN2726900E4197400,47.6438185,8.3565801,42,9,61,59,50,50
CRS3035RES100mN2721200E4180200,Raster CRS3035RES100mN2721200E4180200,47.5888603,8.1297328,42,6,57,66,50,50
CRS3035RES100mN2724800E4187200,Raster CRS3035RES100mN2724800E4187200,47.6228021,8.2215994,42,4,58,71,50,50
CRS3035RES100mN2724300E4190400,Raster CRS3035RES100mN2724300E4190400,47.6189873,8.2642855,42,27,32,69,50,50
CRS3035RES100mN2718900E4198400,Raster CRS3035RES100mN2718900E4198400,47.572037,8.3721504,42,9,59,59,50,50
CRS3035RES100mN2719100E4198800,Raster CRS3035RES100mN2719100E4198800,47.5739156,8.3774056,42,8,63,57,50,50
CRS3035RES100mN2723900E4188000,Raster CRS3035RES100mN2723900E4188000,47.6148773,8.2325105,42,25,47,50,50,50
CRS3035RES100mN2728300E4185300,Raster CRS3035RES100mN2728300E4185300,47.6538774,8.1952428,42,28,32,63,50,50
CRS3035RES100mN2725400E4181800,Raster CRS3035RES100mN2725400E4181800,47.6270088,8.1496308,42,8,48,78,50,50
CRS3035RES100mN2723900E4187900,Raster CRS3035RES100mN2723900E4187900,47.6148558,8.2311815,42,5,57,68,50,50
CRS3035RES100mN2723100E4182800,Raster CRS3035RES100mN2723100E4182800,47.6065403,8.1636605,42,3,54,77,50,50
CRS3035RES100mN2723200E4182400,Raster CRS3035RES100mN2723200E4182400,47.6073505,8.1583134,42,5,52,77,50,50
CRS3035RES100mN2723500E4183300,Raster CRS3035RES100mN2723500E4183300,47.6102505,8.1701766,42,6,49,78,50,50
CRS3035RES100mN2726600E4197300,Raster CRS3035RES100mN2726600E4197300,47.6410993,8.3553364,42,8,62,59,50,50
CRS3035RES100mN2728600E4188500,Raster CRS3035RES100mN2728600E4188500,47.6572705,8.2377105,42,6,44,81,50,50
CRS3035RES100mN2725400E4193500,Raster CRS3035RES100mN2725400E4193500,47.6295309,8.3051632,42,6,53,70,50,50
CRS3035RES100mN2728600E4188700,Raster CRS3035RES100mN2728600E4188700,47.6573134,8.2403707,42,2,49,81,50,50
CRS3035RES100mN2727500E4196400,Raster CRS3035RES100mN2727500E4196400,47.6490162,8.3431088,42,13,50,64,50,50
CRS3035RES100mN2728200E4193700,Raster CRS3035RES100mN2728200E4193700,47.6547643,8.3069947,42,3,55,76,50,50
CRS3035RES100mN2723200E4182800,Raster CRS3035RES100mN2723200E4182800,47.60744,8.1636285,42,3,53,77,50,50
CRS3035RES100mN2724300E4187700,Raster CRS3035RES100mN2724300E4187700,47.6184115,8.2283999,42,8,50,71,50,50
CRS3035RES100mN2725100E4194600,Raster CRS3035RES100mN2725100E4194600,47.6270574,8.3198745,42,3,59,68,50,50
CRS3035RES100mN2722000E4180400,Raster CRS3035RES100mN2722000E4180400,47.5961032,8.1321289,42,8,55,66,50,50
CRS3035RES100mN2727100E4188800,Raster CRS3035RES100mN2727100E4188800,47.6438393,8.2421612,42,27,50,47,50,50
CRS3035RES100mN2725200E4180700,Raster CRS3035RES100mN2725200E4180700,47.624961,8.1350739,42,3,60,70,50,50
CRS3035RES100mN2719200E4198900,Raster CRS3035RES100mN2719200E4198900,47.5748351,8.3787054,42,8,61,57,50,50
CRS3035RES100mN2731200E4193600,Raster CRS3035RES100mN2731200E4193600,47.681735,8.3047764,42,2,60,72,50,50
CRS3035RES100mN2721000E4193200,Raster CRS3035RES100mN2721000E4193200,47.5898807,8.302478,42,9,63,57,50,50
CRS3035RES100mN2723900E4190600,Raster CRS3035RES100mN2723900E4190600,47.6154306,8.2670647,42,7,55,68,50,50
CRS3035RES100mN2728500E4197100,Raster CRS3035RES100mN2728500E4197100,47.6581542,8.3521304,42,6,48,79,50,50
CRS3035RES100mN2725100E4181800,Raster CRS3035RES100mN2725100E4181800,47.6243098,8.1497277,42,3,51,78,50,50
CRS3035RES100mN2723500E4187700,Raster CRS3035RES100mN2723500E4187700,47.6112139,8.2286471,42,5,57,68,50,50
CRS3035RES100mN2727600E4196500,Raster CRS3035RES100mN2727600E4196500,47.6499361,8.3444098,41,11,49,64,50,50
CRS3035RES100mN2730900E4182300,Raster CRS3035RES100mN2730900E4182300,47.6766028,8.1545058,41,3,41,86,50,50
CRS3035RES100mN2721100E4193300,Raster CRS3035RES100mN2721100E4193300,47.5908011,8.3037768,41,9,57,57,50,50
CRS3035RES100mN2727800E4196600,Raster CRS3035RES100mN2727800E4196600,47.6517557,8.3456819,41,4,57,64,50,50
CRS3035RES100mN2724000E4178900,Raster CRS3035RES100mN2724000E4178900,47.6137542,8.1115435,41,6,45,75,50,50
CRS3035RES100mN2725500E4187000,Raster CRS3035RES100mN2725500E4187000,47.6290568,8.2187235,41,6,51,72,50,50
CRS3035RES100mN2726800E4192300,Raster CRS3035RES100mN2726800E4192300,47.6418785,8.2887924,41,5,49,74,50,50
CRS3035RES100mN2721100E4193200,Raster CRS3035RES100mN2721100E4193200,47.5907804,8.3024484,41,8,59,57,50,50
CRS3035RES100mN2731000E4181900,Raster CRS3035RES100mN2731000E4181900,47.6774126,8.1491512,41,2,45,83,50,50
CRS3035RES100mN2723500E4183200,Raster CRS3035RES100mN2723500E4183200,47.6102282,8.1688478,41,3,49,78,50,50
CRS3035RES100mN2724700E4195000,Raster CRS3035RES100mN2724700E4195000,47.6235401,8.3253087,41,2,60,63,50,50
CRS3035RES100mN2721800E4180100,Raster CRS3035RES100mN2721800E4180100,47.5942357,8.1282088,41,6,55,66,50,50
CRS3035RES100mN2721400E4194500,Raster CRS3035RES100mN2721400E4194500,47.5937466,8.3196298,41,7,58,58,50,50
CRS3035RES100mN2726300E4191700,Raster CRS3035RES100mN2726300E4191700,47.6372547,8.2809642,41,2,55,71,50,50
CRS3035RES100mN2728000E4196800,Raster CRS3035RES100mN2728000E4196800,47.6535953,8.3482842,41,6,45,79,50,50
CRS3035RES100mN2725900E4194100,Raster CRS3035RES100mN2725900E4194100,47.6341529,8.3129923,41,5,53,68,50,50
CRS3035RES100mN2723900E4190500,Raster CRS3035RES100mN2723900E4190500,47.6154095,8.2657356,41,8,49,68,50,50
CRS3035RES100mN2727400E4189100,Raster CRS3035RES100mN2727400E4189100,47.6466025,8.2460586,41,6,57,62,50,50
CRS3035RES100mN2727700E4180300,Raster CRS3035RES100mN2727700E4180300,47.6473618,8.1289409,41,7,42,78,50,50
CRS3035RES100mN2730800E4182100,Raster CRS3035RES100mN2730800E4182100,47.6756582,8.151877,41,6,37,86,50,50
CRS3035RES100mN2724200E4178100,Raster CRS3035RES100mN2724200E4178100,47.6153693,8.100846,41,5,48,75,50,50
CRS3035RES100mN2721200E4179700,Raster CRS3035RES100mN2721200E4179700,47.5887464,8.1230914,41,5,54,66,50,50
CRS3035RES100mN2719100E4198700,Raster CRS3035RES100mN2719100E4198700,47.5738959,8.3760776,41,2,66,57,50,50
CRS3035RES100mN2730100E4186700,Raster CRS3035RES100mN2730100E4186700,47.6703773,8.2133011,41,6,42,79,50,50
CRS3035RES100mN2724200E4195300,Raster CRS3035RES100mN2724200E4195300,47.6191024,8.3294422,41,7,55,63,50,50
CRS3035RES100mN2723900E4179000,Raster CRS3035RES100mN2723900E4179000,47.6128775,8.1129054,41,5,48,75,50,50
CRS3035RES100mN2726800E4192000,Raster CRS3035RES100mN2726800E4192000,47.641816,8.2848033,41,9,45,74,50,50
CRS3035RES100mN2727900E4197900,Raster CRS3035RES100mN2727900E4197900,47.6529156,8.3629432,41,3,57,69,50,50
CRS3035RES100mN2731200E4182000,Raster CRS3035RES100mN2731200E4182000,47.6792344,8.1504171,41,2,42,86,50,50
CRS3035RES100mN2721200E4179800,Raster CRS3035RES100mN2721200E4179800,47.5887692,8.1244197,41,9,52,66,50,50
CRS3035RES100mN2730600E4182900,Raster CRS3035RES100mN2730600E4182900,47.6740382,8.1625855,41,6,37,86,50,50
CRS3035RES100mN2725100E4180700,Raster CRS3035RES100mN2725100E4180700,47.6240613,8.1351065,41,3,55,70,50,50
CRS3035RES100mN2729100E4188800,Raster CRS3035RES100mN2729100E4188800,47.6618332,8.2415472,41,6,59,60,50,50
CRS3035RES100mN2724500E4195300,Raster CRS3035RES100mN2724500E4195300,47.6218016,8.3293548,41,4,57,63,50,50
CRS3035RES100mN2721000E4193300,Raster CRS3035RES100mN2721000E4193300,47.5899013,8.3038064,41,6,60,57,50,50
CRS3035RES100mN2728800E4188400,Raster CRS3035RES100mN2728800E4188400,47.6590485,8.2363188,41,6,42,81,50,50
CRS3035RES100mN2725900E4193400,Raster CRS3035RES100mN2725900E4193400,47.6340089,8.3036858,41,7,51,70,50,50
CRS3035RES100mN2730600E4190300,Raster CRS3035RES100mN2730600E4190300,47.6756476,8.2610448,41,4,47,77,50,50
CRS3035RES100mN2727900E4196700,Raster CRS3035RES100mN2727900E4196700,47.6526755,8.3469831,41,7,56,64,50,50
CRS3035RES100mN2728700E4198100,Raster CRS3035RES100mN2728700E4198100,47.6601533,8.3653749,41,3,48,80,50,50
CRS3035RES100mN2722500E4181300,Raster CRS3035RES100mN2722500E4181300,47.6008054,8.1439235,41,10,42,74,50,50
CRS3035RES100mN2723300E4182400,Raster CRS3035RES100mN2723300E4182400,47.6082502,8.1582813,41,8,41,77,50,50
CRS3035RES100mN2722800E4182000,Raster CRS3035RES100mN2722800E4182000,47.6036621,8.1531271,41,2,50,77,50,50
CRS3035RES100mN2729000E4181400,Raster CRS3035RES100mN2729000E4181400,47.6593067,8.1431472,41,6,40,83,50,50
CRS3035RES100mN2730500E4190500,Raster CRS3035RES100mN2730500E4190500,47.6747902,8.2637363,41,5,48,77,50,50
CRS3035RES100mN2724700E4194900,Raster CRS3035RES100mN2724700E4194900,47.6235197,8.3239795,41,6,54,64,50,50
CRS3035RES100mN2722900E4193100,Raster CRS3035RES100mN2722900E4193100,47.6069551,8.3005868,41,7,54,66,50,50
CRS3035RES100mN2726400E4191000,Raster CRS3035RES100mN2726400E4191000,47.6380077,8.271627,41,10,47,71,50,50
CRS3035RES100mN2721800E4180300,Raster CRS3035RES100mN2721800E4180300,47.5942811,8.1308656,41,7,51,66,50,50
CRS3035RES100mN2732200E4179200,Raster CRS3035RES100mN2732200E4179200,47.6875945,8.1128303,41,2,43,84,50,50
CRS3035RES100mN2725800E4186500,Raster CRS3035RES100mN2725800E4186500,47.6316473,8.2119832,41,9,61,51,50,50
CRS3035RES100mN2724700E4195400,Raster CRS3035RES100mN2724700E4195400,47.6236214,8.3306257,41,5,58,63,50,50
CRS3035RES100mN2721800E4195100,Raster CRS3035RES100mN2721800E4195100,47.5974679,8.327484,41,7,62,53,50,50
CRS3035RES100mN2732300E4181700,Raster CRS3035RES100mN2732300E4181700,47.689063,8.1460689,41,7,40,84,50,50
CRS3035RES100mN2721300E4178600,Raster CRS3035RES100mN2721300E4178600,47.5893941,8.1084474,41,8,54,62,50,50
CRS3035RES100mN2720900E4179000,Raster CRS3035RES100mN2720900E4179000,47.5858872,8.113892,41,9,56,61,50,50
CRS3035RES100mN2728400E4198200,Raster CRS3035RES100mN2728400E4198200,47.6574739,8.3667906,41,2,49,80,50,50
CRS3035RES100mN2725200E4193600,Raster CRS3035RES100mN2725200E4193600,47.627752,8.3065516,41,9,49,70,50,50
CRS3035RES100mN2725000E4185400,Raster CRS3035RES100mN2725000E4185400,47.6242096,8.1976112,41,4,61,61,50,50
CRS3035RES100mN2729000E4187000,Raster CRS3035RES100mN2729000E4187000,47.660546,8.2176348,41,27,37,56,50,50
CRS3035RES100mN2727400E4196200,Raster CRS3035RES100mN2727400E4196200,47.6480762,8.3404779,41,9,51,64,50,50
CRS3035RES100mN2724500E4184900,Raster CRS3035RES100mN2724500E4184900,47.6196014,8.1911229,41,3,47,77,50,50
CRS3035RES100mN2727600E4180700,Raster CRS3035RES100mN2727600E4180700,47.646553,8.1342926,41,2,50,78,50,50
CRS3035RES100mN2728800E4187300,Raster CRS3035RES100mN2728800E4187300,47.6588115,8.2216874,41,28,38,55,50,50
CRS3035RES100mN2719000E4195300,Raster CRS3035RES100mN2719000E4195300,47.5723154,8.3309558,41,3,64,57,50,50
CRS3035RES100mN2728500E4198500,Raster CRS3035RES100mN2728500E4198500,47.6584332,8.3707526,41,8,42,80,50,50
CRS3035RES100mN2720900E4193200,Raster CRS3035RES100mN2720900E4193200,47.5889809,8.3025076,41,9,59,56,50,50
CRS3035RES100mN2726800E4189100,Raster CRS3035RES100mN2726800E4189100,47.6412043,8.2462423,41,3,59,65,50,50
CRS3035RES100mN2725800E4193000,Raster CRS3035RES100mN2725800E4193000,47.6330265,8.2983974,41,3,55,70,50,50
CRS3035RES100mN2725100E4185800,Raster CRS3035RES100mN2725100E4185800,47.6251969,8.2028968,41,9,54,61,50,50
CRS3035RES100mN2730600E4183900,Raster CRS3035RES100mN2730600E4183900,47.6742609,8.1758904,41,6,40,85,50,50
CRS3035RES100mN2727800E4193600,Raster CRS3035RES100mN2727800E4193600,47.6511448,8.305783,41,8,47,72,50,50
CRS3035RES100mN2724300E4178200,Raster CRS3035RES100mN2724300E4178200,47.616292,8.1021418,41,6,48,75,50,50
CRS3035RES100mN2728700E4181700,Raster CRS3035RES100mN2728700E4181700,47.6566754,8.1472346,41,5,44,81,50,50
CRS3035RES100mN2724400E4194800,Raster CRS3035RES100mN2724400E4194800,47.6208001,8.322738,41,3,60,64,50,50
CRS3035RES100mN2727800E4196500,Raster CRS3035RES100mN2727800E4196500,47.6517356,8.344352,41,11,49,64,50,50
CRS3035RES100mN2724400E4188100,Raster CRS3035RES100mN2724400E4188100,47.6193973,8.2336855,41,6,51,69,50,50
CRS3035RES100mN2722200E4181300,Raster CRS3035RES100mN2722200E4181300,47.5981064,8.1440206,41,7,45,74,50,50
CRS3035RES100mN2724800E4180400,Raster CRS3035RES100mN2724800E4180400,47.6212942,8.1312167,41,7,47,73,50,50
CRS3035RES100mN2725400E4180600,Raster CRS3035RES100mN2725400E4180600,47.6267377,8.1336796,41,4,55,70,50,50
CRS3035RES100mN2722300E4180700,Raster CRS3035RES100mN2722300E4180700,47.5988703,8.1360169,41,5,56,66,50,50
CRS3035RES100mN2727000E4189000,Raster CRS3035RES100mN2727000E4189000,47.6429823,8.2448514,41,4,58,62,50,50
CRS3035RES100mN2724400E4194700,Raster CRS3035RES100mN2724400E4194700,47.6207797,8.3214088,41,4,58,64,50,50
CRS3035RES100mN2728800E4181800,Raster CRS3035RES100mN2728800E4181800,47.6575976,8.1485323,40,3,43,81,50,50
CRS3035RES100mN2726100E4193800,Raster CRS3035RES100mN2726100E4193800,47.6358907,8.3089448,40,3,49,70,50,50
CRS3035RES100mN2722900E4181600,Raster CRS3035RES100mN2722900E4181600,47.6044718,8.1477801,40,3,46,74,50,50
CRS3035RES100mN2726000E4184200,Raster CRS3035RES100mN2726000E4184200,47.6329423,8.1813434,40,9,61,50,50,50
CRS3035RES100mN2724900E4195100,Raster CRS3035RES100mN2724900E4195100,47.6253599,8.3265796,40,3,55,63,50,50
CRS3035RES100mN2728700E4198000,Raster CRS3035RES100mN2728700E4198000,47.6601334,8.3640447,40,4,43,80,50,50
CRS3035RES100mN2724200E4180400,Raster CRS3035RES100mN2724200E4180400,47.6158962,8.1314123,40,6,43,73,50,50
CRS3035RES100mN2721100E4179400,Raster CRS3035RES100mN2721100E4179400,47.5877782,8.1191393,40,2,53,66,50,50
CRS3035RES100mN2724800E4178400,Raster CRS3035RES100mN2724800E4178400,47.6208365,8.1046345,40,6,42,75,50,50
CRS3035RES100mN2720800E4193600,Raster CRS3035RES100mN2720800E4193600,47.5881636,8.3078505,40,7,55,56,50,50
CRS3035RES100mN2724600E4180300,Raster CRS3035RES100mN2724600E4180300,47.6194721,8.1299528,40,9,39,73,50,50
CRS3035RES100mN2721500E4194400,Raster CRS3035RES100mN2721500E4194400,47.5946259,8.318272,40,27,30,58,50,50
CRS3035RES100mN2727000E4192300,Raster CRS3035RES100mN2727000E4192300,47.6436779,8.2887327,40,5,49,71,50,50
CRS3035RES100mN2721500E4180400,Raster CRS3035RES100mN2721500E4180400,47.5916048,8.1322917,40,3,54,66,50,50
CRS3035RES100mN2729500E4199100,Raster CRS3035RES100mN2729500E4199100,47.6675491,8.3784504,40,2,46,79,50,50
CRS3035RES100mN2720800E4193400,Raster CRS3035RES100mN2720800E4193400,47.5881224,8.3051938,40,5,61,56,50,50
CRS3035RES100mN2731300E4193900,Raster CRS3035RES100mN2731300E4193900,47.6826965,8.3087391,40,2,51,72,50,50
CRS3035RES100mN2727900E4196600,Raster CRS3035RES100mN2727900E4196600,47.6526554,8.3456531,40,4,54,64,50,50
CRS3035RES100mN2732300E4181800,Raster CRS3035RES100mN2732300E4181800,47.6890855,8.1473998,40,7,36,84,50,50
CRS3035RES100mN2721800E4194900,Raster CRS3035RES100mN2721800E4194900,47.5974272,8.3248269,40,5,58,58,50,50
CRS3035RES100mN2729200E4198700,Raster CRS3035RES100mN2729200E4198700,47.6647709,8.373214,40,4,43,80,50,50
CRS3035RES100mN2720600E4193700,Raster CRS3035RES100mN2720600E4193700,47.5863847,8.3092377,40,6,59,56,50,50
CRS3035RES100mN2730500E4184000,Raster CRS3035RES100mN2730500E4184000,47.6733834,8.1772528,40,3,40,85,50,50
CRS3035RES100mN2724800E4185600,Raster CRS3035RES100mN2724800E4185600,47.6224541,8.2003325,40,3,46,78,50,50
CRS3035RES100mN2727200E4188900,Raster CRS3035RES100mN2727200E4188900,47.6447604,8.2434603,40,11,59,47,50,50
CRS3035RES100mN2724800E4195100,Raster CRS3035RES100mN2724800E4195100,47.6244602,8.3266088,40,3,56,63,50,50
CRS3035RES100mN2731300E4193800,Raster CRS3035RES100mN2731300E4193800,47.6826759,8.3074083,40,3,48,72,50,50
CRS3035RES100mN2728500E4188700,Raster CRS3035RES100mN2728500E4188700,47.6564137,8.2404014,40,6,38,81,50,50
CRS3035RES100mN2725600E4186700,Raster CRS3035RES100mN2725600E4186700,47.6298914,8.2147043,40,8,59,51,50,50
CRS3035RES100mN2730800E4184900,Raster CRS3035RES100mN2730800E4184900,47.6762813,8.1891323,40,2,40,85,50,50
CRS3035RES100mN2724000E4195300,Raster CRS3035RES100mN2724000E4195300,47.6173029,8.3295005,40,6,53,63,50,50
CRS3035RES100mN2731200E4193900,Raster CRS3035RES100mN2731200E4193900,47.6817968,8.3087686,40,3,47,72,50,50
CRS3035RES100mN2722300E4180800,Raster CRS3035RES100mN2722300E4180800,47.598893,8.1373454,40,6,51,66,50,50
CRS3035RES100mN2727400E4196500,Raster CRS3035RES100mN2727400E4196500,47.6481366,8.3444676,40,5,53,64,50,50
CRS3035RES100mN2729800E4194900,Raster CRS3035RES100mN2729800E4194900,47.6694057,8.3224865,40,7,57,55,50,50
CRS3035RES100mN2725400E4190700,Raster CRS3035RES100mN2725400E4190700,47.6289475,8.2679405,40,6,46,73,50,50
CRS3035RES100mN2721500E4194700,Raster CRS3035RES100mN2721500E4194700,47.5946872,8.3222575,40,7,56,58,50,50
CRS3035RES100mN2727700E4196800,Raster CRS3035RES100mN2727700E4196800,47.6508962,8.3483707,40,7,52,64,50,50
CRS3035RES100mN2728500E4198700,Raster CRS3035RES100mN2728500E4198700,47.6584728,8.3734129,40,4,42,80,50,50
CRS3035RES100mN2723400E4192700,Raster CRS3035RES100mN2723400E4192700,47.6113709,8.2951229,40,4,50,68,50,50
CRS3035RES100mN2728900E4181700,Raster CRS3035RES100mN2728900E4181700,47.6584747,8.1471699,40,4,40,81,50,50
CRS3035RES100mN2720800E4178900,Raster CRS3035RES100mN2720800E4178900,47.5849646,8.1125967,40,7,55,60,50,50
CRS3035RES100mN2723000E4178100,Raster CRS3035RES100mN2723000E4178100,47.6045733,8.1012433,40,13,53,54,50,50
CRS3035RES100mN2720900E4193100,Raster CRS3035RES100mN2720900E4193100,47.5889603,8.3011792,40,5,58,56,50,50
CRS3035RES100mN2719100E4198900,Raster CRS3035RES100mN2719100E4198900,47.5739353,8.3787336,40,7,55,57,50,50
CRS3035RES100mN2726600E4192000,Raster CRS3035RES100mN2726600E4192000,47.6400165,8.2848632,40,4,44,74,50,50
CRS3035RES100mN2723900E4190700,Raster CRS3035RES100mN2723900E4190700,47.6154517,8.2683937,40,7,49,68,50,50
CRS3035RES100mN2725000E4181800,Raster CRS3035RES100mN2725000E4181800,47.6234101,8.14976,40,4,43,78,50,50
CRS3035RES100mN2724600E4180600,Raster CRS3035RES100mN2724600E4180600,47.6195403,8.1339401,40,8,42,73,50,50
CRS3035RES100mN2725400E4186900,Raster CRS3035RES100mN2725400E4186900,47.6281354,8.2174253,40,13,55,51,50,50
CRS3035RES100mN2730000E4186600,Raster CRS3035RES100mN2730000E4186600,47.6694559,8.2120019,40,8,39,79,50,50
CRS3035RES100mN2727800E4197900,Raster CRS3035RES100mN2727800E4197900,47.6520159,8.3629718,40,4,49,69,50,50
CRS3035RES100mN2725200E4187100,Raster CRS3035RES100mN2725200E4187100,47.6263793,8.220146,40,7,43,72,50,50
CRS3035RES100mN2722100E4180500,Raster CRS3035RES100mN2722100E4180500,47.5970256,8.1334249,40,2,55,66,50,50
CRS3035RES100mN2726700E4197400,Raster CRS3035RES100mN2726700E4197400,47.642019,8.3566374,40,4,56,59,50,50
CRS3035RES100mN2726900E4188800,Raster CRS3035RES100mN2726900E4188800,47.6420399,8.2422226,40,11,57,48,50,50
CRS3035RES100mN2723900E4192900,Raster CRS3035RES100mN2723900E4192900,47.615911,8.2976323,40,16,38,68,50,50
CRS3035RES100mN2727000E4188800,Raster CRS3035RES100mN2727000E4188800,47.6429396,8.2421919,40,26,41,47,50,50
CRS3035RES100mN2727100E4189200,Raster CRS3035RES100mN2727100E4189200,47.6439247,8.2474802,40,7,52,62,50,50
CRS3035RES100mN2719200E4198700,Raster CRS3035RES100mN2719200E4198700,47.5747956,8.3760494,40,6,59,57,50,50
CRS3035RES100mN2727700E4196600,Raster CRS3035RES100mN2727700E4196600,47.6508559,8.3457108,40,8,48,64,50,50
CRS3035RES100mN2730700E4184900,Raster CRS3035RES100mN2730700E4184900,47.6753816,8.1891639,40,2,40,85,50,50
CRS3035RES100mN2730100E4178300,Raster CRS3035RES100mN2730100E4178300,47.6684949,8.1015497,40,6,39,81,50,50
CRS3035RES100mN2731100E4182100,Raster CRS3035RES100mN2731100E4182100,47.6783572,8.1517801,40,4,36,86,50,50
CRS3035RES100mN2722700E4178400,Raster CRS3035RES100mN2722700E4178400,47.6019435,8.1053285,40,7,39,76,50,50
CRS3035RES100mN2723500E4182900,Raster CRS3035RES100mN2723500E4182900,47.6101614,8.1648612,40,3,43,77,50,50
CRS3035RES100mN2726900E4192100,Raster CRS3035RES100mN2726900E4192100,47.6427365,8.2861031,40,7,41,74,50,50
CRS3035RES100mN2732400E4181600,Raster CRS3035RES100mN2732400E4181600,47.68994,8.1447056,40,3,38,84,50,50
CRS3035RES100mN2730900E4182200,Raster CRS3035RES100mN2730900E4182200,47.6765804,8.1531752,40,3,36,86,50,50
CRS3035RES100mN2724900E4194600,Raster CRS3035RES100mN2724900E4194600,47.625258,8.3199331,40,9,49,64,50,50
CRS3035RES100mN2724000E4195400,Raster CRS3035RES100mN2724000E4195400,47.6173233,8.3308296,40,6,51,63,50,50
CRS3035RES100mN2726500E4188800,Raster CRS3035RES100mN2726500E4188800,47.6384411,8.2423453,40,27,41,48,50,50
CRS3035RES100mN2728800E4197900,Raster CRS3035RES100mN2728800E4197900,47.6610132,8.3626859,40,6,39,79,50,50
CRS3035RES100mN2728900E4181900,Raster CRS3035RES100mN2728900E4181900,47.6585197,8.1498301,40,2,42,81,50,50
CRS3035RES100mN2725600E4186800,Raster CRS3035RES100mN2725600E4186800,47.6299131,8.2160337,40,7,59,51,50,50
CRS3035RES100mN2725000E4181900,Raster CRS3035RES100mN2725000E4181900,47.6234326,8.1510892,40,4,41,78,50,50
CRS3035RES100mN2723800E4193000,Raster CRS3035RES100mN2723800E4193000,47.615032,8.2989911,40,7,54,58,50,50
CRS3035RES100mN2721200E4179600,Raster CRS3035RES100mN2721200E4179600,47.5887236,8.1217631,40,3,52,66,50,50
CRS3035RES100mN2725000E4187900,Raster CRS3035RES100mN2725000E4187900,47.6247525,8.2308421,40,9,40,72,50,50
CRS3035RES100mN2728900E4181600,Raster CRS3035RES100mN2728900E4181600,47.6584522,8.1458398,40,7,37,81,50,50
CRS3035RES100mN2722100E4180600,Raster CRS3035RES100mN2722100E4180600,47.5970483,8.1347534,40,7,50,66,50,50
CRS3035RES100mN2724600E4195000,Raster CRS3035RES100mN2724600E4195000,47.6226404,8.3253379,40,9,50,63,50,50
CRS3035RES100mN2720900E4193300,Raster CRS3035RES100mN2720900E4193300,47.5890016,8.3038359,40,8,54,56,50,50
CRS3035RES100mN2725000E4186100,Raster CRS3035RES100mN2725000E4186100,47.6243627,8.2069158,40,9,60,51,50,50
CRS3035RES100mN2729000E4188900,Raster CRS3035RES100mN2729000E4188900,47.6609549,8.2429081,39,7,51,60,50,50
CRS3035RES100mN2724300E4180500,Raster CRS3035RES100mN2724300E4180500,47.6168186,8.1327087,39,4,43,73,50,50
CRS3035RES100mN2719400E4198800,Raster CRS3035RES100mN2719400E4198800,47.5766149,8.3773208,39,27,29,57,50,50
CRS3035RES100mN2726100E4192800,Raster CRS3035RES100mN2726100E4192800,47.6356843,8.2956492,39,6,40,74,50,50
CRS3035RES100mN2727000E4189500,Raster CRS3035RES100mN2727000E4189500,47.6430888,8.2515,39,8,48,62,50,50
CRS3035RES100mN2724600E4188000,Raster CRS3035RES100mN2724600E4188000,47.6211752,8.2322947,39,2,50,69,50,50
CRS3035RES100mN2724800E4185000,Raster CRS3035RES100mN2724800E4185000,47.6223225,8.1923574,39,2,43,78,50,50
CRS3035RES100mN2730000E4178400,Raster CRS3035RES100mN2730000E4178400,47.6676184,8.1029132,39,2,37,81,50,50
CRS3035RES100mN2723100E4193000,Raster CRS3035RES100mN2723100E4193000,47.6087339,8.2991987,39,6,52,58,50,50
CRS3035RES100mN2723300E4192800,Raster CRS3035RES100mN2723300E4192800,47.6104919,8.2964816,39,2,51,68,50,50
CRS3035RES100mN2727800E4197100,Raster CRS3035RES100mN2727800E4197100,47.6518561,8.3523319,39,7,42,69,50,50
CRS3035RES100mN2721000E4193000,Raster CRS3035RES100mN2721000E4193000,47.5898394,8.2998212,39,5,55,57,50,50
CRS3035RES100mN2726300E4197200,Raster CRS3035RES100mN2726300E4197200,47.6383801,8.3540929,39,7,52,59,50,50
CRS3035RES100mN2721700E4180000,Raster CRS3035RES100mN2721700E4180000,47.5933132,8.126913,39,4,50,66,50,50
CRS3035RES100mN2729900E4195000,Raster CRS3035RES100mN2729900E4195000,47.6703258,8.3237877,39,7,55,55,50,50
CRS3035RES100mN2729000E4198300,Raster CRS3035RES100mN2729000E4198300,47.6628922,8.3679498,39,2,39,80,50,50
CRS3035RES100mN2722100E4181100,Raster CRS3035RES100mN2722100E4181100,47.5971615,8.1413959,39,6,40,74,50,50
CRS3035RES100mN2727400E4180500,Raster CRS3035RES100mN2727400E4180500,47.6447083,8.1316983,39,4,38,78,50,50
CRS3035RES100mN2724200E4184700,Raster CRS3035RES100mN2724200E4184700,47.6168583,8.1885595,39,4,41,77,50,50
CRS3035RES100mN2724900E4187300,Raster CRS3035RES100mN2724900E4187300,47.6237235,8.2228976,39,9,40,71,50,50
CRS3035RES100mN2726800E4197700,Raster CRS3035RES100mN2726800E4197700,47.6429787,8.360598,39,6,52,59,50,50
CRS3035RES100mN2722900E4183100,Raster CRS3035RES100mN2722900E4183100,47.6048078,8.1677107,39,7,37,77,50,50
CRS3035RES100mN2730600E4190600,Raster CRS3035RES100mN2730600E4190600,47.675711,8.2650365,39,5,38,77,50,50
CRS3035RES100mN2728700E4197800,Raster CRS3035RES100mN2728700E4197800,47.6600935,8.3613843,39,6,34,79,50,50
CRS3035RES100mN2726600E4188700,Raster CRS3035RES100mN2726600E4188700,47.6393194,8.240985,39,30,30,48,50,50
CRS3035RES100mN2721500E4194800,Raster CRS3035RES100mN2721500E4194800,47.5947076,8.323586,39,4,55,58,50,50
CRS3035RES100mN2730600E4182800,Raster CRS3035RES100mN2730600E4182800,47.6740159,8.161255,39,3,32,86,50,50
CRS3035RES100mN2721700E4194500,Raster CRS3035RES100mN2721700E4194500,47.5964459,8.3195419,39,4,53,58,50,50
CRS3035RES100mN2729200E4188700,Raster CRS3035RES100mN2729200E4188700,47.6627115,8.2401863,39,10,45,60,50,50
CRS3035RES100mN2727300E4180200,Raster CRS3035RES100mN2727300E4180200,47.6437404,8.1277418,39,2,41,78,50,50
CRS3035RES100mN2731100E4182400,Raster CRS3035RES100mN2731100E4182400,47.6784246,8.1557719,39,3,33,86,50,50
CRS3035RES100mN2721600E4194400,Raster CRS3035RES100mN2721600E4194400,47.5955257,8.3182427,39,6,51,58,50,50
CRS3035RES100mN2723700E4183200,Raster CRS3035RES100mN2723700E4183200,47.6120276,8.1687839,39,6,38,78,50,50
CRS3035RES100mN2723300E4192400,Raster CRS3035RES100mN2723300E4192400,47.6104089,8.291166,39,3,47,68,50,50
CRS3035RES100mN2725000E4185700,Raster CRS3035RES100mN2725000E4185700,47.6242753,8.2015989,39,7,48,61,50,50
CRS3035RES100mN2730600E4198900,Raster CRS3035RES100mN2730600E4198900,47.6774067,8.3754774,39,8,49,60,50,50
CRS3035RES100mN2729300E4199200,Raster CRS3035RES100mN2729300E4199200,47.6657694,8.3798374,39,3,39,79,50,50
CRS3035RES100mN2725700E4190700,Raster CRS3035RES100mN2725700E4190700,47.6316466,8.2678498,39,2,45,73,50,50
CRS3035RES100mN2724200E4180500,Raster CRS3035RES100mN2724200E4180500,47.6159189,8.1327413,39,2,47,73,50,50
CRS3035RES100mN2725700E4186700,Raster CRS3035RES100mN2725700E4186700,47.6307911,8.2146732,39,9,53,51,50,50
CRS3035RES100mN2725300E4194500,Raster CRS3035RES100mN2725300E4194500,47.6288365,8.3184865,39,5,46,68,50,50
CRS3035RES100mN2720700E4193500,Raster CRS3035RES100mN2720700E4193500,47.5872433,8.3065517,39,4,55,56,50,50
CRS3035RES100mN2723300E4192900,Raster CRS3035RES100mN2723300E4192900,47.6105126,8.2978105,39,5,44,68,50,50
CRS3035RES100mN2727100E4189000,Raster CRS3035RES100mN2727100E4189000,47.643882,8.2448207,39,9,44,62,50,50
CRS3035RES100mN2724500E4188100,Raster CRS3035RES100mN2724500E4188100,47.620297,8.2336547,39,3,47,69,50,50
CRS3035RES100mN2726000E4191900,Raster CRS3035RES100mN2726000E4191900,47.6345974,8.2837133,39,3,45,71,50,50
CRS3035RES100mN2726200E4197400,Raster CRS3035RES100mN2726200E4197400,47.6375203,8.3567809,39,26,27,59,50,50
CRS3035RES100mN2727100E4188900,Raster CRS3035RES100mN2727100E4188900,47.6438607,8.243491,39,12,53,47,50,50
CRS3035RES100mN2724000E4179300,Raster CRS3035RES100mN2724000E4179300,47.6138459,8.1168592,39,8,37,74,50,50
CRS3035RES100mN2731800E4178500,Raster CRS3035RES100mN2731800E4178500,47.6838349,8.1036471,39,4,34,84,50,50
CRS3035RES100mN2726200E4197300,Raster CRS3035RES100mN2726200E4197300,47.6375003,8.3554512,39,6,50,59,50,50
CRS3035RES100mN2724800E4195500,Raster CRS3035RES100mN2724800E4195500,47.6245415,8.3319259,39,5,49,63,50,50
CRS3035RES100mN2728100E4196800,Raster CRS3035RES100mN2728100E4196800,47.6544951,8.3482554,39,3,40,79,50,50
CRS3035RES100mN2720500E4193700,Raster CRS3035RES100mN2720500E4193700,47.5854849,8.3092672,39,8,50,56,50,50
CRS3035RES100mN2724600E4194600,Raster CRS3035RES100mN2724600E4194600,47.6225588,8.3200211,39,2,54,64,50,50
CRS3035RES100mN2724600E4195100,Raster CRS3035RES100mN2724600E4195100,47.6226607,8.3266672,39,6,47,63,50,50
CRS3035RES100mN2723700E4192800,Raster CRS3035RES100mN2723700E4192800,47.6140909,8.2963627,39,7,44,68,50,50
CRS3035RES100mN2727100E4197500,Raster CRS3035RES100mN2727100E4197500,47.645638,8.3578525,38,3,42,69,50,50
CRS3035RES100mN2727600E4180100,Raster CRS3035RES100mN2727600E4180100,47.6464166,8.126314,38,2,36,78,50,50
CRS3035RES100mN2726800E4197800,Raster CRS3035RES100mN2726800E4197800,47.6429986,8.3619278,38,7,46,59,50,50
CRS3035RES100mN2724000E4190800,Raster CRS3035RES100mN2724000E4190800,47.6163725,8.2696925,38,5,40,69,50,50
CRS3035RES100mN2727300E4189100,Raster CRS3035RES100mN2727300E4189100,47.6457028,8.2460892,38,7,43,62,50,50
CRS3035RES100mN2722700E4178200,Raster CRS3035RES100mN2722700E4178200,47.6018974,8.1026713,38,6,34,76,50,50
CRS3035RES100mN2722300E4196600,Raster CRS3035RES100mN2722300E4196600,47.6022699,8.3472687,38,4,54,52,50,50
CRS3035RES100mN2732200E4189900,Raster CRS3035RES100mN2732200E4189900,47.6899579,8.2552347,38,3,31,85,50,50
CRS3035RES100mN2729600E4194800,Raster CRS3035RES100mN2729600E4194800,47.6675858,8.3212148,38,6,51,55,50,50
CRS3035RES100mN2726700E4197200,Raster CRS3035RES100mN2726700E4197200,47.641979,8.353978,38,7,47,59,50,50
CRS3035RES100mN2726900E4192200,Raster CRS3035RES100mN2726900E4192200,47.6427574,8.2874328,38,7,33,74,50,50
CRS3035RES100mN2722200E4180800,Raster CRS3035RES100mN2722200E4180800,47.5979933,8.1373779,38,4,43,66,50,50
CRS3035RES100mN2722300E4180600,Raster CRS3035RES100mN2722300E4180600,47.5988477,8.1346884,38,7,39,66,50,50
CRS3035RES100mN2720500E4193800,Raster CRS3035RES100mN2720500E4193800,47.5855055,8.3105955,38,26,24,56,50,50
CRS3035RES100mN2730500E4198900,Raster CRS3035RES100mN2730500E4198900,47.6765069,8.3755058,38,7,45,60,50,50
CRS3035RES100mN2720800E4179000,Raster CRS3035RES100mN2720800E4179000,47.5849875,8.1139249,38,7,45,61,50,50
CRS3035RES100mN2730900E4181900,Raster CRS3035RES100mN2730900E4181900,47.6765129,8.1491836,38,3,32,84,50,50
CRS3035RES100mN2728800E4182100,Raster CRS3035RES100mN2728800E4182100,47.6576651,8.1525225,38,4,29,83,50,50
CRS3035RES100mN2725700E4184300,Raster CRS3035RES100mN2725700E4184300,47.6302654,8.1827679,38,4,54,53,50,50
CRS3035RES100mN2729100E4188700,Raster CRS3035RES100mN2729100E4188700,47.6618118,8.240217,38,5,46,60,50,50
CRS3035RES100mN2722600E4196600,Raster CRS3035RES100mN2722600E4196600,47.6049692,8.3471823,38,7,50,52,50,50
CRS3035RES100mN2721200E4193200,Raster CRS3035RES100mN2721200E4193200,47.5916802,8.3024188,38,4,52,57,50,50
CRS3035RES100mN2728100E4193600,Raster CRS3035RES100mN2728100E4193600,47.653844,8.3056942,38,6,36,76,50,50
CRS3035RES100mN2731200E4182200,Raster CRS3035RES100mN2731200E4182200,47.6792793,8.1530784,38,2,30,86,50,50
CRS3035RES100mN2726000E4193100,Raster CRS3035RES100mN2726000E4193100,47.6348467,8.2996676,38,7,36,70,50,50
CRS3035RES100mN2725200E4194100,Raster CRS3035RES100mN2725200E4194100,47.6278548,8.3131984,38,3,43,68,50,50
CRS3035RES100mN2722600E4181500,Raster CRS3035RES100mN2722600E4181500,47.6017502,8.1465484,38,6,36,74,50,50
CRS3035RES100mN2727800E4198000,Raster CRS3035RES100mN2727800E4198000,47.6520358,8.3643018,38,2,35,80,50,50
CRS3035RES100mN2727700E4197000,Raster CRS3035RES100mN2727700E4197000,47.6509363,8.3510307,38,2,45,69,50,50
CRS3035RES100mN2726600E4188800,Raster CRS3035RES100mN2726600E4188800,47.6393408,8.2423146,38,7,56,48,50,50
CRS3035RES100mN2722700E4178300,Raster CRS3035RES100mN2722700E4178300,47.6019204,8.1039999,38,6,32,76,50,50
CRS3035RES100mN2720900E4179500,Raster CRS3035RES100mN2720900E4179500,47.5860017,8.1205331,38,4,47,61,50,50
CRS3035RES100mN2721900E4180400,Raster CRS3035RES100mN2721900E4180400,47.5952035,8.1321615,38,3,44,66,50,50
CRS3035RES100mN2722800E4181800,Raster CRS3035RES100mN2722800E4181800,47.6036171,8.1504698,38,2,42,74,50,50
CRS3035RES100mN2729000E4183400,Raster CRS3035RES100mN2729000E4183400,47.6597551,8.1697496,38,3,48,62,50,50
CRS3035RES100mN2727900E4185600,Raster CRS3035RES100mN2727900E4185600,47.6503444,8.1993585,38,3,59,49,50,50
CRS3035RES100mN2726500E4197300,Raster CRS3035RES100mN2726500E4197300,47.6401996,8.3553651,38,7,46,59,50,50
CRS3035RES100mN2724800E4195300,Raster CRS3035RES100mN2724800E4195300,47.6245009,8.3292673,38,3,49,63,50,50
CRS3035RES100mN2723200E4183500,Raster CRS3035RES100mN2723200E4183500,47.6075959,8.1729299,38,5,32,78,50,50
CRS3035RES100mN2721400E4197900,Raster CRS3035RES100mN2721400E4197900,47.594432,8.3647986,38,9,57,41,50,50
CRS3035RES100mN2729000E4181500,Raster CRS3035RES100mN2729000E4181500,47.6593293,8.1444773,38,3,34,83,50,50
CRS3035RES100mN2725800E4192700,Raster CRS3035RES100mN2725800E4192700,47.6329644,8.294409,38,5,45,65,50,50
CRS3035RES100mN2730600E4184000,Raster CRS3035RES100mN2730600E4184000,47.6742831,8.1772209,38,3,30,85,50,50
CRS3035RES100mN2727300E4180400,Raster CRS3035RES100mN2727300E4180400,47.6437859,8.1304012,38,4,33,78,50,50
CRS3035RES100mN2728300E4198200,Raster CRS3035RES100mN2728300E4198200,47.6565742,8.3668192,38,2,37,80,50,50
CRS3035RES100mN2726100E4194000,Raster CRS3035RES100mN2726100E4194000,47.6359318,8.3116039,38,2,45,70,50,50
CRS3035RES100mN2726700E4197100,Raster CRS3035RES100mN2726700E4197100,47.641959,8.3526482,38,5,49,59,50,50
CRS3035RES100mN2727300E4189500,Raster CRS3035RES100mN2727300E4189500,47.645788,8.2514084,38,6,45,62,50,50
CRS3035RES100mN2725400E4193200,Raster CRS3035RES100mN2725400E4193200,47.629469,8.301175,38,3,44,70,50,50
CRS3035RES100mN2728700E4198500,Raster CRS3035RES100mN2728700E4198500,47.6602326,8.3706957,38,6,31,80,50,50
CRS3035RES100mN2727200E4189000,Raster CRS3035RES100mN2727200E4189000,47.6447817,8.2447901,38,7,43,62,50,50
CRS3035RES100mN2728100E4193800,Raster CRS3035RES100mN2728100E4193800,47.6538852,8.3083542,38,2,38,76,50,50
CRS3035RES100mN2727200E4196200,Raster CRS3035RES100mN2727200E4196200,47.6462767,8.3405359,38,4,47,64,50,50
CRS3035RES100mN2724700E4180600,Raster CRS3035RES100mN2724700E4180600,47.62044,8.1339075,38,4,39,73,50,50
CRS3035RES100mN2730600E4183800,Raster CRS3035RES100mN2730600E4183800,47.6742387,8.1745599,38,6,28,85,50,50
CRS3035RES100mN2729500E4194700,Raster CRS3035RES100mN2729500E4194700,47.6666657,8.3199137,38,3,54,55,50,50
CRS3035RES100mN2728800E4181600,Raster CRS3035RES100mN2728800E4181600,47.6575525,8.1458722,38,3,33,81,50,50
CRS3035RES100mN2723000E4192900,Raster CRS3035RES100mN2723000E4192900,47.6078134,8.2978995,38,3,45,68,50,50
CRS3035RES100mN2731400E4194000,Raster CRS3035RES100mN2731400E4194000,47.6836167,8.3100403,38,7,34,75,50,50
CRS3035RES100mN2726500E4191700,Raster CRS3035RES100mN2726500E4191700,47.6390542,8.2809042,38,2,41,71,50,50
CRS3035RES100mN2727600E4180400,Raster CRS3035RES100mN2727600E4180400,47.6464849,8.1303033,38,6,32,78,50,50
CRS3035RES100mN2724600E4180500,Raster CRS3035RES100mN2724600E4180500,47.6195176,8.132611,38,2,40,73,50,50
CRS3035RES100mN2724600E4195300,Raster CRS3035RES100mN2724600E4195300,47.6227014,8.3293256,38,4,48,63,50,50
CRS3035RES100mN2730600E4199100,Raster CRS3035RES100mN2730600E4199100,47.6774462,8.3781387,38,4,49,62,50,50
CRS3035RES100mN2728000E4185700,Raster CRS3035RES100mN2728000E4185700,47.651266,8.200657,38,4,46,63,50,50
CRS3035RES100mN2731200E4182300,Raster CRS3035RES100mN2731200E4182300,47.6793018,8.154409,38,6,27,86,50,50
CRS3035RES100mN2727600E4189100,Raster CRS3035RES100mN2727600E4189100,47.6484019,8.2459974,38,6,46,62,50,50
CRS3035RES100mN2726900E4192300,Raster CRS3035RES100mN2726900E4192300,47.6427782,8.2887626,38,3,41,74,50,50
CRS3035RES100mN2725300E4190700,Raster CRS3035RES100mN2725300E4190700,47.6280477,8.2679707,38,4,40,73,50,50
CRS3035RES100mN2730100E4178500,Raster CRS3035RES100mN2730100E4178500,47.6685411,8.1042104,38,2,35,81,50,50
CRS3035RES100mN2721000E4180200,Raster CRS3035RES100mN2721000E4180200,47.5870609,8.129798,38,3,45,66,50,50
CRS3035RES100mN2724300E4188600,Raster CRS3035RES100mN2724300E4188600,47.6186048,8.2403617,38,3,45,69,50,50
CRS3035RES100mN2724600E4188200,Raster CRS3035RES100mN2724600E4188200,47.6212182,8.234953,38,3,43,69,50,50
CRS3035RES100mN2727800E4196700,Raster CRS3035RES100mN2727800E4196700,47.6517758,8.3470119,38,7,42,64,50,50
CRS3035RES100mN2721200E4193300,Raster CRS3035RES100mN2721200E4193300,47.5917008,8.3037472,38,7,49,57,50,50
CRS3035RES100mN2725700E4194000,Raster CRS3035RES100mN2725700E4194000,47.6323329,8.3117218,38,6,41,68,50,50
CRS3035RES100mN2726800E4189600,Raster CRS3035RES100mN2726800E4189600,47.6413107,8.2528907,38,9,38,65,50,50
CRS3035RES100mN2730500E4189100,Raster CRS3035RES100mN2730500E4189100,47.674493,8.2451087,38,2,43,73,50,50
CRS3035RES100mN2729600E4194700,Raster CRS3035RES100mN2729600E4194700,47.6675654,8.3198844,38,3,53,55,50,50
CRS3035RES100mN2728000E4180200,Raster CRS3035RES100mN2728000E4180200,47.650038,8.127513,38,5,28,83,50,50
CRS3035RES100mN2728800E4182000,Raster CRS3035RES100mN2728800E4182000,47.6576426,8.1511925,38,5,30,83,50,50
CRS3035RES100mN2724000E4179100,Raster CRS3035RES100mN2724000E4179100,47.6138001,8.1142014,38,2,39,74,50,50
CRS3035RES100mN2720800E4178400,Raster CRS3035RES100mN2720800E4178400,47.5848496,8.1059558,38,7,45,60,50,50
CRS3035RES100mN2724400E4194600,Raster CRS3035RES100mN2724400E4194600,47.6207593,8.3200797,37,2,43,64,50,50
CRS3035RES100mN2723500E4188200,Raster CRS3035RES100mN2723500E4188200,47.6113214,8.2352916,37,28,25,50,50,50
CRS3035RES100mN2720400E4178400,Raster CRS3035RES100mN2720400E4178400,47.5812509,8.1060878,37,3,46,60,50,50
CRS3035RES100mN2724700E4188000,Raster CRS3035RES100mN2724700E4188000,47.6220749,8.2322639,37,6,36,69,50,50
CRS3035RES100mN2727900E4196500,Raster CRS3035RES100mN2727900E4196500,47.6526353,8.3443231,37,4,41,64,50,50
CRS3035RES100mN2726200E4186300,Raster CRS3035RES100mN2726200E4186300,47.6352026,8.2091993,37,24,33,46,50,50
CRS3035RES100mN2719300E4198700,Raster CRS3035RES100mN2719300E4198700,47.5756954,8.3760211,37,7,43,57,50,50
CRS3035RES100mN2722700E4178500,Raster CRS3035RES100mN2722700E4178500,47.6019665,8.1066571,37,2,35,76,50,50
CRS3035RES100mN2723800E4183300,Raster CRS3035RES100mN2723800E4183300,47.6129496,8.1700809,37,2,32,78,50,50
CRS3035RES100mN2721000E4178400,Raster CRS3035RES100mN2721000E4178400,47.586649,8.1058898,37,4,42,62,50,50
CRS3035RES100mN2725100E4194800,Raster CRS3035RES100mN2725100E4194800,47.6270983,8.3225332,37,6,38,68,50,50
CRS3035RES100mN2726500E4197000,Raster CRS3035RES100mN2726500E4197000,47.6401395,8.3513761,37,5,45,59,50,50
CRS3035RES100mN2724500E4180200,Raster CRS3035RES100mN2724500E4180200,47.6185497,8.1286564,37,3,37,73,50,50
CRS3035RES100mN2721800E4180400,Raster CRS3035RES100mN2721800E4180400,47.5943039,8.1321941,37,2,43,66,50,50
CRS3035RES100mN2730800E4183500,Raster CRS3035RES100mN2730800E4183500,47.6759713,8.1705045,37,2,26,85,50,50
CRS3035RES100mN2725200E4194300,Raster CRS3035RES100mN2725200E4194300,47.6278958,8.3158571,37,2,41,68,50,50
CRS3035RES100mN2723700E4193000,Raster CRS3035RES100mN2723700E4193000,47.6141323,8.2990207,37,3,49,58,50,50
CRS3035RES100mN2723000E4193000,Raster CRS3035RES100mN2723000E4193000,47.6078341,8.2992284,37,7,42,58,50,50
CRS3035RES100mN2722300E4181400,Raster CRS3035RES100mN2722300E4181400,47.5990286,8.1453168,37,3,35,74,50,50
CRS3035RES100mN2728900E4188900,Raster CRS3035RES100mN2728900E4188900,47.6600552,8.2429388,37,4,28,81,50,50
CRS3035RES100mN2728700E4182100,Raster CRS3035RES100mN2728700E4182100,47.6567654,8.1525548,37,4,27,83,50,50
CRS3035RES100mN2721600E4194300,Raster CRS3035RES100mN2721600E4194300,47.5955052,8.3169141,37,7,44,58,50,50
CRS3035RES100mN2719000E4195400,Raster CRS3035RES100mN2719000E4195400,47.5723357,8.3322837,37,9,42,57,50,50
CRS3035RES100mN2725200E4185800,Raster CRS3035RES100mN2725200E4185800,47.6260966,8.2028654,37,7,40,61,50,50
CRS3035RES100mN2724200E4188500,Raster CRS3035RES100mN2724200E4188500,47.6176837,8.2390633,37,4,39,69,50,50
CRS3035RES100mN2721800E4194600,Raster CRS3035RES100mN2721800E4194600,47.597366,8.3208412,37,2,51,58,50,50
CRS3035RES100mN2727100E4196500,Raster CRS3035RES100mN2727100E4196500,47.6454374,8.3445543,37,7,37,64,50,50
CRS3035RES100mN2721500E4194500,Raster CRS3035RES100mN2721500E4194500,47.5946464,8.3196005,37,4,46,58,50,50
CRS3035RES100mN2724900E4185300,Raster CRS3035RES100mN2724900E4185300,47.623288,8.1963135,37,2,33,78,50,50
CRS3035RES100mN2729400E4199200,Raster CRS3035RES100mN2729400E4199200,47.6666691,8.3798091,37,2,33,79,50,50
CRS3035RES100mN2723800E4183500,Raster CRS3035RES100mN2723800E4183500,47.612994,8.1727388,37,2,32,78,50,50
CRS3035RES100mN2728600E4198000,Raster CRS3035RES100mN2728600E4198000,47.6592336,8.3640732,37,4,30,80,50,50
CRS3035RES100mN2724300E4190500,Raster CRS3035RES100mN2724300E4190500,47.6190084,8.2656146,37,9,32,69,50,50
CRS3035RES100mN2725100E4186300,Raster CRS3035RES100mN2725100E4186300,47.625306,8.209543,37,10,44,51,50,50
CRS3035RES100mN2727400E4180600,Raster CRS3035RES100mN2727400E4180600,47.644731,8.1330281,37,2,33,78,50,50
CRS3035RES100mN2729300E4198500,Raster CRS3035RES100mN2729300E4198500,47.665631,8.3705249,37,3,29,80,50,50
CRS3035RES100mN2722500E4196700,Raster CRS3035RES100mN2722500E4196700,47.6040895,8.3485398,37,7,49,52,50,50
CRS3035RES100mN2730700E4198900,Raster CRS3035RES100mN2730700E4198900,47.6783064,8.375449,37,2,47,60,50,50
CRS3035RES100mN2730900E4183100,Raster CRS3035RES100mN2730900E4183100,47.6767819,8.1651503,37,4,26,85,50,50
CRS3035RES100mN2723100E4187700,Raster CRS3035RES100mN2723100E4187700,47.607615,8.2287707,37,2,42,68,50,50
CRS3035RES100mN2726800E4188900,Raster CRS3035RES100mN2726800E4188900,47.6411616,8.243583,37,5,53,48,50,50
CRS3035RES100mN2722200E4196500,Raster CRS3035RES100mN2722200E4196500,47.6013501,8.3459689,37,3,51,52,50,50
CRS3035RES100mN2728800E4181300,Raster CRS3035RES100mN2728800E4181300,47.6574848,8.141882,37,4,30,81,50,50
CRS3035RES100mN2727900E4193600,Raster CRS3035RES100mN2727900E4193600,47.6520445,8.3057534,37,3,35,72,50,50
CRS3035RES100mN2728300E4198400,Raster CRS3035RES100mN2728300E4198400,47.6566139,8.3694794,37,2,32,80,50,50
CRS3035RES100mN2728100E4180400,Raster CRS3035RES100mN2728100E4180400,47.6509832,8.1301401,37,4,26,83,50,50
CRS3035RES100mN2721600E4194600,Raster CRS3035RES100mN2721600E4194600,47.5955666,8.3208997,37,7,42,58,50,50
CRS3035RES100mN2732100E4178800,Raster CRS3035RES100mN2732100E4178800,47.686603,8.1075401,37,4,30,80,50,50
CRS3035RES100mN2722000E4180500,Raster CRS3035RES100mN2722000E4180500,47.5961259,8.1334574,37,3,40,66,50,50
CRS3035RES100mN2731200E4193800,Raster CRS3035RES100mN2731200E4193800,47.6817762,8.3074379,37,3,38,72,50,50
CRS3035RES100mN2724800E4185800,Raster CRS3035RES100mN2724800E4185800,47.6224978,8.2029908,37,2,35,78,50,50
CRS3035RES100mN2725200E4194500,Raster CRS3035RES100mN2725200E4194500,47.6279367,8.3185158,37,2,42,68,50,50
CRS3035RES100mN2726400E4191100,Raster CRS3035RES100mN2726400E4191100,47.6380287,8.2729566,37,3,38,71,50,50
CRS3035RES100mN2729700E4199200,Raster CRS3035RES100mN2729700E4199200,47.6693683,8.3797242,37,5,29,79,50,50
CRS3035RES100mN2730200E4178300,Raster CRS3035RES100mN2730200E4178300,47.6693946,8.1015165,37,2,30,81,50,50
CRS3035RES100mN2729300E4198700,Raster CRS3035RES100mN2729300E4198700,47.6656706,8.3731856,37,6,25,80,50,50
CRS3035RES100mN2729700E4194700,Raster CRS3035RES100mN2729700E4194700,47.6684651,8.319855,37,4,48,55,50,50
CRS3035RES100mN2731000E4182400,Raster CRS3035RES100mN2731000E4182400,47.6775249,8.1558041,37,2,27,86,50,50
CRS3035RES100mN2727400E4180400,Raster CRS3035RES100mN2727400E4180400,47.6446855,8.1303686,37,6,28,78,50,50
CRS3035RES100mN2723900E4192700,Raster CRS3035RES100mN2723900E4192700,47.6158696,8.2949743,37,3,41,68,50,50
CRS3035RES100mN2725700E4191000,Raster CRS3035RES100mN2725700E4191000,47.6317097,8.2718381,37,3,44,63,50,50
CRS3035RES100mN2730800E4185000,Raster CRS3035RES100mN2730800E4185000,47.6763033,8.1904628,37,2,28,86,50,50
CRS3035RES100mN2721300E4197900,Raster CRS3035RES100mN2721300E4197900,47.5935322,8.3648271,37,6,58,41,50,50
CRS3035RES100mN2723800E4192900,Raster CRS3035RES100mN2723800E4192900,47.6150113,8.297662,37,4,38,68,50,50
CRS3035RES100mN2723900E4183500,Raster CRS3035RES100mN2723900E4183500,47.6138937,8.1727069,37,2,34,78,50,50
CRS3035RES100mN2726800E4189300,Raster CRS3035RES100mN2726800E4189300,47.6412469,8.2489017,37,4,42,65,50,50
CRS3035RES100mN2730900E4188800,Raster CRS3035RES100mN2730900E4188800,47.6780276,8.2409942,36,7,33,67,50,50
CRS3035RES100mN2727700E4189100,Raster CRS3035RES100mN2727700E4189100,47.6493016,8.2459667,36,7,34,62,50,50
CRS3035RES100mN2725800E4184300,Raster CRS3035RES100mN2725800E4184300,47.6311651,8.1827362,36,6,43,53,50,50
CRS3035RES100mN2724100E4190800,Raster CRS3035RES100mN2724100E4190800,47.6172722,8.2696623,36,3,37,69,50,50
CRS3035RES100mN2721600E4180200,Raster CRS3035RES100mN2721600E4180200,47.592459,8.1296024,36,6,33,66,50,50
CRS3035RES100mN2729400E4199100,Raster CRS3035RES100mN2729400E4199100,47.6666494,8.3784787,36,3,29,79,50,50
CRS3035RES100mN2727500E4189100,Raster CRS3035RES100mN2727500E4189100,47.6475022,8.246028,36,8,34,62,50,50
CRS3035RES100mN2726900E4189700,Raster CRS3035RES100mN2726900E4189700,47.6422316,8.2541899,36,5,36,65,50,50
CRS3035RES100mN2724400E4187600,Raster CRS3035RES100mN2724400E4187600,47.6192897,8.2270399,36,4,31,71,50,50
CRS3035RES100mN2727900E4180500,Raster CRS3035RES100mN2727900E4180500,47.6492066,8.1315352,36,2,28,78,50,50
CRS3035RES100mN2720800E4178700,Raster CRS3035RES100mN2720800E4178700,47.5849187,8.1099404,36,3,43,60,50,50
CRS3035RES100mN2722200E4180500,Raster CRS3035RES100mN2722200E4180500,47.5979253,8.1333923,36,7,33,66,50,50
CRS3035RES100mN2730600E4184800,Raster CRS3035RES100mN2730600E4184800,47.6744599,8.187865,36,4,22,85,50,50
CRS3035RES100mN2729800E4195000,Raster CRS3035RES100mN2729800E4195000,47.6694261,8.323817,36,3,46,55,50,50
CRS3035RES100mN2728400E4185200,Raster CRS3035RES100mN2728400E4185200,47.6547551,8.1938813,36,3,38,63,50,50
CRS3035RES100mN2727100E4197700,Raster CRS3035RES100mN2727100E4197700,47.6456779,8.3605122,36,6,30,69,50,50
CRS3035RES100mN2719300E4195400,Raster CRS3035RES100mN2719300E4195400,47.575035,8.3321965,36,6,40,57,50,50
CRS3035RES100mN2725300E4181900,Raster CRS3035RES100mN2725300E4181900,47.6261317,8.1509924,36,3,27,78,50,50
CRS3035RES100mN2727900E4197700,Raster CRS3035RES100mN2727900E4197700,47.6528757,8.3602832,36,2,36,69,50,50
CRS3035RES100mN2726800E4197500,Raster CRS3035RES100mN2726800E4197500,47.6429387,8.3579385,36,3,45,59,50,50
CRS3035RES100mN2721200E4178700,Raster CRS3035RES100mN2721200E4178700,47.5885174,8.1098086,36,4,39,62,50,50
CRS3035RES100mN2721900E4180800,Raster CRS3035RES100mN2721900E4180800,47.5952943,8.1374753,36,6,36,66,50,50
CRS3035RES100mN2727800E4189000,Raster CRS3035RES100mN2727800E4189000,47.6501799,8.2446062,36,4,38,62,50,50
CRS3035RES100mN2730100E4178400,Raster CRS3035RES100mN2730100E4178400,47.668518,8.10288,36,2,26,81,50,50
CRS3035RES100mN2725800E4193700,Raster CRS3035RES100mN2725800E4193700,47.633171,8.3077038,36,2,36,70,50,50
CRS3035RES100mN2729900E4186600,Raster CRS3035RES100mN2729900E4186600,47.6685562,8.2120331,36,4,46,56,50,50
CRS3035RES100mN2728000E4197200,Raster CRS3035RES100mN2728000E4197200,47.6536756,8.3536043,36,3,29,79,50,50
CRS3035RES100mN2726700E4192400,Raster CRS3035RES100mN2726700E4192400,47.6409995,8.290152,36,2,31,74,50,50
CRS3035RES100mN2725700E4190800,Raster CRS3035RES100mN2725700E4190800,47.6316677,8.2691793,36,3,33,73,50,50
CRS3035RES100mN2730900E4182500,Raster CRS3035RES100mN2730900E4182500,47.6766477,8.1571669,36,4,20,86,50,50
CRS3035RES100mN2725400E4181900,Raster CRS3035RES100mN2725400E4181900,47.6270313,8.1509601,36,2,31,78,50,50
CRS3035RES100mN2728500E4197000,Raster CRS3035RES100mN2728500E4197000,47.6581341,8.3508003,36,2,27,79,50,50
CRS3035RES100mN2726800E4197600,Raster CRS3035RES100mN2726800E4197600,47.6429587,8.3592683,36,3,45,59,50,50
CRS3035RES100mN2722900E4181500,Raster CRS3035RES100mN2722900E4181500,47.6044493,8.1464514,36,4,30,74,50,50
CRS3035RES100mN2724800E4195000,Raster CRS3035RES100mN2724800E4195000,47.6244398,8.3252795,36,2,43,63,50,50
CRS3035RES100mN2725600E4192700,Raster CRS3035RES100mN2725600E4192700,47.6311649,8.2944685,36,2,39,65,50,50
CRS3035RES100mN2729500E4186500,Raster CRS3035RES100mN2729500E4186500,47.6649358,8.2108278,36,6,41,56,50,50
CRS3035RES100mN2728000E4193600,Raster CRS3035RES100mN2728000E4193600,47.6529443,8.3057238,36,2,31,76,50,50
CRS3035RES100mN2722000E4180100,Raster CRS3035RES100mN2722000E4180100,47.596035,8.1281435,36,5,37,66,50,50
CRS3035RES100mN2719200E4195100,Raster CRS3035RES100mN2719200E4195100,47.5740743,8.3282417,36,7,42,57,50,50
CRS3035RES100mN2729000E4181700,Raster CRS3035RES100mN2729000E4181700,47.6593744,8.1471375,36,4,21,83,50,50
CRS3035RES100mN2724500E4185200,Raster CRS3035RES100mN2724500E4185200,47.6196673,8.1951102,36,2,28,78,50,50
CRS3035RES100mN2728200E4198200,Raster CRS3035RES100mN2728200E4198200,47.6556745,8.3668477,36,2,28,80,50,50
CRS3035RES100mN2727600E4196700,Raster CRS3035RES100mN2727600E4196700,47.6499763,8.3470696,36,2,42,64,50,50
CRS3035RES100mN2727200E4189500,Raster CRS3035RES100mN2727200E4189500,47.6448882,8.2514389,36,2,43,62,50,50
CRS3035RES100mN2728200E4185400,Raster CRS3035RES100mN2728200E4185400,47.6529996,8.1966043,36,2,41,63,50,50
CRS3035RES100mN2725400E4192700,Raster CRS3035RES100mN2725400E4192700,47.6293655,8.294528,36,2,41,65,50,50
CRS3035RES100mN2724700E4184700,Raster CRS3035RES100mN2724700E4184700,47.6213568,8.1884015,36,3,29,77,50,50
CRS3035RES100mN2725000E4195400,Raster CRS3035RES100mN2725000E4195400,47.6263206,8.3305383,35,6,29,67,50,50
CRS3035RES100mN2728400E4189700,Raster CRS3035RES100mN2728400E4189700,47.6557272,8.2537326,35,2,36,64,50,50
CRS3035RES100mN2727400E4180200,Raster CRS3035RES100mN2727400E4180200,47.64464,8.1277092,35,2,26,78,50,50
CRS3035RES100mN2727600E4183600,Raster CRS3035RES100mN2727600E4183600,47.6472042,8.1728565,35,4,35,65,50,50
CRS3035RES100mN2723800E4195500,Raster CRS3035RES100mN2723800E4195500,47.6155441,8.3322168,35,2,47,52,50,50
CRS3035RES100mN2728100E4198100,Raster CRS3035RES100mN2728100E4198100,47.6547549,8.3655461,35,2,22,80,50,50
CRS3035RES100mN2730500E4182900,Raster CRS3035RES100mN2730500E4182900,47.6731386,8.1626176,35,2,19,86,50,50
CRS3035RES100mN2727000E4192200,Raster CRS3035RES100mN2727000E4192200,47.6436571,8.2874029,35,2,29,71,50,50
CRS3035RES100mN2724200E4188600,Raster CRS3035RES100mN2724200E4188600,47.6177051,8.2403924,35,3,30,69,50,50
CRS3035RES100mN2729000E4186900,Raster CRS3035RES100mN2729000E4186900,47.6605243,8.2163047,35,3,43,56,50,50
CRS3035RES100mN2723900E4195300,Raster CRS3035RES100mN2723900E4195300,47.6164032,8.3295296,35,6,41,52,50,50
CRS3035RES100mN2724900E4185200,Raster CRS3035RES100mN2724900E4185200,47.6232661,8.1949843,35,2,27,78,50,50
CRS3035RES100mN2727100E4188600,Raster CRS3035RES100mN2727100E4188600,47.6437965,8.2395018,35,8,44,47,50,50
CRS3035RES100mN2730900E4183200,Raster CRS3035RES100mN2730900E4183200,47.6768042,8.1664808,35,4,17,85,50,50
CRS3035RES100mN2726300E4183900,Raster CRS3035RES100mN2726300E4183900,47.635575,8.1772596,35,7,42,51,50,50
CRS3035RES100mN2722800E4178300,Raster CRS3035RES100mN2722800E4178300,47.6028201,8.1039668,35,3,24,76,50,50
CRS3035RES100mN2726300E4186200,Raster CRS3035RES100mN2726300E4186200,47.6360805,8.2078385,35,5,46,46,50,50
CRS3035RES100mN2730000E4196700,Raster CRS3035RES100mN2730000E4196700,47.6715698,8.3463766,35,2,22,82,50,50
CRS3035RES100mN2723700E4179200,Raster CRS3035RES100mN2723700E4179200,47.611124,8.1156289,35,2,28,75,50,50
CRS3035RES100mN2727100E4197000,Raster CRS3035RES100mN2727100E4197000,47.6455379,8.3512034,35,2,31,69,50,50
CRS3035RES100mN2721400E4194700,Raster CRS3035RES100mN2721400E4194700,47.5937875,8.3222867,35,5,39,58,50,50
CRS3035RES100mN2727700E4196700,Raster CRS3035RES100mN2727700E4196700,47.6508761,8.3470408,35,7,32,64,50,50
CRS3035RES100mN2730800E4183400,Raster CRS3035RES100mN2730800E4183400,47.6759491,8.169174,35,2,21,85,50,50
CRS3035RES100mN2727100E4189600,Raster CRS3035RES100mN2727100E4189600,47.6440098,8.2527992,35,4,36,62,50,50
CRS3035RES100mN2721400E4197800,Raster CRS3035RES100mN2721400E4197800,47.5944121,8.36347,35,3,54,41,50,50
CRS3035RES100mN2726400E4197400,Raster CRS3035RES100mN2726400E4197400,47.6393198,8.3567235,35,3,41,59,50,50
CRS3035RES100mN2720300E4178300,Raster CRS3035RES100mN2720300E4178300,47.5803282,8.1047928,35,4,38,60,50,50
CRS3035RES100mN2730600E4188900,Raster CRS3035RES100mN2730600E4188900,47.6753499,8.2424169,35,6,28,67,50,50
CRS3035RES100mN2722600E4196700,Raster CRS3035RES100mN2722600E4196700,47.6049893,8.348511,35,4,45,52,50,50
CRS3035RES100mN2727800E4197800,Raster CRS3035RES100mN2727800E4197800,47.6519959,8.3616418,35,3,33,69,50,50
CRS3035RES100mN2724300E4190600,Raster CRS3035RES100mN2724300E4190600,47.6190295,8.2669437,35,2,34,69,50,50
CRS3035RES100mN2728300E4185400,Raster CRS3035RES100mN2728300E4185400,47.6538993,8.1965728,35,5,32,63,50,50
CRS3035RES100mN2726400E4191700,Raster CRS3035RES100mN2726400E4191700,47.6381545,8.2809342,35,4,29,71,50,50
CRS3035RES100mN2719300E4195200,Raster CRS3035RES100mN2719300E4195200,47.5749944,8.3295405,35,3,42,57,50,50
CRS3035RES100mN2721600E4194900,Raster CRS3035RES100mN2721600E4194900,47.5956277,8.3248853,35,5,38,58,50,50
CRS3035RES100mN2732300E4181600,Raster CRS3035RES100mN2732300E4181600,47.6890404,8.144738,35,2,20,84,50,50
CRS3035RES100mN2726200E4182400,Raster CRS3035RES100mN2726200E4182400,47.634341,8.1573493,35,3,43,54,50,50
CRS3035RES100mN2723800E4178900,Raster CRS3035RES100mN2723800E4178900,47.6119548,8.1116094,35,3,42,54,50,50
CRS3035RES100mN2724200E4184500,Raster CRS3035RES100mN2724200E4184500,47.6168142,8.1859015,35,2,26,77,50,50
CRS3035RES100mN2724000E4195100,Raster CRS3035RES100mN2724000E4195100,47.6172623,8.3268423,35,2,36,63,50,50
CRS3035RES100mN2723500E4188000,Raster CRS3035RES100mN2723500E4188000,47.6112784,8.2326338,35,5,45,50,50,50
CRS3035RES100mN2724500E4187400,Raster CRS3035RES100mN2724500E4187400,47.6201463,8.2243508,35,2,30,71,50,50
CRS3035RES100mN2726500E4192000,Raster CRS3035RES100mN2726500E4192000,47.6391168,8.2848931,35,3,29,74,50,50
CRS3035RES100mN2722900E4183000,Raster CRS3035RES100mN2722900E4183000,47.6047855,8.1663819,35,2,25,77,50,50
CRS3035RES100mN2719000E4195100,Raster CRS3035RES100mN2719000E4195100,47.5722748,8.3282999,35,3,41,57,50,50
CRS3035RES100mN2728500E4182000,Raster CRS3035RES100mN2728500E4182000,47.6549436,8.1512893,35,4,20,83,50,50
CRS3035RES100mN2725000E4190600,Raster CRS3035RES100mN2725000E4190600,47.6253275,8.2667321,35,2,28,73,50,50
CRS3035RES100mN2718800E4198600,Raster CRS3035RES100mN2718800E4198600,47.5711768,8.3748346,35,2,41,59,50,50
CRS3035RES100mN2726900E4192400,Raster CRS3035RES100mN2726900E4192400,47.642799,8.2900923,35,3,28,74,50,50
CRS3035RES100mN2726500E4192400,Raster CRS3035RES100mN2726500E4192400,47.6392001,8.2902117,34,3,25,74,50,50
CRS3035RES100mN2725300E4180500,Raster CRS3035RES100mN2725300E4180500,47.6258153,8.1323829,34,2,26,70,50,50
CRS3035RES100mN2724400E4190600,Raster CRS3035RES100mN2724400E4190600,47.6199292,8.2669135,34,2,30,69,50,50
CRS3035RES100mN2729700E4194800,Raster CRS3035RES100mN2729700E4194800,47.6684856,8.3211854,34,2,38,55,50,50
CRS3035RES100mN2719100E4198400,Raster CRS3035RES100mN2719100E4198400,47.5738366,8.3720937,34,2,38,57,50,50
CRS3035RES100mN2722800E4193200,Raster CRS3035RES100mN2722800E4193200,47.606076,8.3019452,34,2,31,66,50,50
CRS3035RES100mN2720600E4193300,Raster CRS3035RES100mN2720600E4193300,47.5863023,8.3039246,34,4,37,56,50,50
CRS3035RES100mN2724100E4190500,Raster CRS3035RES100mN2724100E4190500,47.617209,8.2656751,34,3,28,69,50,50
CRS3035RES100mN2728400E4189600,Raster CRS3035RES100mN2728400E4189600,47.6557059,8.2524026,34,4,31,64,50,50
CRS3035RES100mN2723000E4187500,Raster CRS3035RES100mN2723000E4187500,47.6066722,8.226144,34,2,29,68,50,50
CRS3035RES100mN2720900E4178300,Raster CRS3035RES100mN2720900E4178300,47.5857263,8.1045946,34,5,32,60,50,50
CRS3035RES100mN2727300E4189300,Raster CRS3035RES100mN2727300E4189300,47.6457454,8.2487488,34,2,33,62,50,50
CRS3035RES100mN2726500E4192200,Raster CRS3035RES100mN2726500E4192200,47.6391585,8.2875524,34,6,21,74,50,50
CRS3035RES100mN2726100E4184200,Raster CRS3035RES100mN2726100E4184200,47.633842,8.1813116,34,4,40,50,50,50
CRS3035RES100mN2726800E4191900,Raster CRS3035RES100mN2726800E4191900,47.6417951,8.2834736,34,3,27,71,50,50
CRS3035RES100mN2724900E4179100,Raster CRS3035RES100mN2724900E4179100,47.6218971,8.1139053,34,2,24,74,50,50
CRS3035RES100mN2723900E4195400,Raster CRS3035RES100mN2723900E4195400,47.6164235,8.3308587,34,3,39,52,50,50
CRS3035RES100mN2724000E4178800,Raster CRS3035RES100mN2724000E4178800,47.6137312,8.1102146,34,2,22,75,50,50
CRS3035RES100mN2724800E4188100,Raster CRS3035RES100mN2724800E4188100,47.6229961,8.2335622,34,2,28,69,50,50
CRS3035RES100mN2719000E4198400,Raster CRS3035RES100mN2719000E4198400,47.5729368,8.372122,34,2,38,57,50,50
CRS3035RES100mN2729200E4186900,Raster CRS3035RES100mN2729200E4186900,47.6623236,8.2162424,34,3,37,56,50,50
CRS3035RES100mN2724900E4193600,Raster CRS3035RES100mN2724900E4193600,47.6250529,8.3066403,34,3,33,63,50,50
CRS3035RES100mN2725700E4184200,Raster CRS3035RES100mN2725700E4184200,47.6302433,8.1814386,34,7,36,53,50,50
CRS3035RES100mN2728300E4193900,Raster CRS3035RES100mN2728300E4193900,47.6557052,8.3096252,34,2,24,76,50,50
CRS3035RES100mN2721600E4180500,Raster CRS3035RES100mN2721600E4180500,47.5925272,8.1335876,34,4,30,66,50,50
CRS3035RES100mN2725500E4186900,Raster CRS3035RES100mN2725500E4186900,47.6290351,8.2173942,34,3,41,51,50,50
CRS3035RES100mN2726300E4192500,Raster CRS3035RES100mN2726300E4192500,47.6374215,8.291601,34,2,24,74,50,50
CRS3035RES100mN2720700E4178800,Raster CRS3035RES100mN2720700E4178800,47.5840419,8.1113015,34,2,35,60,50,50
CRS3035RES100mN2724100E4195400,Raster CRS3035RES100mN2724100E4195400,47.618223,8.3308004,34,4,30,63,50,50
CRS3035RES100mN2722300E4196700,Raster CRS3035RES100mN2722300E4196700,47.60229,8.3485974,34,5,38,52,50,50
CRS3035RES100mN2724200E4178900,Raster CRS3035RES100mN2724200E4178900,47.6155535,8.1114777,34,2,24,75,50,50
CRS3035RES100mN2726100E4193700,Raster CRS3035RES100mN2726100E4193700,47.6358702,8.3076152,34,2,26,70,50,50
CRS3035RES100mN2725100E4185900,Raster CRS3035RES100mN2725100E4185900,47.6252187,8.204226,34,8,29,61,50,50
CRS3035RES100mN2729800E4195100,Raster CRS3035RES100mN2729800E4195100,47.6694465,8.3251474,34,3,40,55,50,50
CRS3035RES100mN2728400E4185300,Raster CRS3035RES100mN2728400E4185300,47.654777,8.1952113,34,3,34,63,50,50
CRS3035RES100mN2724700E4184400,Raster CRS3035RES100mN2724700E4184400,47.6212906,8.1844141,34,4,20,77,50,50
CRS3035RES100mN2727300E4183300,Raster CRS3035RES100mN2727300E4183300,47.6444384,8.168963,34,6,27,65,50,50
CRS3035RES100mN2725300E4190600,Raster CRS3035RES100mN2725300E4190600,47.6280267,8.2666414,34,2,25,73,50,50
CRS3035RES100mN2722900E4193000,Raster CRS3035RES100mN2722900E4193000,47.6069344,8.299258,34,3,28,66,50,50
CRS3035RES100mN2729700E4199000,Raster CRS3035RES100mN2729700E4199000,47.6693289,8.3770633,34,2,20,79,50,50
CRS3035RES100mN2724300E4187600,Raster CRS3035RES100mN2724300E4187600,47.61839,8.2270709,34,4,26,71,50,50
CRS3035RES100mN2725400E4181600,Raster CRS3035RES100mN2725400E4181600,47.6269638,8.1469723,34,2,22,78,50,50
CRS3035RES100mN2721100E4178800,Raster CRS3035RES100mN2721100E4178800,47.5876407,8.1111698,34,2,36,62,50,50
CRS3035RES100mN2722900E4193300,Raster CRS3035RES100mN2722900E4193300,47.6069964,8.3032444,34,6,24,66,50,50
CRS3035RES100mN2723000E4183300,Raster CRS3035RES100mN2723000E4183300,47.605752,8.1703362,34,2,22,78,50,50
CRS3035RES100mN2726100E4184100,Raster CRS3035RES100mN2726100E4184100,47.6338199,8.1799822,34,6,40,50,50,50
CRS3035RES100mN2724700E4194600,Raster CRS3035RES100mN2724700E4194600,47.6234585,8.3199917,34,4,32,64,50,50
CRS3035RES100mN2727400E4189300,Raster CRS3035RES100mN2727400E4189300,47.6466451,8.2487182,34,4,30,62,50,50
CRS3035RES100mN2727800E4185800,Raster CRS3035RES100mN2727800E4185800,47.6494885,8.2020497,34,3,45,49,50,50
CRS3035RES100mN2730900E4188900,Raster CRS3035RES100mN2730900E4188900,47.678049,8.2423248,34,2,29,67,50,50
CRS3035RES100mN2720100E4178000,Raster CRS3035RES100mN2720100E4178000,47.5784596,8.1008748,34,3,36,60,50,50
CRS3035RES100mN2727900E4185700,Raster CRS3035RES100mN2727900E4185700,47.6503663,8.2006884,34,3,42,49,50,50
CRS3035RES100mN2720600E4178600,Raster CRS3035RES100mN2720600E4178600,47.5830963,8.1086781,34,5,30,60,50,50
CRS3035RES100mN2722400E4181100,Raster CRS3035RES100mN2722400E4181100,47.5998606,8.1412987,34,2,24,74,50,50
CRS3035RES100mN2726200E4183900,Raster CRS3035RES100mN2726200E4183900,47.6346753,8.1772914,33,7,32,51,50,50
CRS3035RES100mN2730400E4199000,Raster CRS3035RES100mN2730400E4199000,47.675627,8.3768648,33,2,30,62,50,50
CRS3035RES100mN2726700E4189600,Raster CRS3035RES100mN2726700E4189600,47.640411,8.2529212,33,2,28,65,50,50
CRS3035RES100mN2720800E4193100,Raster CRS3035RES100mN2720800E4193100,47.5880605,8.3012088,33,2,35,56,50,50
CRS3035RES100mN2720000E4178100,Raster CRS3035RES100mN2720000E4178100,47.577583,8.1022359,33,2,31,60,50,50
CRS3035RES100mN2721600E4179800,Raster CRS3035RES100mN2721600E4179800,47.5923679,8.1242889,33,3,27,66,50,50
CRS3035RES100mN2726700E4191200,Raster CRS3035RES100mN2726700E4191200,47.6407489,8.2741958,33,2,22,71,50,50
CRS3035RES100mN2721500E4194600,Raster CRS3035RES100mN2721500E4194600,47.5946668,8.320929,33,2,35,58,50,50
CRS3035RES100mN2721900E4195200,Raster CRS3035RES100mN2721900E4195200,47.598388,8.3287835,33,2,36,53,50,50
CRS3035RES100mN2721400E4197700,Raster CRS3035RES100mN2721400E4197700,47.5943922,8.3621415,33,5,42,41,50,50
CRS3035RES100mN2724000E4190400,Raster CRS3035RES100mN2724000E4190400,47.6162882,8.2643764,33,2,25,69,50,50
CRS3035RES100mN2727600E4197000,Raster CRS3035RES100mN2727600E4197000,47.6500366,8.3510595,33,2,24,69,50,50
CRS3035RES100mN2718900E4198800,Raster CRS3035RES100mN2718900E4198800,47.5721161,8.3774622,33,3,33,59,50,50
CRS3035RES100mN2721300E4194600,Raster CRS3035RES100mN2721300E4194600,47.5928673,8.3209875,33,3,31,58,50,50
CRS3035RES100mN2720800E4179100,Raster CRS3035RES100mN2720800E4179100,47.5850104,8.1152531,33,4,29,61,50,50
CRS3035RES100mN2724100E4194900,Raster CRS3035RES100mN2724100E4194900,47.6181213,8.3241549,33,3,28,64,50,50
CRS3035RES100mN2721000E4193400,Raster CRS3035RES100mN2721000E4193400,47.5899219,8.3051347,33,3,33,57,50,50
CRS3035RES100mN2727800E4185700,Raster CRS3035RES100mN2727800E4185700,47.6494666,8.2007198,33,3,38,49,50,50
CRS3035RES100mN2726700E4189700,Raster CRS3035RES100mN2726700E4189700,47.6404322,8.2542509,33,2,27,65,50,50
CRS3035RES100mN2724900E4180500,Raster CRS3035RES100mN2724900E4180500,47.6222166,8.1325133,33,2,22,73,50,50
CRS3035RES100mN2721200E4193400,Raster CRS3035RES100mN2721200E4193400,47.5917214,8.3050757,33,4,33,57,50,50
CRS3035RES100mN2731300E4186600,Raster CRS3035RES100mN2731300E4186600,47.6811517,8.2115957,33,3,20,75,50,50
CRS3035RES100mN2725100E4186200,Raster CRS3035RES100mN2725100E4186200,47.6252842,8.2082138,33,6,35,51,50,50
CRS3035RES100mN2729700E4194900,Raster CRS3035RES100mN2729700E4194900,47.668506,8.3225158,33,2,35,55,50,50
CRS3035RES100mN2719900E4178000,Raster CRS3035RES100mN2719900E4178000,47.5766603,8.100941,33,6,25,61,50,50
CRS3035RES100mN2721200E4193100,Raster CRS3035RES100mN2721200E4193100,47.5916595,8.3010904,33,6,31,57,50,50
CRS3035RES100mN2726400E4182400,Raster CRS3035RES100mN2726400E4182400,47.6361403,8.157285,33,2,35,54,50,50
CRS3035RES100mN2726800E4188800,Raster CRS3035RES100mN2726800E4188800,47.6411402,8.2422533,33,4,37,48,50,50
CRS3035RES100mN2725900E4190400,Raster CRS3035RES100mN2725900E4190400,47.6333828,8.2638009,33,2,22,73,50,50
CRS3035RES100mN2728500E4188600,Raster CRS3035RES100mN2728500E4188600,47.6563923,8.2390714,33,4,14,81,50,50
CRS3035RES100mN2724700E4185600,Raster CRS3035RES100mN2724700E4185600,47.6215544,8.2003639,33,2,17,78,50,50
CRS3035RES100mN2727700E4196400,Raster CRS3035RES100mN2727700E4196400,47.6508157,8.3430509,33,3,27,64,50,50
CRS3035RES100mN2724200E4178400,Raster CRS3035RES100mN2724200E4178400,47.6154385,8.1048328,33,2,18,75,50,50
CRS3035RES100mN2731300E4179800,Raster CRS3035RES100mN2731300E4179800,47.6796352,8.1211109,33,2,37,51,50,50
CRS3035RES100mN2720900E4179200,Raster CRS3035RES100mN2720900E4179200,47.585933,8.1165485,33,2,31,61,50,50
CRS3035RES100mN2719000E4198500,Raster CRS3035RES100mN2719000E4198500,47.5729566,8.37345,33,2,35,57,50,50
CRS3035RES100mN2724000E4192700,Raster CRS3035RES100mN2724000E4192700,47.6167693,8.2949445,32,3,29,58,50,50
CRS3035RES100mN2725800E4184200,Raster CRS3035RES100mN2725800E4184200,47.631143,8.1814068,32,4,30,53,50,50
CRS3035RES100mN2720200E4178100,Raster CRS3035RES100mN2720200E4178100,47.5793824,8.1021697,32,3,28,60,50,50
CRS3035RES100mN2728100E4185400,Raster CRS3035RES100mN2728100E4185400,47.6520999,8.1966358,32,3,25,63,50,50
CRS3035RES100mN2726200E4184000,Raster CRS3035RES100mN2726200E4184000,47.6346974,8.1786209,32,3,36,50,50,50
CRS3035RES100mN2725000E4183800,Raster CRS3035RES100mN2725000E4183800,47.6238569,8.1763438,32,9,31,45,50,50
CRS3035RES100mN2725200E4186400,Raster CRS3035RES100mN2725200E4186400,47.6262274,8.2108411,32,3,34,51,50,50
CRS3035RES100mN2726000E4184300,Raster CRS3035RES100mN2726000E4184300,47.6329644,8.1826728,32,3,36,50,50,50
CRS3035RES100mN2721300E4197800,Raster CRS3035RES100mN2721300E4197800,47.5935123,8.3634986,32,3,42,41,50,50
CRS3035RES100mN2725200E4180400,Raster CRS3035RES100mN2725200E4180400,47.6248929,8.1310863,32,4,17,70,50,50
CRS3035RES100mN2723600E4192400,Raster CRS3035RES100mN2723600E4192400,47.6131081,8.2910766,32,2,22,68,50,50
CRS3035RES100mN2723900E4195500,Raster CRS3035RES100mN2723900E4195500,47.6164438,8.3321877,32,6,28,52,50,50
CRS3035RES100mN2719000E4198900,Raster CRS3035RES100mN2719000E4198900,47.5730356,8.3787619,32,2,32,57,50,50
CRS3035RES100mN2722600E4196500,Raster CRS3035RES100mN2722600E4196500,47.6049491,8.3458535,32,2,32,52,50,50
CRS3035RES100mN2719200E4195400,Raster CRS3035RES100mN2719200E4195400,47.5741353,8.3322256,32,4,28,57,50,50
CRS3035RES100mN2725000E4180700,Raster CRS3035RES100mN2725000E4180700,47.6231617,8.135139,32,4,19,70,50,50
CRS3035RES100mN2726800E4197900,Raster CRS3035RES100mN2726800E4197900,47.6430185,8.3632575,32,2,29,59,50,50
CRS3035RES100mN2729400E4186700,Raster CRS3035RES100mN2729400E4186700,47.6640796,8.2135195,32,3,29,56,50,50
CRS3035RES100mN2724500E4184400,Raster CRS3035RES100mN2724500E4184400,47.6194912,8.1844775,32,2,13,77,50,50
CRS3035RES100mN2727800E4188900,Raster CRS3035RES100mN2727800E4188900,47.6501586,8.2432763,32,5,33,47,50,50
CRS3035RES100mN2723600E4192600,Raster CRS3035RES100mN2723600E4192600,47.6131497,8.2937345,32,2,22,68,50,50
CRS3035RES100mN2723800E4179300,Raster CRS3035RES100mN2723800E4179300,47.6120466,8.1169249,32,2,15,75,50,50
CRS3035RES100mN2723100E4181200,Raster CRS3035RES100mN2723100E4181200,47.6061809,8.1424006,32,2,16,73,50,50
CRS3035RES100mN2725400E4184200,Raster CRS3035RES100mN2725400E4184200,47.6275442,8.1815338,32,3,32,53,50,50
CRS3035RES100mN2726300E4182400,Raster CRS3035RES100mN2726300E4182400,47.6352406,8.1573171,32,2,31,54,50,50
CRS3035RES100mN2729900E4194900,Raster CRS3035RES100mN2729900E4194900,47.6703054,8.3224572,31,2,28,55,50,50
CRS3035RES100mN2721300E4194500,Raster CRS3035RES100mN2721300E4194500,47.5928469,8.3196591,31,2,24,58,50,50
CRS3035RES100mN2726100E4193600,Raster CRS3035RES100mN2726100E4193600,47.6358496,8.3062857,31,2,17,70,50,50
CRS3035RES100mN2728900E4187200,Raster CRS3035RES100mN2728900E4187200,47.6596896,8.2203262,31,6,22,55,50,50
CRS3035RES100mN2725500E4184200,Raster CRS3035RES100mN2725500E4184200,47.6284439,8.181502,31,2,30,53,50,50
CRS3035RES100mN2729300E4188800,Raster CRS3035RES100mN2729300E4188800,47.6636326,8.2414858,31,2,24,60,50,50
CRS3035RES100mN2726100E4186300,Raster CRS3035RES100mN2726100E4186300,47.6343029,8.2092306,31,7,27,46,50,50
CRS3035RES100mN2725500E4182600,Raster CRS3035RES100mN2725500E4182600,47.628088,8.160233,31,2,26,58,50,50
CRS3035RES100mN2724900E4195400,Raster CRS3035RES100mN2724900E4195400,47.6254209,8.3305675,31,2,23,63,50,50
CRS3035RES100mN2721600E4194200,Raster CRS3035RES100mN2721600E4194200,47.5954848,8.3155856,31,2,25,58,50,50
CRS3035RES100mN2727600E4183700,Raster CRS3035RES100mN2727600E4183700,47.6472264,8.1741864,31,2,21,65,50,50
CRS3035RES100mN2726400E4191900,Raster CRS3035RES100mN2726400E4191900,47.6381962,8.2835935,31,2,16,71,50,50
CRS3035RES100mN2727100E4188700,Raster CRS3035RES100mN2727100E4188700,47.6438179,8.2408315,31,2,35,47,50,50
CRS3035RES100mN2723100E4192600,Raster CRS3035RES100mN2723100E4192600,47.608651,8.2938833,31,2,19,68,50,50
CRS3035RES100mN2725800E4194100,Raster CRS3035RES100mN2725800E4194100,47.6332532,8.3130218,31,2,19,68,50,50
CRS3035RES100mN2726300E4184200,Raster CRS3035RES100mN2726300E4184200,47.6356414,8.1812482,31,6,25,50,50,50
CRS3035RES100mN2722200E4196700,Raster CRS3035RES100mN2722200E4196700,47.6013903,8.3486262,31,6,27,52,50,50
CRS3035RES100mN2726400E4188800,Raster CRS3035RES100mN2726400E4188800,47.6375414,8.242376,31,7,27,48,50,50
CRS3035RES100mN2725600E4194200,Raster CRS3035RES100mN2725600E4194200,47.6314742,8.3144101,31,4,15,68,50,50
CRS3035RES100mN2721900E4194600,Raster CRS3035RES100mN2721900E4194600,47.5982658,8.3208119,31,4,22,58,50,50
CRS3035RES100mN2718900E4195300,Raster CRS3035RES100mN2718900E4195300,47.5714157,8.3309848,31,2,34,47,50,50
CRS3035RES100mN2721000E4179700,Raster CRS3035RES100mN2721000E4179700,47.586947,8.1231568,31,3,18,66,50,50
CRS3035RES100mN2720600E4193800,Raster CRS3035RES100mN2720600E4193800,47.5864052,8.310566,31,3,26,56,50,50
CRS3035RES100mN2720900E4193000,Raster CRS3035RES100mN2720900E4193000,47.5889396,8.2998509,31,3,26,56,50,50
CRS3035RES100mN2726500E4188700,Raster CRS3035RES100mN2726500E4188700,47.6384197,8.2410157,31,4,30,48,50,50
CRS3035RES100mN2723600E4188100,Raster CRS3035RES100mN2723600E4188100,47.6121996,8.2339319,31,3,32,50,50,50
CRS3035RES100mN2725600E4184300,Raster CRS3035RES100mN2725600E4184300,47.6293657,8.1827997,30,3,23,53,50,50
CRS3035RES100mN2724400E4197200,Raster CRS3035RES100mN2724400E4197200,47.621285,8.3546385,30,2,14,67,50,50
CRS3035RES100mN2726200E4184100,Raster CRS3035RES100mN2726200E4184100,47.6347196,8.1799504,30,4,24,50,50,50
CRS3035RES100mN2727100E4196600,Raster CRS3035RES100mN2727100E4196600,47.6454576,8.3458841,30,4,14,64,50,50
CRS3035RES100mN2726400E4184100,Raster CRS3035RES100mN2726400E4184100,47.6365189,8.1798869,30,3,27,50,50,50
CRS3035RES100mN2723700E4195600,Raster CRS3035RES100mN2723700E4195600,47.6146646,8.3335749,30,2,27,52,50,50
CRS3035RES100mN2722100E4196400,Raster CRS3035RES100mN2722100E4196400,47.6004302,8.344669,30,2,28,52,50,50
CRS3035RES100mN2725600E4186900,Raster CRS3035RES100mN2725600E4186900,47.6299348,8.2173631,30,3,25,51,50,50
CRS3035RES100mN2726700E4197800,Raster CRS3035RES100mN2726700E4197800,47.6420988,8.3619564,30,2,22,59,50,50
CRS3035RES100mN2725200E4186500,Raster CRS3035RES100mN2725200E4186500,47.6262492,8.2121704,30,6,24,51,50,50
CRS3035RES100mN2725200E4195100,Raster CRS3035RES100mN2725200E4195100,47.6280591,8.326492,30,2,16,67,50,50
CRS3035RES100mN2723800E4178800,Raster CRS3035RES100mN2723800E4178800,47.6119319,8.1102805,30,2,25,54,50,50
CRS3035RES100mN2724200E4190600,Raster CRS3035RES100mN2724200E4190600,47.6181298,8.266974,30,2,14,69,50,50
CRS3035RES100mN2723100E4178200,Raster CRS3035RES100mN2723100E4178200,47.605496,8.1025389,30,4,23,54,50,50
CRS3035RES100mN2727800E4197700,Raster CRS3035RES100mN2727800E4197700,47.651976,8.3603118,30,2,12,69,50,50
CRS3035RES100mN2728300E4189700,Raster CRS3035RES100mN2728300E4189700,47.6548275,8.2537631,30,3,17,64,50,50
CRS3035RES100mN2726300E4184100,Raster CRS3035RES100mN2726300E4184100,47.6356193,8.1799186,29,2,23,50,50,50
CRS3035RES100mN2725500E4184300,Raster CRS3035RES100mN2725500E4184300,47.628466,8.1828314,29,2,21,53,50,50
CRS3035RES100mN2731300E4179700,Raster CRS3035RES100mN2731300E4179700,47.6796123,8.1197802,29,2,24,51,50,50
CRS3035RES100mN2719000E4195500,Raster CRS3035RES100mN2719000E4195500,47.572356,8.3336116,29,3,17,57,50,50
CRS3035RES100mN2722100E4194400,Raster CRS3035RES100mN2722100E4194400,47.6000244,8.3180961,29,2,18,59,50,50
CRS3035RES100mN2726500E4184000,Raster CRS3035RES100mN2726500E4184000,47.6373965,8.1785256,28,3,17,50,50,50
CRS3035RES100mN2725800E4184400,Raster CRS3035RES100mN2725800E4184400,47.6311872,8.1840656,28,2,17,53,50,50
CRS3035RES100mN2726300E4197100,Raster CRS3035RES100mN2726300E4197100,47.6383601,8.3527633,28,2,14,59,50,50
CRS3035RES100mN2726300E4186300,Raster CRS3035RES100mN2726300E4186300,47.6361023,8.2091681,26,2,14,46,50,50
CRS3035RES100mN2721300E4198000,Raster CRS3035RES100mN2721300E4198000,47.5935521,8.3661555,26,2,34,20,50,50
