cell_id,latitude,longitude,housing_units,mfh_share,building_count_zensus,mfh_buildings_zensus,source
CRS3035RES100mN2724800E4186500,47.6226504,8.2122951,98.50,0.5484,31,17,Zensus 2022 / Destatis
CRS3035RES100mN2724600E4187200,47.6210027,8.2216615,94.50,0.7273,22,16,Zensus 2022 / Destatis
CRS3035RES100mN2726100E4191400,47.6353925,8.2770356,87.50,0.2619,42,11,Zensus 2022 / Destatis
CRS3035RES100mN2724800E4186600,47.6226721,8.2136243,86.00,0.4667,30,14,Zensus 2022 / Destatis
CRS3035RES100mN2724800E4187400,47.6228454,8.2242578,85.50,1.0000,14,14,Zensus 2022 / Destatis
CRS3035RES100mN2722000E4180800,47.5961940,8.1374429,80.50,0.7143,14,10,Zensus 2022 / Destatis
CRS3035RES100mN2725300E4186800,47.6272140,8.2161271,78.00,0.7857,14,11,Zensus 2022 / Destatis
CRS3035RES100mN2724300E4184600,47.6177359,8.1871989,72.00,1.0000,12,12,Zensus 2022 / Destatis
CRS3035RES100mN2724900E4187600,47.6237882,8.2268853,72.00,1.0000,13,13,Zensus 2022 / Destatis
CRS3035RES100mN2726100E4191800,47.6354762,8.2823538,71.50,0.7500,16,12,Zensus 2022 / Destatis
CRS3035RES100mN2724800E4187300,47.6228238,8.2229286,70.50,0.7692,13,10,Zensus 2022 / Destatis
CRS3035RES100mN2726100E4192200,47.6355596,8.2876719,70.50,0.7500,12,9,Zensus 2022 / Destatis
CRS3035RES100mN2725000E4193500,47.6259320,8.3052814,68.50,0.5882,17,10,Zensus 2022 / Destatis
CRS3035RES100mN2724700E4187300,47.6219241,8.2229596,67.50,1.0000,9,9,Zensus 2022 / Destatis
CRS3035RES100mN2725000E4186400,47.6244280,8.2109035,67.50,0.6250,16,10,Zensus 2022 / Destatis
CRS3035RES100mN2725100E4193800,47.6268935,8.3092398,64.50,0.7500,12,9,Zensus 2022 / Destatis
CRS3035RES100mN2724300E4184700,47.6177580,8.1885279,63.00,1.0000,14,14,Zensus 2022 / Destatis
CRS3035RES100mN2729400E4198700,47.6665704,8.3731572,63.00,1.0000,7,7,Zensus 2022 / Destatis
CRS3035RES100mN2724900E4187200,47.6237018,8.2215684,61.50,0.4000,20,8,Zensus 2022 / Destatis
CRS3035RES100mN2725200E4187000,47.6263577,8.2188168,61.00,0.3500,20,7,Zensus 2022 / Destatis
CRS3035RES100mN2723100E4182900,47.6065626,8.1649892,60.00,0.6000,15,9,Zensus 2022 / Destatis
CRS3035RES100mN2725900E4186400,47.6325253,8.2106225,60.00,0.7273,11,8,Zensus 2022 / Destatis
CRS3035RES100mN2724800E4186400,47.6226286,8.2109659,59.50,0.2593,27,7,Zensus 2022 / Destatis
CRS3035RES100mN2724300E4184500,47.6177139,8.1858698,58.50,1.0000,8,8,Zensus 2022 / Destatis
CRS3035RES100mN2725500E4193900,47.6305129,8.3104513,58.50,1.0000,8,8,Zensus 2022 / Destatis
CRS3035RES100mN2725700E4186500,47.6307476,8.2120144,58.50,0.3158,19,6,Zensus 2022 / Destatis
CRS3035RES100mN2724400E4187900,47.6193543,8.2310273,57.50,0.5000,16,8,Zensus 2022 / Destatis
CRS3035RES100mN2725600E4186600,47.6298697,8.2133749,57.00,0.7500,12,9,Zensus 2022 / Destatis
CRS3035RES100mN2724300E4188000,47.6184761,8.2323872,56.50,0.5000,14,7,Zensus 2022 / Destatis
CRS3035RES100mN2728700E4198300,47.6601930,8.3680353,56.50,0.3333,18,6,Zensus 2022 / Destatis
CRS3035RES100mN2724800E4187500,47.6228670,8.2255870,55.50,0.7000,10,7,Zensus 2022 / Destatis
CRS3035RES100mN2726100E4190700,47.6352455,8.2677289,54.50,0.3750,16,6,Zensus 2022 / Destatis
CRS3035RES100mN2723400E4183500,47.6093953,8.1728662,54.00,0.6250,16,10,Zensus 2022 / Destatis
CRS3035RES100mN2725000E4186800,47.6245149,8.2162204,54.00,1.0000,9,9,Zensus 2022 / Destatis
CRS3035RES100mN2725400E4193800,47.6295927,8.3091513,54.00,1.0000,6,6,Zensus 2022 / Destatis
CRS3035RES100mN2725500E4193100,47.6303480,8.2998159,54.00,1.0000,6,6,Zensus 2022 / Destatis
CRS3035RES100mN2725600E4191100,47.6308310,8.2731977,54.00,1.0000,9,9,Zensus 2022 / Destatis
CRS3035RES100mN2725700E4193500,47.6322301,8.3050744,54.00,1.0000,6,6,Zensus 2022 / Destatis
CRS3035RES100mN2725800E4191600,47.6327352,8.2797848,54.00,1.0000,6,6,Zensus 2022 / Destatis
CRS3035RES100mN2724200E4187800,47.6175334,8.2297599,53.50,0.3158,19,6,Zensus 2022 / Destatis
CRS3035RES100mN2725600E4193900,47.6314127,8.3104218,53.50,0.4286,14,6,Zensus 2022 / Destatis
CRS3035RES100mN2724200E4188000,47.6175764,8.2324180,52.50,0.3333,18,6,Zensus 2022 / Destatis
CRS3035RES100mN2725800E4193900,47.6332121,8.3103628,52.50,0.4000,15,6,Zensus 2022 / Destatis
CRS3035RES100mN2726200E4191900,47.6363968,8.2836534,52.50,0.4286,14,6,Zensus 2022 / Destatis
CRS3035RES100mN2723200E4183000,47.6074846,8.1662860,51.50,0.3529,17,6,Zensus 2022 / Destatis
CRS3035RES100mN2726100E4191600,47.6354344,8.2796947,51.00,0.4706,17,8,Zensus 2022 / Destatis
CRS3035RES100mN2721700E4194300,47.5964050,8.3168848,50.00,0.6667,15,10,Zensus 2022 / Destatis
CRS3035RES100mN2723300E4192700,47.6104712,8.2951527,49.50,0.5000,12,6,Zensus 2022 / Destatis
CRS3035RES100mN2724300E4187800,47.6184331,8.2297290,49.50,1.0000,7,7,Zensus 2022 / Destatis
CRS3035RES100mN2724900E4186400,47.6235283,8.2109347,49.50,0.5000,12,6,Zensus 2022 / Destatis
CRS3035RES100mN2725300E4193200,47.6285693,8.3012046,49.50,0.5000,12,6,Zensus 2022 / Destatis
CRS3035RES100mN2725400E4193300,47.6294896,8.3025044,49.50,0.5000,12,6,Zensus 2022 / Destatis
CRS3035RES100mN2725500E4194000,47.6305335,8.3117807,49.50,1.0000,7,7,Zensus 2022 / Destatis
CRS3035RES100mN2725800E4190400,47.6324831,8.2638312,49.50,1.0000,8,8,Zensus 2022 / Destatis
CRS3035RES100mN2726000E4191300,47.6344718,8.2757362,49.50,0.6000,15,9,Zensus 2022 / Destatis
CRS3035RES100mN2726000E4192300,47.6346807,8.2890314,49.50,1.0000,11,11,Zensus 2022 / Destatis
CRS3035RES100mN2726200E4191200,47.6362503,8.2743464,49.50,1.0000,7,7,Zensus 2022 / Destatis
CRS3035RES100mN2727200E4196300,47.6462969,8.3418657,49.50,1.0000,7,7,Zensus 2022 / Destatis
CRS3035RES100mN2729400E4198600,47.6665506,8.3718268,49.50,1.0000,7,7,Zensus 2022 / Destatis
CRS3035RES100mN2723200E4192600,47.6095507,8.2938535,48.50,0.4286,14,6,Zensus 2022 / Destatis
CRS3035RES100mN2724700E4185200,47.6214667,8.1950473,48.50,0.3500,20,7,Zensus 2022 / Destatis
CRS3035RES100mN2720800E4193500,47.5881430,8.3065221,48.00,0.7000,10,7,Zensus 2022 / Destatis
CRS3035RES100mN2720900E4193400,47.5890222,8.3051643,48.00,0.6250,8,5,Zensus 2022 / Destatis
CRS3035RES100mN2725600E4193100,47.6312478,8.2997862,48.00,0.7000,10,7,Zensus 2022 / Destatis
CRS3035RES100mN2725800E4193200,47.6330679,8.3010564,48.00,0.7000,10,7,Zensus 2022 / Destatis
CRS3035RES100mN2727300E4196500,47.6472369,8.3444965,47.50,0.4615,13,6,Zensus 2022 / Destatis
CRS3035RES100mN2726100E4191700,47.6354553,8.2810242,47.00,0.5333,15,8,Zensus 2022 / Destatis
CRS3035RES100mN2724900E4185600,47.6233538,8.2003011,46.50,0.6000,15,9,Zensus 2022 / Destatis
CRS3035RES100mN2725100E4187100,47.6254796,8.2201771,46.50,0.6667,9,6,Zensus 2022 / Destatis
CRS3035RES100mN2725800E4191400,47.6326934,8.2771258,46.00,0.3636,11,4,Zensus 2022 / Destatis
CRS3035RES100mN2720600E4193600,47.5863641,8.3079094,45.50,0.5455,11,6,Zensus 2022 / Destatis
CRS3035RES100mN2725500E4190500,47.6298050,8.2652515,45.50,0.5000,14,7,Zensus 2022 / Destatis
CRS3035RES100mN2722000E4180700,47.5961713,8.1361144,45.00,0.1765,17,3,Zensus 2022 / Destatis
CRS3035RES100mN2723500E4183400,47.6102727,8.1715055,45.00,1.0000,7,7,Zensus 2022 / Destatis
CRS3035RES100mN2723500E4192500,47.6122292,8.2924353,45.00,1.0000,5,5,Zensus 2022 / Destatis
CRS3035RES100mN2726000E4192200,47.6346599,8.2877018,45.00,1.0000,5,5,Zensus 2022 / Destatis
CRS3035RES100mN2726100E4191300,47.6353716,8.2757061,45.00,0.3158,19,6,Zensus 2022 / Destatis
CRS3035RES100mN2724800E4186700,47.6226938,8.2149535,44.50,0.6923,13,9,Zensus 2022 / Destatis
CRS3035RES100mN2725000E4186300,47.6244063,8.2095743,44.50,0.6000,10,6,Zensus 2022 / Destatis
CRS3035RES100mN2724700E4186500,47.6217507,8.2123263,44.00,0.2143,14,3,Zensus 2022 / Destatis
CRS3035RES100mN2724900E4185900,47.6234193,8.2042887,43.50,0.6667,9,6,Zensus 2022 / Destatis
CRS3035RES100mN2724900E4187500,47.6237667,8.2255561,43.00,0.5333,15,8,Zensus 2022 / Destatis
CRS3035RES100mN2724900E4187700,47.6238098,8.2282145,43.00,0.2727,11,3,Zensus 2022 / Destatis
CRS3035RES100mN2725900E4190700,47.6334460,8.2677894,43.00,0.5333,15,8,Zensus 2022 / Destatis
CRS3035RES100mN2726300E4191100,47.6371290,8.2729867,43.00,0.1875,16,3,Zensus 2022 / Destatis
CRS3035RES100mN2723600E4183400,47.6111724,8.1714736,42.00,0.7273,11,8,Zensus 2022 / Destatis
CRS3035RES100mN2725100E4187000,47.6254580,8.2188478,41.00,0.2143,14,3,Zensus 2022 / Destatis
CRS3035RES100mN2723200E4192500,47.6095300,8.2925247,40.50,0.5385,13,7,Zensus 2022 / Destatis
CRS3035RES100mN2724700E4187200,47.6219024,8.2216305,40.50,1.0000,6,6,Zensus 2022 / Destatis
CRS3035RES100mN2725400E4193900,47.6296132,8.3104807,40.50,1.0000,6,6,Zensus 2022 / Destatis
CRS3035RES100mN2725500E4186700,47.6289917,8.2147355,40.50,0.4375,16,7,Zensus 2022 / Destatis
CRS3035RES100mN2725500E4194100,47.6305540,8.3131101,40.50,1.0000,6,6,Zensus 2022 / Destatis
CRS3035RES100mN2725600E4194000,47.6314332,8.3117512,40.50,1.0000,6,6,Zensus 2022 / Destatis
CRS3035RES100mN2725700E4193300,47.6321888,8.3024155,40.50,0.5385,13,7,Zensus 2022 / Destatis
CRS3035RES100mN2726100E4190800,47.6352665,8.2690584,40.50,1.0000,6,6,Zensus 2022 / Destatis
CRS3035RES100mN2728500E4198000,47.6583339,8.3641018,40.50,1.0000,6,6,Zensus 2022 / Destatis
CRS3035RES100mN2724000E4187900,47.6157555,8.2311507,40.00,0.1875,16,3,Zensus 2022 / Destatis
CRS3035RES100mN2724400E4187700,47.6193113,8.2283690,40.00,0.2308,13,3,Zensus 2022 / Destatis
CRS3035RES100mN2725300E4193900,47.6287135,8.3105102,40.00,0.1875,16,3,Zensus 2022 / Destatis
CRS3035RES100mN2723400E4192400,47.6113087,8.2911362,39.50,0.1154,26,3,Zensus 2022 / Destatis
CRS3035RES100mN2724900E4194900,47.6253192,8.3239210,39.50,0.3333,15,5,Zensus 2022 / Destatis
CRS3035RES100mN2725700E4190600,47.6316255,8.2665204,39.50,0.1364,22,3,Zensus 2022 / Destatis
CRS3035RES100mN2725700E4193900,47.6323124,8.3103923,39.50,0.1667,18,3,Zensus 2022 / Destatis
CRS3035RES100mN2723100E4183000,47.6065849,8.1663180,38.50,0.5000,14,7,Zensus 2022 / Destatis
CRS3035RES100mN2725500E4193200,47.6303687,8.3011453,38.00,0.4615,13,6,Zensus 2022 / Destatis
CRS3035RES100mN2727500E4196800,47.6490967,8.3484284,37.50,0.2941,17,5,Zensus 2022 / Destatis
CRS3035RES100mN2723400E4192500,47.6113294,8.2924651,37.00,0.3000,10,3,Zensus 2022 / Destatis
CRS3035RES100mN2723600E4183500,47.6111947,8.1728025,37.00,0.4615,13,6,Zensus 2022 / Destatis
CRS3035RES100mN2724400E4184800,47.6186797,8.1898254,37.00,0.3000,10,3,Zensus 2022 / Destatis
CRS3035RES100mN2725100E4193500,47.6268317,8.3052519,37.00,0.2308,13,3,Zensus 2022 / Destatis
CRS3035RES100mN2725600E4193800,47.6313921,8.3090923,37.00,0.2667,15,4,Zensus 2022 / Destatis
CRS3035RES100mN2725800E4186400,47.6316256,8.2106538,37.00,0.3000,10,3,Zensus 2022 / Destatis
CRS3035RES100mN2726100E4191500,47.6354135,8.2783652,37.00,0.2667,15,4,Zensus 2022 / Destatis
CRS3035RES100mN2726100E4190400,47.6351822,8.2637403,36.50,0.3125,16,5,Zensus 2022 / Destatis
CRS3035RES100mN2718900E4198600,47.5720766,8.3748063,36.00,0.5000,12,6,Zensus 2022 / Destatis
CRS3035RES100mN2722000E4180900,47.5962166,8.1387713,36.00,0.3333,9,3,Zensus 2022 / Destatis
CRS3035RES100mN2723300E4183400,47.6084734,8.1715693,36.00,0.5000,12,6,Zensus 2022 / Destatis
CRS3035RES100mN2724700E4184900,47.6214008,8.1910598,36.00,0.3333,9,3,Zensus 2022 / Destatis
CRS3035RES100mN2725700E4191200,47.6317517,8.2744970,36.00,1.0000,4,4,Zensus 2022 / Destatis
CRS3035RES100mN2725800E4190600,47.6325252,8.2664901,36.00,1.0000,8,8,Zensus 2022 / Destatis
CRS3035RES100mN2719100E4198600,47.5738761,8.3747497,35.50,0.3571,14,5,Zensus 2022 / Destatis
CRS3035RES100mN2723600E4192900,47.6132118,8.2977214,35.00,0.4286,7,3,Zensus 2022 / Destatis
CRS3035RES100mN2724600E4184900,47.6205011,8.1910914,35.00,0.4286,7,3,Zensus 2022 / Destatis
CRS3035RES100mN2725000E4185800,47.6242972,8.2029281,35.00,0.4286,7,3,Zensus 2022 / Destatis
CRS3035RES100mN2725000E4195000,47.6262393,8.3252211,35.00,0.2500,16,4,Zensus 2022 / Destatis
CRS3035RES100mN2724800E4185300,47.6223883,8.1963450,34.50,0.1579,19,3,Zensus 2022 / Destatis
CRS3035RES100mN2725000E4187100,47.6245799,8.2202081,34.50,0.7000,10,7,Zensus 2022 / Destatis
CRS3035RES100mN2726200E4190400,47.6360819,8.2637100,34.00,0.2000,20,4,Zensus 2022 / Destatis
CRS3035RES100mN2725000E4195100,47.6262597,8.3265504,33.50,0.3125,16,5,Zensus 2022 / Destatis
CRS3035RES100mN2725700E4192700,47.6320647,8.2944387,33.50,0.1500,20,3,Zensus 2022 / Destatis
CRS3035RES100mN2721100E4179700,47.5878467,8.1231241,33.00,0.0000,30,0,Zensus 2022 / Destatis
CRS3035RES100mN2722700E4181700,47.6026949,8.1491734,33.00,0.3333,9,3,Zensus 2022 / Destatis
CRS3035RES100mN2724600E4185200,47.6205670,8.1950788,33.00,0.5000,6,3,Zensus 2022 / Destatis
CRS3035RES100mN2724900E4187400,47.6237451,8.2242268,33.00,0.5000,6,3,Zensus 2022 / Destatis
CRS3035RES100mN2725000E4195300,47.6263003,8.3292090,33.00,0.3333,9,3,Zensus 2022 / Destatis
CRS3035RES100mN2725500E4190400,47.6297839,8.2639221,33.00,0.5000,6,3,Zensus 2022 / Destatis
CRS3035RES100mN2725800E4193400,47.6331092,8.3037154,33.00,0.2500,16,4,Zensus 2022 / Destatis
CRS3035RES100mN2726000E4190500,47.6343036,8.2651001,33.00,0.5000,6,3,Zensus 2022 / Destatis
CRS3035RES100mN2726200E4191700,47.6363550,8.2809942,33.00,0.5000,6,3,Zensus 2022 / Destatis
CRS3035RES100mN2726700E4188800,47.6402405,8.2422840,33.00,0.6667,9,6,Zensus 2022 / Destatis
CRS3035RES100mN2726900E4189600,47.6422104,8.2528602,33.00,0.3333,9,3,Zensus 2022 / Destatis
CRS3035RES100mN2727000E4189100,47.6430037,8.2461811,33.00,0.2857,14,4,Zensus 2022 / Destatis
CRS3035RES100mN2728500E4198100,47.6583538,8.3654320,33.00,0.6667,9,6,Zensus 2022 / Destatis
CRS3035RES100mN2720900E4179100,47.5859101,8.1152203,32.50,0.1765,17,3,Zensus 2022 / Destatis
CRS3035RES100mN2723200E4182700,47.6074176,8.1622997,32.50,0.1875,16,3,Zensus 2022 / Destatis
CRS3035RES100mN2725300E4193700,47.6286724,8.3078515,32.50,0.4167,12,5,Zensus 2022 / Destatis
CRS3035RES100mN2723400E4183100,47.6093063,8.1675509,32.00,0.3750,8,3,Zensus 2022 / Destatis
CRS3035RES100mN2723600E4183600,47.6112169,8.1741314,32.00,0.3750,8,3,Zensus 2022 / Destatis
CRS3035RES100mN2724200E4184600,47.6168363,8.1872305,32.00,0.2667,15,4,Zensus 2022 / Destatis
CRS3035RES100mN2725800E4190700,47.6325463,8.2678196,32.00,0.5455,11,6,Zensus 2022 / Destatis
CRS3035RES100mN2726000E4191400,47.6344928,8.2770657,32.00,0.5455,11,6,Zensus 2022 / Destatis
CRS3035RES100mN2726300E4192300,47.6373799,8.2889418,32.00,0.3750,8,3,Zensus 2022 / Destatis
CRS3035RES100mN2723200E4192700,47.6095715,8.2951824,31.50,0.2000,15,3,Zensus 2022 / Destatis
CRS3035RES100mN2724500E4194900,47.6217202,8.3240380,31.50,0.4545,11,5,Zensus 2022 / Destatis
CRS3035RES100mN2724600E4187300,47.6210244,8.2229906,31.50,1.0000,7,7,Zensus 2022 / Destatis
CRS3035RES100mN2724700E4187400,47.6219457,8.2242888,31.50,1.0000,7,7,Zensus 2022 / Destatis
CRS3035RES100mN2725400E4186700,47.6280920,8.2147666,31.50,1.0000,7,7,Zensus 2022 / Destatis
CRS3035RES100mN2726000E4191700,47.6345556,8.2810542,31.50,0.1667,18,3,Zensus 2022 / Destatis
CRS3035RES100mN2726200E4190300,47.6360608,8.2623805,31.50,0.1765,17,3,Zensus 2022 / Destatis
CRS3035RES100mN2720700E4193300,47.5872021,8.3038950,31.00,0.4286,7,3,Zensus 2022 / Destatis
CRS3035RES100mN2721000E4178700,47.5867180,8.1098745,31.00,0.3333,12,4,Zensus 2022 / Destatis
CRS3035RES100mN2724700E4185300,47.6214886,8.1963764,31.00,0.4286,7,3,Zensus 2022 / Destatis
CRS3035RES100mN2727300E4196200,47.6471764,8.3405069,31.00,0.3077,13,4,Zensus 2022 / Destatis
CRS3035RES100mN2727300E4196300,47.6471966,8.3418368,31.00,0.2857,14,4,Zensus 2022 / Destatis
CRS3035RES100mN2727400E4196800,47.6481970,8.3484573,31.00,0.4286,7,3,Zensus 2022 / Destatis
CRS3035RES100mN2721700E4194700,47.5964867,8.3221990,30.50,0.2000,15,3,Zensus 2022 / Destatis
CRS3035RES100mN2723300E4182700,47.6083173,8.1622677,30.50,0.1875,16,3,Zensus 2022 / Destatis
CRS3035RES100mN2723800E4192800,47.6149906,8.2963330,30.50,0.2143,14,3,Zensus 2022 / Destatis
CRS3035RES100mN2724200E4178200,47.6153924,8.1021749,30.50,0.1875,16,3,Zensus 2022 / Destatis
CRS3035RES100mN2724900E4195000,47.6253396,8.3252503,30.50,0.5556,9,5,Zensus 2022 / Destatis
CRS3035RES100mN2725900E4193200,47.6339676,8.3010267,30.50,0.1875,16,3,Zensus 2022 / Destatis
CRS3035RES100mN2728400E4198300,47.6574938,8.3681208,30.50,0.2000,15,3,Zensus 2022 / Destatis
CRS3035RES100mN2728800E4188600,47.6590913,8.2389791,30.50,0.2308,13,3,Zensus 2022 / Destatis
CRS3035RES100mN2721800E4194500,47.5973456,8.3195126,30.00,0.3077,13,4,Zensus 2022 / Destatis
CRS3035RES100mN2723300E4183100,47.6084066,8.1675829,30.00,0.5000,6,3,Zensus 2022 / Destatis
CRS3035RES100mN2723400E4193000,47.6114331,8.2991097,30.00,0.6667,9,6,Zensus 2022 / Destatis
CRS3035RES100mN2725200E4193400,47.6277108,8.3038929,30.00,0.5000,6,3,Zensus 2022 / Destatis
CRS3035RES100mN2725700E4193600,47.6322507,8.3064039,30.00,0.5000,6,3,Zensus 2022 / Destatis
CRS3035RES100mN2725900E4190500,47.6334039,8.2651304,30.00,0.5000,6,3,Zensus 2022 / Destatis
CRS3035RES100mN2726300E4191300,47.6371710,8.2756459,30.00,0.5000,6,3,Zensus 2022 / Destatis
CRS3035RES100mN2726500E4192100,47.6391377,8.2862228,30.00,0.5000,6,3,Zensus 2022 / Destatis
CRS3035RES100mN2728900E4198200,47.6619726,8.3666480,30.00,0.6667,9,6,Zensus 2022 / Destatis
CRS3035RES100mN2719300E4198800,47.5757152,8.3773491,29.50,0.2308,13,3,Zensus 2022 / Destatis
CRS3035RES100mN2721000E4193100,47.5898600,8.3011496,29.50,0.1579,19,3,Zensus 2022 / Destatis
CRS3035RES100mN2721800E4194400,47.5973252,8.3181840,29.50,0.2000,15,3,Zensus 2022 / Destatis
CRS3035RES100mN2722200E4196600,47.6013702,8.3472975,29.50,0.2308,13,3,Zensus 2022 / Destatis
CRS3035RES100mN2722400E4181300,47.5999057,8.1439558,29.50,0.2143,14,3,Zensus 2022 / Destatis
CRS3035RES100mN2724800E4194800,47.6243991,8.3226210,29.50,0.2000,15,3,Zensus 2022 / Destatis
CRS3035RES100mN2725500E4186800,47.6290134,8.2160648,29.50,0.1875,16,3,Zensus 2022 / Destatis
CRS3035RES100mN2725600E4190500,47.6307047,8.2652212,29.50,0.1875,16,3,Zensus 2022 / Destatis
CRS3035RES100mN2726200E4190200,47.6360396,8.2610509,29.50,0.2000,15,3,Zensus 2022 / Destatis
CRS3035RES100mN2726200E4191400,47.6362922,8.2770056,29.50,0.2143,14,3,Zensus 2022 / Destatis
CRS3035RES100mN2726700E4188900,47.6402619,8.2436136,29.50,0.1875,16,3,Zensus 2022 / Destatis
CRS3035RES100mN2726900E4197600,47.6438584,8.3592396,29.50,0.2000,15,3,Zensus 2022 / Destatis
CRS3035RES100mN2728900E4188800,47.6600338,8.2416087,29.50,0.4167,12,5,Zensus 2022 / Destatis
CRS3035RES100mN2724100E4187800,47.6166337,8.2297908,29.00,0.0000,29,0,Zensus 2022 / Destatis
CRS3035RES100mN2726200E4191500,47.6363132,8.2783351,29.00,0.3636,11,4,Zensus 2022 / Destatis
CRS3035RES100mN2726300E4190800,47.6370659,8.2689980,29.00,0.3333,12,4,Zensus 2022 / Destatis
CRS3035RES100mN2725200E4193800,47.6277932,8.3092103,28.50,0.1667,18,3,Zensus 2022 / Destatis
CRS3035RES100mN2725400E4186800,47.6281137,8.2160959,28.50,0.6250,8,5,Zensus 2022 / Destatis
CRS3035RES100mN2726600E4192200,47.6400582,8.2875225,28.50,0.2000,15,3,Zensus 2022 / Destatis
CRS3035RES100mN2727200E4196500,47.6463372,8.3445254,28.50,0.2000,15,3,Zensus 2022 / Destatis
CRS3035RES100mN2721700E4180400,47.5934042,8.1322266,28.00,0.3636,11,4,Zensus 2022 / Destatis
CRS3035RES100mN2724300E4188100,47.6184976,8.2337163,28.00,0.0000,25,0,Zensus 2022 / Destatis
CRS3035RES100mN2724500E4195000,47.6217406,8.3253672,28.00,0.2857,14,4,Zensus 2022 / Destatis
CRS3035RES100mN2724800E4185400,47.6224103,8.1976741,28.00,0.3636,11,4,Zensus 2022 / Destatis
CRS3035RES100mN2725300E4193600,47.6286518,8.3065221,28.00,0.4444,9,4,Zensus 2022 / Destatis
CRS3035RES100mN2725900E4191600,47.6336350,8.2797547,28.00,0.3636,11,4,Zensus 2022 / Destatis
CRS3035RES100mN2728300E4197800,47.6564946,8.3614987,28.00,0.4444,9,4,Zensus 2022 / Destatis
CRS3035RES100mN2728700E4188700,47.6582131,8.2403400,28.00,0.3636,11,4,Zensus 2022 / Destatis
CRS3035RES100mN2721900E4194500,47.5982454,8.3194833,27.50,0.2308,13,3,Zensus 2022 / Destatis
CRS3035RES100mN2723400E4192800,47.6113917,8.2964519,27.50,0.2143,14,3,Zensus 2022 / Destatis
CRS3035RES100mN2723600E4183300,47.6111502,8.1701447,27.50,0.3000,10,3,Zensus 2022 / Destatis
CRS3035RES100mN2724000E4188000,47.6157770,8.2324797,27.50,0.2143,14,3,Zensus 2022 / Destatis
CRS3035RES100mN2724900E4194800,47.6252988,8.3225917,27.50,0.2143,14,3,Zensus 2022 / Destatis
CRS3035RES100mN2725100E4193400,47.6268111,8.3039225,27.50,0.5000,10,5,Zensus 2022 / Destatis
CRS3035RES100mN2725500E4193700,47.6304718,8.3077924,27.50,0.3000,10,3,Zensus 2022 / Destatis
CRS3035RES100mN2725900E4191700,47.6336559,8.2810842,27.50,0.2308,13,3,Zensus 2022 / Destatis
CRS3035RES100mN2726100E4192300,47.6355804,8.2890015,27.50,0.2308,13,3,Zensus 2022 / Destatis
CRS3035RES100mN2726500E4197100,47.6401595,8.3527058,27.50,0.2308,13,3,Zensus 2022 / Destatis
CRS3035RES100mN2727000E4188700,47.6429182,8.2408622,27.50,0.2308,13,3,Zensus 2022 / Destatis
CRS3035RES100mN2721100E4179600,47.5878239,8.1217958,27.00,0.0000,24,0,Zensus 2022 / Destatis
CRS3035RES100mN2721600E4194500,47.5955461,8.3195712,27.00,0.4000,10,4,Zensus 2022 / Destatis
CRS3035RES100mN2721800E4195000,47.5974476,8.3261555,27.00,0.4000,10,4,Zensus 2022 / Destatis
CRS3035RES100mN2721900E4180600,47.5952489,8.1348184,27.00,1.0000,3,3,Zensus 2022 / Destatis
CRS3035RES100mN2724200E4187900,47.6175549,8.2310890,27.00,1.0000,3,3,Zensus 2022 / Destatis
CRS3035RES100mN2724300E4184800,47.6177800,8.1898570,27.00,1.0000,6,6,Zensus 2022 / Destatis
CRS3035RES100mN2724400E4187300,47.6192250,8.2230526,27.00,0.4000,10,4,Zensus 2022 / Destatis
CRS3035RES100mN2724600E4185000,47.6205231,8.1924205,27.00,0.4000,10,4,Zensus 2022 / Destatis
CRS3035RES100mN2724700E4185000,47.6214228,8.1923890,27.00,1.0000,6,6,Zensus 2022 / Destatis
CRS3035RES100mN2724900E4195200,47.6253803,8.3279089,27.00,0.3077,13,4,Zensus 2022 / Destatis
CRS3035RES100mN2725100E4186900,47.6254363,8.2175186,27.00,0.4000,10,4,Zensus 2022 / Destatis
CRS3035RES100mN2725100E4193900,47.6269140,8.3105692,27.00,1.0000,3,3,Zensus 2022 / Destatis
CRS3035RES100mN2725400E4190100,47.6288208,8.2599643,27.00,1.0000,3,3,Zensus 2022 / Destatis
CRS3035RES100mN2725500E4190900,47.6298893,8.2705691,27.00,1.0000,3,3,Zensus 2022 / Destatis
CRS3035RES100mN2725600E4191000,47.6308100,8.2718683,27.00,1.0000,3,3,Zensus 2022 / Destatis
CRS3035RES100mN2725700E4190400,47.6315833,8.2638615,27.00,1.0000,3,3,Zensus 2022 / Destatis
CRS3035RES100mN2725900E4191200,47.6335512,8.2744368,27.00,1.0000,3,3,Zensus 2022 / Destatis
CRS3035RES100mN2725900E4191400,47.6335931,8.2770958,27.00,1.0000,3,3,Zensus 2022 / Destatis
CRS3035RES100mN2726100E4192000,47.6355179,8.2850129,27.00,0.4000,10,4,Zensus 2022 / Destatis
CRS3035RES100mN2726200E4191100,47.6362293,8.2730169,27.00,1.0000,3,3,Zensus 2022 / Destatis
CRS3035RES100mN2726300E4191800,47.6372756,8.2822938,27.00,0.3077,13,4,Zensus 2022 / Destatis
CRS3035RES100mN2726900E4189100,47.6421040,8.2462117,27.00,0.4000,10,4,Zensus 2022 / Destatis
CRS3035RES100mN2727100E4189100,47.6439034,8.2461505,27.00,1.0000,3,3,Zensus 2022 / Destatis
CRS3035RES100mN2727200E4189400,47.6448670,8.2501092,27.00,0.4000,10,4,Zensus 2022 / Destatis
CRS3035RES100mN2722000E4180600,47.5961486,8.1347859,26.50,0.2308,13,3,Zensus 2022 / Destatis
CRS3035RES100mN2722700E4181600,47.6026724,8.1478447,26.50,0.2308,13,3,Zensus 2022 / Destatis
CRS3035RES100mN2722800E4178100,47.6027739,8.1013095,26.50,0.2308,13,3,Zensus 2022 / Destatis
CRS3035RES100mN2723400E4187600,47.6102926,8.2273491,26.50,0.2308,13,3,Zensus 2022 / Destatis
CRS3035RES100mN2724200E4195100,47.6190618,8.3267839,26.50,0.2308,13,3,Zensus 2022 / Destatis
CRS3035RES100mN2724400E4195100,47.6208612,8.3267255,26.50,0.2308,13,3,Zensus 2022 / Destatis
CRS3035RES100mN2725200E4190600,47.6271270,8.2666716,26.50,0.2308,13,3,Zensus 2022 / Destatis
CRS3035RES100mN2725200E4193700,47.6277726,8.3078810,26.50,0.1875,16,3,Zensus 2022 / Destatis
CRS3035RES100mN2725800E4192800,47.6329851,8.2957385,26.50,0.2308,13,3,Zensus 2022 / Destatis
CRS3035RES100mN2725800E4193600,47.6331504,8.3063743,26.50,0.2500,12,3,Zensus 2022 / Destatis
CRS3035RES100mN2727000E4197500,47.6447382,8.3578812,26.50,0.2308,13,3,Zensus 2022 / Destatis
CRS3035RES100mN2727600E4180300,47.6464621,8.1289736,26.50,0.2727,11,3,Zensus 2022 / Destatis
CRS3035RES100mN2724800E4185100,47.6223444,8.1936866,26.00,0.5000,8,4,Zensus 2022 / Destatis
CRS3035RES100mN2722600E4181600,47.6017727,8.1478770,25.50,0.6250,8,5,Zensus 2022 / Destatis
CRS3035RES100mN2722900E4193200,47.6069757,8.3019156,25.50,0.2000,15,3,Zensus 2022 / Destatis
CRS3035RES100mN2723200E4183400,47.6075737,8.1716012,25.50,0.2727,11,3,Zensus 2022 / Destatis
CRS3035RES100mN2723200E4192800,47.6095922,8.2965113,25.50,0.2727,11,3,Zensus 2022 / Destatis
CRS3035RES100mN2723500E4192900,47.6123121,8.2977511,25.50,0.2727,11,3,Zensus 2022 / Destatis
CRS3035RES100mN2724700E4184600,47.6213347,8.1870724,25.50,0.2500,12,3,Zensus 2022 / Destatis
CRS3035RES100mN2725000E4186000,47.6243409,8.2055866,25.50,0.6250,8,5,Zensus 2022 / Destatis
CRS3035RES100mN2725100E4186400,47.6253277,8.2108723,25.50,0.6250,8,5,Zensus 2022 / Destatis
CRS3035RES100mN2725400E4181700,47.6269863,8.1483016,25.50,0.2500,12,3,Zensus 2022 / Destatis
CRS3035RES100mN2725700E4193800,47.6322918,8.3090628,25.50,0.6250,8,5,Zensus 2022 / Destatis
CRS3035RES100mN2726900E4189200,47.6421253,8.2475414,25.50,0.2500,12,3,Zensus 2022 / Destatis
CRS3035RES100mN2727900E4196800,47.6526956,8.3483131,25.50,0.2727,11,3,Zensus 2022 / Destatis
CRS3035RES100mN2728100E4193700,47.6538646,8.3070242,25.50,0.2500,12,3,Zensus 2022 / Destatis
CRS3035RES100mN2728900E4188700,47.6600124,8.2402785,25.50,0.6250,8,5,Zensus 2022 / Destatis
CRS3035RES100mN2729000E4188700,47.6609121,8.2402478,25.50,0.2500,12,3,Zensus 2022 / Destatis
CRS3035RES100mN2721700E4180200,47.5933587,8.1295698,24.50,0.3000,10,3,Zensus 2022 / Destatis
CRS3035RES100mN2722500E4196600,47.6040694,8.3472111,24.50,0.2727,11,3,Zensus 2022 / Destatis
CRS3035RES100mN2723500E4187600,47.6111923,8.2273182,24.50,0.2143,14,3,Zensus 2022 / Destatis
CRS3035RES100mN2723600E4183100,47.6111057,8.1674870,24.50,0.2727,11,3,Zensus 2022 / Destatis
CRS3035RES100mN2723800E4179000,47.6119778,8.1129383,24.50,0.2727,11,3,Zensus 2022 / Destatis
CRS3035RES100mN2724200E4194900,47.6190210,8.3241257,24.50,0.3000,10,3,Zensus 2022 / Destatis
CRS3035RES100mN2724800E4185500,47.6224322,8.1990033,24.50,0.2727,11,3,Zensus 2022 / Destatis
CRS3035RES100mN2725000E4194900,47.6262189,8.3238918,24.50,0.3000,10,3,Zensus 2022 / Destatis
CRS3035RES100mN2725300E4193800,47.6286929,8.3091808,24.50,0.2143,14,3,Zensus 2022 / Destatis
CRS3035RES100mN2725600E4193300,47.6312891,8.3024451,24.50,0.2727,11,3,Zensus 2022 / Destatis
CRS3035RES100mN2725800E4193300,47.6330885,8.3023859,24.50,0.3000,10,3,Zensus 2022 / Destatis
CRS3035RES100mN2726100E4192400,47.6356012,8.2903310,24.50,0.2727,11,3,Zensus 2022 / Destatis
CRS3035RES100mN2726200E4192300,47.6364802,8.2889716,24.50,0.3000,10,3,Zensus 2022 / Destatis
CRS3035RES100mN2726500E4197200,47.6401796,8.3540354,24.50,0.2727,11,3,Zensus 2022 / Destatis
CRS3035RES100mN2727700E4185900,47.6486107,8.2034110,24.50,0.3000,10,3,Zensus 2022 / Destatis
CRS3035RES100mN2729000E4187000,47.6605460,8.2176348,24.50,0.3000,10,3,Zensus 2022 / Destatis
CRS3035RES100mN2730000E4199200,47.6720675,8.3796392,24.50,0.3000,10,3,Zensus 2022 / Destatis
CRS3035RES100mN2719100E4195300,47.5732152,8.3309267,24.00,0.4000,10,4,Zensus 2022 / Destatis
CRS3035RES100mN2720700E4193700,47.5872844,8.3092083,24.00,0.4000,10,4,Zensus 2022 / Destatis
CRS3035RES100mN2723900E4192900,47.6159110,8.2976323,24.00,0.0000,20,0,Zensus 2022 / Destatis
CRS3035RES100mN2724400E4184700,47.6186577,8.1884963,24.00,0.5714,7,4,Zensus 2022 / Destatis
CRS3035RES100mN2725000E4186200,47.6243845,8.2082450,24.00,0.4000,10,4,Zensus 2022 / Destatis
CRS3035RES100mN2726100E4190300,47.6351611,8.2624108,24.00,0.0000,19,0,Zensus 2022 / Destatis
CRS3035RES100mN2726200E4190700,47.6361452,8.2676987,24.00,0.5714,7,4,Zensus 2022 / Destatis
CRS3035RES100mN2726200E4191600,47.6363341,8.2796647,24.00,0.5714,7,4,Zensus 2022 / Destatis
CRS3035RES100mN2727300E4180100,47.6437176,8.1264121,24.00,0.5714,7,4,Zensus 2022 / Destatis
CRS3035RES100mN2720500E4193800,47.5855055,8.3105955,23.50,0.3000,10,3,Zensus 2022 / Destatis
CRS3035RES100mN2720700E4193200,47.5871814,8.3025667,23.50,0.3000,10,3,Zensus 2022 / Destatis
CRS3035RES100mN2722900E4181400,47.6044267,8.1451227,23.50,0.3000,10,3,Zensus 2022 / Destatis
CRS3035RES100mN2723400E4183000,47.6092840,8.1662221,23.50,0.3750,8,3,Zensus 2022 / Destatis
CRS3035RES100mN2723400E4192300,47.6112879,8.2898073,23.50,0.2308,13,3,Zensus 2022 / Destatis
CRS3035RES100mN2724000E4190700,47.6163514,8.2683635,23.50,0.3000,10,3,Zensus 2022 / Destatis
CRS3035RES100mN2724500E4194700,47.6216795,8.3213796,23.50,0.3000,10,3,Zensus 2022 / Destatis
CRS3035RES100mN2724500E4195100,47.6217610,8.3266964,23.50,0.3000,10,3,Zensus 2022 / Destatis
CRS3035RES100mN2724700E4178300,47.6199138,8.1033385,23.50,0.3000,10,3,Zensus 2022 / Destatis
CRS3035RES100mN2725000E4185900,47.6243190,8.2042574,23.50,0.3000,10,3,Zensus 2022 / Destatis
CRS3035RES100mN2725100E4193600,47.6268523,8.3065812,23.50,0.2308,13,3,Zensus 2022 / Destatis
CRS3035RES100mN2725100E4193700,47.6268729,8.3079105,23.50,0.3000,10,3,Zensus 2022 / Destatis
CRS3035RES100mN2725100E4195000,47.6271390,8.3251918,23.50,0.3000,10,3,Zensus 2022 / Destatis
CRS3035RES100mN2725900E4184300,47.6320648,8.1827045,23.50,0.3000,10,3,Zensus 2022 / Destatis
CRS3035RES100mN2726200E4190800,47.6361662,8.2690282,23.50,0.3000,10,3,Zensus 2022 / Destatis
CRS3035RES100mN2726200E4192500,47.6365217,8.2916308,23.50,0.3000,10,3,Zensus 2022 / Destatis
CRS3035RES100mN2726200E4197400,47.6375203,8.3567809,23.50,0.3000,10,3,Zensus 2022 / Destatis
CRS3035RES100mN2726300E4190900,47.6370870,8.2703276,23.50,0.3750,8,3,Zensus 2022 / Destatis
CRS3035RES100mN2726500E4191800,47.6390751,8.2822339,23.50,0.3000,10,3,Zensus 2022 / Destatis
CRS3035RES100mN2727000E4188800,47.6429396,8.2421919,23.50,0.3000,10,3,Zensus 2022 / Destatis
CRS3035RES100mN2727300E4196400,47.6472168,8.3431666,23.50,0.2308,13,3,Zensus 2022 / Destatis
CRS3035RES100mN2727400E4196400,47.6481165,8.3431377,23.50,0.3750,8,3,Zensus 2022 / Destatis
CRS3035RES100mN2730700E4182900,47.6749379,8.1625533,23.50,0.3000,10,3,Zensus 2022 / Destatis
CRS3035RES100mN2721100E4179500,47.5878010,8.1204676,23.00,0.0000,20,0,Zensus 2022 / Destatis
CRS3035RES100mN2723000E4193100,47.6078548,8.3005572,23.00,0.4444,9,4,Zensus 2022 / Destatis
CRS3035RES100mN2724400E4188000,47.6193758,8.2323564,23.00,0.0000,23,0,Zensus 2022 / Destatis
CRS3035RES100mN2720800E4178800,47.5849416,8.1112686,22.50,0.3333,9,3,Zensus 2022 / Destatis
CRS3035RES100mN2720800E4193200,47.5880812,8.3025372,22.50,1.0000,5,5,Zensus 2022 / Destatis
CRS3035RES100mN2720900E4178500,47.5857723,8.1072510,22.50,0.3333,9,3,Zensus 2022 / Destatis
CRS3035RES100mN2721100E4180300,47.5879833,8.1310937,22.50,1.0000,5,5,Zensus 2022 / Destatis
CRS3035RES100mN2721500E4194400,47.5946259,8.3182720,22.50,0.3333,9,3,Zensus 2022 / Destatis
CRS3035RES100mN2722400E4181200,47.5998832,8.1426273,22.50,0.3333,9,3,Zensus 2022 / Destatis
CRS3035RES100mN2723200E4183100,47.6075069,8.1676148,22.50,0.3333,9,3,Zensus 2022 / Destatis
CRS3035RES100mN2723200E4187600,47.6084932,8.2274110,22.50,1.0000,5,5,Zensus 2022 / Destatis
CRS3035RES100mN2723400E4192600,47.6113502,8.2937940,22.50,0.3333,9,3,Zensus 2022 / Destatis
CRS3035RES100mN2723600E4193000,47.6132325,8.2990504,22.50,0.3333,9,3,Zensus 2022 / Destatis
CRS3035RES100mN2723700E4183500,47.6120943,8.1727706,22.50,0.3333,9,3,Zensus 2022 / Destatis
CRS3035RES100mN2724600E4184600,47.6204350,8.1871040,22.50,0.3333,9,3,Zensus 2022 / Destatis
CRS3035RES100mN2724700E4186600,47.6217724,8.2136555,22.50,0.3333,9,3,Zensus 2022 / Destatis
CRS3035RES100mN2724800E4194700,47.6243787,8.3212917,22.50,0.3333,9,3,Zensus 2022 / Destatis
CRS3035RES100mN2724900E4186100,47.6234630,8.2069471,22.50,1.0000,5,5,Zensus 2022 / Destatis
CRS3035RES100mN2724900E4195300,47.6254006,8.3292382,22.50,0.3333,9,3,Zensus 2022 / Destatis
CRS3035RES100mN2725000E4194700,47.6261781,8.3212331,22.50,0.2500,12,3,Zensus 2022 / Destatis
CRS3035RES100mN2725300E4193400,47.6286105,8.3038634,22.50,0.3333,9,3,Zensus 2022 / Destatis
CRS3035RES100mN2725300E4193500,47.6286312,8.3051927,22.50,0.3333,9,3,Zensus 2022 / Destatis
CRS3035RES100mN2725400E4193400,47.6295103,8.3038338,22.50,0.3333,9,3,Zensus 2022 / Destatis
CRS3035RES100mN2725400E4193600,47.6295515,8.3064925,22.50,0.3333,9,3,Zensus 2022 / Destatis
CRS3035RES100mN2725500E4186600,47.6289700,8.2134061,22.50,1.0000,5,5,Zensus 2022 / Destatis
CRS3035RES100mN2725500E4190600,47.6298261,8.2665809,22.50,1.0000,5,5,Zensus 2022 / Destatis
CRS3035RES100mN2726000E4190300,47.6342614,8.2624411,22.50,0.2500,12,3,Zensus 2022 / Destatis
CRS3035RES100mN2726000E4191200,47.6344509,8.2744067,22.50,1.0000,5,5,Zensus 2022 / Destatis
CRS3035RES100mN2726200E4191000,47.6362083,8.2716873,22.50,0.3333,9,3,Zensus 2022 / Destatis
CRS3035RES100mN2726200E4191300,47.6362713,8.2756760,22.50,1.0000,5,5,Zensus 2022 / Destatis
CRS3035RES100mN2726400E4197000,47.6392397,8.3514048,22.50,0.3333,9,3,Zensus 2022 / Destatis
CRS3035RES100mN2726400E4197100,47.6392598,8.3527345,22.50,0.3333,9,3,Zensus 2022 / Destatis
CRS3035RES100mN2726700E4189000,47.6402832,8.2449433,22.50,0.3333,9,3,Zensus 2022 / Destatis
CRS3035RES100mN2727400E4196700,47.6481769,8.3471274,22.50,0.3333,9,3,Zensus 2022 / Destatis
CRS3035RES100mN2727500E4180800,47.6456760,8.1356550,22.50,0.3333,9,3,Zensus 2022 / Destatis
CRS3035RES100mN2727900E4196900,47.6527157,8.3496431,22.50,0.2500,12,3,Zensus 2022 / Destatis
CRS3035RES100mN2728100E4185500,47.6521219,8.1979657,22.50,0.3333,9,3,Zensus 2022 / Destatis
CRS3035RES100mN2728500E4197700,47.6582741,8.3601113,22.50,0.3333,9,3,Zensus 2022 / Destatis
CRS3035RES100mN2728600E4188900,47.6573561,8.2430309,22.50,0.3333,9,3,Zensus 2022 / Destatis
CRS3035RES100mN2728600E4198300,47.6592932,8.3680638,22.50,0.3333,9,3,Zensus 2022 / Destatis
CRS3035RES100mN2728700E4187400,47.6579335,8.2230486,22.50,0.3333,9,3,Zensus 2022 / Destatis
CRS3035RES100mN2729100E4186900,47.6614240,8.2162735,22.50,0.3333,9,3,Zensus 2022 / Destatis
CRS3035RES100mN2731300E4193700,47.6826553,8.3060775,22.50,0.3333,9,3,Zensus 2022 / Destatis
CRS3035RES100mN2722100E4180700,47.5970710,8.1360819,22.00,0.0000,19,0,Zensus 2022 / Destatis
CRS3035RES100mN2723500E4183600,47.6103172,8.1741632,22.00,0.5000,8,4,Zensus 2022 / Destatis
CRS3035RES100mN2724700E4185100,47.6214447,8.1937181,22.00,0.5000,8,4,Zensus 2022 / Destatis
CRS3035RES100mN2724900E4193500,47.6250323,8.3053110,22.00,0.5000,8,4,Zensus 2022 / Destatis
CRS3035RES100mN2726600E4197200,47.6410793,8.3540067,22.00,0.5000,8,4,Zensus 2022 / Destatis
CRS3035RES100mN2728400E4198400,47.6575136,8.3694509,22.00,0.5000,8,4,Zensus 2022 / Destatis
CRS3035RES100mN2722000E4194400,47.5991247,8.3181254,21.50,0.2727,11,3,Zensus 2022 / Destatis
CRS3035RES100mN2723700E4192900,47.6141116,8.2976917,21.50,0.2727,11,3,Zensus 2022 / Destatis
CRS3035RES100mN2724100E4195100,47.6181620,8.3268131,21.50,0.2727,11,3,Zensus 2022 / Destatis
CRS3035RES100mN2724200E4195200,47.6190821,8.3281131,21.50,0.4286,7,3,Zensus 2022 / Destatis
CRS3035RES100mN2724500E4187300,47.6201247,8.2230216,21.50,0.4286,7,3,Zensus 2022 / Destatis
CRS3035RES100mN2726200E4191800,47.6363759,8.2823238,21.50,0.2727,11,3,Zensus 2022 / Destatis
CRS3035RES100mN2727100E4189500,47.6439885,8.2514695,21.50,0.4286,7,3,Zensus 2022 / Destatis
CRS3035RES100mN2727300E4196600,47.6472570,8.3458264,21.50,0.2727,11,3,Zensus 2022 / Destatis
CRS3035RES100mN2719200E4198800,47.5748154,8.3773774,21.00,0.0000,13,0,Zensus 2022 / Destatis
CRS3035RES100mN2722800E4181700,47.6035946,8.1491411,21.00,0.5714,7,4,Zensus 2022 / Destatis
CRS3035RES100mN2723600E4187600,47.6120920,8.2272873,21.00,0.5714,7,4,Zensus 2022 / Destatis
CRS3035RES100mN2724400E4195000,47.6208409,8.3253964,21.00,0.0000,12,0,Zensus 2022 / Destatis
CRS3035RES100mN2724700E4184500,47.6213127,8.1857433,21.00,0.0000,18,0,Zensus 2022 / Destatis
CRS3035RES100mN2725800E4193800,47.6331916,8.3090333,21.00,0.0000,16,0,Zensus 2022 / Destatis
CRS3035RES100mN2726100E4192500,47.6356220,8.2916606,21.00,0.5714,7,4,Zensus 2022 / Destatis
CRS3035RES100mN2726700E4192200,47.6409579,8.2874926,21.00,0.0000,15,0,Zensus 2022 / Destatis
CRS3035RES100mN2727500E4183400,47.6462600,8.1702289,21.00,0.5714,7,4,Zensus 2022 / Destatis
CRS3035RES100mN2727700E4185800,47.6485888,8.2020811,21.00,0.5714,7,4,Zensus 2022 / Destatis
CRS3035RES100mN2728800E4198200,47.6610729,8.3666765,21.00,0.5714,7,4,Zensus 2022 / Destatis
CRS3035RES100mN2720600E4193500,47.5863435,8.3065812,20.50,0.3000,10,3,Zensus 2022 / Destatis
CRS3035RES100mN2723100E4183200,47.6066295,8.1689755,20.50,0.3000,10,3,Zensus 2022 / Destatis
CRS3035RES100mN2723100E4183300,47.6066517,8.1703043,20.50,0.3000,10,3,Zensus 2022 / Destatis
CRS3035RES100mN2723200E4182900,47.6074623,8.1649573,20.50,0.3000,10,3,Zensus 2022 / Destatis
CRS3035RES100mN2725700E4186600,47.6307694,8.2133438,20.50,0.3000,10,3,Zensus 2022 / Destatis
CRS3035RES100mN2726200E4186300,47.6352026,8.2091993,20.50,0.3000,10,3,Zensus 2022 / Destatis
CRS3035RES100mN2730500E4190300,47.6747479,8.2610752,20.50,0.3000,10,3,Zensus 2022 / Destatis
CRS3035RES100mN2730500E4190400,47.6747691,8.2624057,20.50,0.3000,10,3,Zensus 2022 / Destatis
CRS3035RES100mN2725400E4186900,47.6281354,8.2174253,20.00,0.0000,15,0,Zensus 2022 / Destatis
CRS3035RES100mN2725900E4193700,47.6340707,8.3076743,20.00,0.0000,15,0,Zensus 2022 / Destatis
CRS3035RES100mN2726800E4192200,47.6418576,8.2874627,20.00,0.0000,14,0,Zensus 2022 / Destatis
CRS3035RES100mN2727500E4196400,47.6490162,8.3431088,20.00,0.0000,15,0,Zensus 2022 / Destatis
CRS3035RES100mN2719100E4195200,47.5731949,8.3295987,19.50,0.3333,9,3,Zensus 2022 / Destatis
CRS3035RES100mN2720600E4193400,47.5863229,8.3052529,19.50,0.5000,6,3,Zensus 2022 / Destatis
CRS3035RES100mN2720700E4193400,47.5872227,8.3052233,19.50,0.5000,6,3,Zensus 2022 / Destatis
CRS3035RES100mN2721800E4194700,47.5973865,8.3221697,19.50,0.5000,6,3,Zensus 2022 / Destatis
CRS3035RES100mN2722100E4180900,47.5971163,8.1387389,19.50,0.5000,6,3,Zensus 2022 / Destatis
CRS3035RES100mN2723100E4183100,47.6066072,8.1676468,19.50,0.3333,9,3,Zensus 2022 / Destatis
CRS3035RES100mN2723100E4183400,47.6066740,8.1716330,19.50,0.3333,9,3,Zensus 2022 / Destatis
CRS3035RES100mN2723500E4193000,47.6123328,8.2990801,19.50,0.5000,6,3,Zensus 2022 / Destatis
CRS3035RES100mN2723900E4188000,47.6148773,8.2325105,19.50,0.3333,9,3,Zensus 2022 / Destatis
CRS3035RES100mN2724500E4185100,47.6196454,8.1937811,19.50,0.3333,9,3,Zensus 2022 / Destatis
CRS3035RES100mN2725100E4181500,47.6242422,8.1457401,19.50,0.5000,6,3,Zensus 2022 / Destatis
CRS3035RES100mN2725200E4181700,47.6251870,8.1483662,19.50,0.5000,6,3,Zensus 2022 / Destatis
CRS3035RES100mN2725300E4186900,47.6272357,8.2174564,19.50,0.3333,9,3,Zensus 2022 / Destatis
CRS3035RES100mN2725700E4191100,47.6317307,8.2731676,19.50,0.5000,6,3,Zensus 2022 / Destatis
CRS3035RES100mN2725700E4193100,47.6321475,8.2997566,19.50,0.5000,6,3,Zensus 2022 / Destatis
CRS3035RES100mN2726300E4192000,47.6373174,8.2849530,19.50,0.3333,9,3,Zensus 2022 / Destatis
CRS3035RES100mN2726400E4183900,47.6364746,8.1772278,19.50,0.5000,6,3,Zensus 2022 / Destatis
CRS3035RES100mN2726600E4188700,47.6393194,8.2409850,19.50,0.5000,6,3,Zensus 2022 / Destatis
CRS3035RES100mN2726700E4191900,47.6408954,8.2835036,19.50,0.3333,9,3,Zensus 2022 / Destatis
CRS3035RES100mN2726700E4197300,47.6419990,8.3553077,19.50,0.5000,6,3,Zensus 2022 / Destatis
CRS3035RES100mN2727400E4180800,47.6447764,8.1356875,19.50,0.5000,6,3,Zensus 2022 / Destatis
CRS3035RES100mN2727700E4180600,47.6474300,8.1329303,19.50,0.5000,6,3,Zensus 2022 / Destatis
CRS3035RES100mN2727700E4197100,47.6509563,8.3523606,19.50,0.5000,6,3,Zensus 2022 / Destatis
CRS3035RES100mN2728400E4197700,47.6573744,8.3601400,19.50,0.5000,6,3,Zensus 2022 / Destatis
CRS3035RES100mN2728400E4197800,47.6573943,8.3614701,19.50,0.5000,6,3,Zensus 2022 / Destatis
CRS3035RES100mN2728600E4187400,47.6570338,8.2230796,19.50,0.5000,6,3,Zensus 2022 / Destatis
CRS3035RES100mN2723000E4178100,47.6045733,8.1012433,19.00,0.0000,15,0,Zensus 2022 / Destatis
CRS3035RES100mN2725100E4195100,47.6271594,8.3265212,19.00,0.0000,11,0,Zensus 2022 / Destatis
CRS3035RES100mN2725800E4193100,47.6330472,8.2997269,19.00,0.0000,16,0,Zensus 2022 / Destatis
CRS3035RES100mN2725900E4193500,47.6340295,8.3050153,19.00,0.0000,15,0,Zensus 2022 / Destatis
CRS3035RES100mN2726900E4197200,47.6437785,8.3539205,19.00,0.0000,16,0,Zensus 2022 / Destatis
CRS3035RES100mN2727400E4196300,47.6480963,8.3418078,19.00,0.0000,11,0,Zensus 2022 / Destatis
CRS3035RES100mN2728300E4198000,47.6565344,8.3641589,19.00,0.0000,14,0,Zensus 2022 / Destatis
CRS3035RES100mN2728400E4197900,47.6574143,8.3628002,19.00,0.0000,11,0,Zensus 2022 / Destatis
CRS3035RES100mN2728500E4188800,47.6564351,8.2417315,19.00,0.0000,14,0,Zensus 2022 / Destatis
CRS3035RES100mN2730500E4199000,47.6765267,8.3768364,19.00,0.0000,16,0,Zensus 2022 / Destatis
CRS3035RES100mN2719200E4195200,47.5740947,8.3295696,18.50,0.3750,8,3,Zensus 2022 / Destatis
CRS3035RES100mN2719800E4178000,47.5757606,8.1009740,18.50,0.3750,8,3,Zensus 2022 / Destatis
CRS3035RES100mN2721100E4180000,47.5879151,8.1271089,18.50,0.3750,8,3,Zensus 2022 / Destatis
CRS3035RES100mN2721300E4179800,47.5896689,8.1243870,18.50,0.3750,8,3,Zensus 2022 / Destatis
CRS3035RES100mN2722100E4180400,47.5970029,8.1320964,18.50,0.3750,8,3,Zensus 2022 / Destatis
CRS3035RES100mN2723000E4178200,47.6045964,8.1025720,18.50,0.3750,8,3,Zensus 2022 / Destatis
CRS3035RES100mN2723400E4183200,47.6093285,8.1688797,18.50,0.3750,8,3,Zensus 2022 / Destatis
CRS3035RES100mN2723700E4183700,47.6121388,8.1754284,18.50,0.3750,8,3,Zensus 2022 / Destatis
CRS3035RES100mN2723800E4179100,47.6120007,8.1142672,18.50,0.3750,8,3,Zensus 2022 / Destatis
CRS3035RES100mN2724100E4195300,47.6182027,8.3294713,18.50,0.3750,8,3,Zensus 2022 / Destatis
CRS3035RES100mN2725000E4194600,47.6261577,8.3199038,18.50,0.3750,8,3,Zensus 2022 / Destatis
CRS3035RES100mN2725100E4185700,47.6251750,8.2015675,18.50,0.3750,8,3,Zensus 2022 / Destatis
CRS3035RES100mN2726200E4190500,47.6361030,8.2650396,18.50,0.3750,8,3,Zensus 2022 / Destatis
CRS3035RES100mN2726600E4197100,47.6410593,8.3526770,18.50,0.3750,8,3,Zensus 2022 / Destatis
CRS3035RES100mN2729100E4198400,47.6638117,8.3692515,18.50,0.3750,8,3,Zensus 2022 / Destatis
CRS3035RES100mN2731400E4193500,47.6835138,8.3033864,18.50,0.3750,8,3,Zensus 2022 / Destatis
CRS3035RES100mN2719300E4198900,47.5757349,8.3786771,18.00,1.0000,4,4,Zensus 2022 / Destatis
CRS3035RES100mN2721000E4179500,47.5869014,8.1205003,18.00,0.0000,15,0,Zensus 2022 / Destatis
CRS3035RES100mN2721100E4180100,47.5879379,8.1284371,18.00,1.0000,4,4,Zensus 2022 / Destatis
CRS3035RES100mN2723300E4192500,47.6104297,8.2924949,18.00,0.0000,13,0,Zensus 2022 / Destatis
CRS3035RES100mN2723700E4187600,47.6129918,8.2272564,18.00,1.0000,4,4,Zensus 2022 / Destatis
CRS3035RES100mN2724600E4187400,47.6210460,8.2243198,18.00,1.0000,4,4,Zensus 2022 / Destatis
CRS3035RES100mN2724800E4187100,47.6227805,8.2202702,18.00,1.0000,4,4,Zensus 2022 / Destatis
CRS3035RES100mN2724900E4186000,47.6234412,8.2056179,18.00,1.0000,4,4,Zensus 2022 / Destatis
CRS3035RES100mN2724900E4186600,47.6235718,8.2135931,18.00,1.0000,4,4,Zensus 2022 / Destatis
CRS3035RES100mN2725000E4186500,47.6244498,8.2122327,18.00,1.0000,4,4,Zensus 2022 / Destatis
CRS3035RES100mN2725100E4185600,47.6251531,8.2002383,18.00,1.0000,4,4,Zensus 2022 / Destatis
CRS3035RES100mN2725700E4190900,47.6316887,8.2705087,18.00,0.0000,14,0,Zensus 2022 / Destatis
CRS3035RES100mN2725700E4193400,47.6322095,8.3037450,18.00,0.0000,11,0,Zensus 2022 / Destatis
CRS3035RES100mN2725900E4191500,47.6336140,8.2784253,18.00,1.0000,4,4,Zensus 2022 / Destatis
CRS3035RES100mN2726100E4191000,47.6353086,8.2717175,18.00,1.0000,4,4,Zensus 2022 / Destatis
CRS3035RES100mN2726200E4192000,47.6364177,8.2849829,18.00,0.0000,14,0,Zensus 2022 / Destatis
CRS3035RES100mN2726200E4192600,47.6365425,8.2929603,18.00,0.0000,15,0,Zensus 2022 / Destatis
CRS3035RES100mN2726400E4191300,47.6380707,8.2756158,18.00,1.0000,4,4,Zensus 2022 / Destatis
CRS3035RES100mN2726800E4192400,47.6418993,8.2901221,18.00,0.0000,13,0,Zensus 2022 / Destatis
CRS3035RES100mN2727100E4188900,47.6438607,8.2434910,18.00,0.0000,13,0,Zensus 2022 / Destatis
CRS3035RES100mN2727400E4183300,47.6453381,8.1689311,18.00,1.0000,4,4,Zensus 2022 / Destatis
CRS3035RES100mN2727400E4196600,47.6481568,8.3457975,18.00,0.0000,18,0,Zensus 2022 / Destatis
CRS3035RES100mN2727600E4183500,47.6471820,8.1715267,18.00,1.0000,4,4,Zensus 2022 / Destatis
CRS3035RES100mN2728700E4188900,47.6582558,8.2430002,18.00,0.0000,15,0,Zensus 2022 / Destatis
CRS3035RES100mN2719000E4198700,47.5729961,8.3761059,17.50,0.4286,7,3,Zensus 2022 / Destatis
CRS3035RES100mN2719400E4198800,47.5766149,8.3773208,17.50,0.4286,7,3,Zensus 2022 / Destatis
CRS3035RES100mN2721100E4193400,47.5908217,8.3051052,17.50,0.4286,7,3,Zensus 2022 / Destatis
CRS3035RES100mN2721200E4178600,47.5884944,8.1084804,17.50,0.4286,7,3,Zensus 2022 / Destatis
CRS3035RES100mN2721600E4194800,47.5956074,8.3235568,17.50,0.4286,7,3,Zensus 2022 / Destatis
CRS3035RES100mN2721700E4180100,47.5933360,8.1282414,17.50,0.4286,7,3,Zensus 2022 / Destatis
CRS3035RES100mN2721800E4180200,47.5942584,8.1295372,17.50,0.4286,7,3,Zensus 2022 / Destatis
CRS3035RES100mN2721900E4195100,47.5983677,8.3274549,17.50,0.4286,7,3,Zensus 2022 / Destatis
CRS3035RES100mN2722200E4180600,47.5979480,8.1347209,17.50,0.4286,7,3,Zensus 2022 / Destatis
CRS3035RES100mN2722400E4196700,47.6031898,8.3485686,17.50,0.4286,7,3,Zensus 2022 / Destatis
CRS3035RES100mN2723500E4183100,47.6102060,8.1675189,17.50,0.4286,7,3,Zensus 2022 / Destatis
CRS3035RES100mN2723700E4179100,47.6111011,8.1143000,17.50,0.4286,7,3,Zensus 2022 / Destatis
CRS3035RES100mN2723900E4178900,47.6128545,8.1115765,17.50,0.4286,7,3,Zensus 2022 / Destatis
CRS3035RES100mN2723900E4187800,47.6148343,8.2298525,17.50,0.4286,7,3,Zensus 2022 / Destatis
CRS3035RES100mN2724300E4190400,47.6189873,8.2642855,17.50,0.4286,7,3,Zensus 2022 / Destatis
CRS3035RES100mN2724600E4184800,47.6204791,8.1897623,17.50,0.4286,7,3,Zensus 2022 / Destatis
CRS3035RES100mN2724700E4184800,47.6213788,8.1897307,17.50,0.4286,7,3,Zensus 2022 / Destatis
CRS3035RES100mN2725000E4193600,47.6259526,8.3066107,17.50,0.4286,7,3,Zensus 2022 / Destatis
CRS3035RES100mN2725200E4181600,47.6251644,8.1470369,17.50,0.4286,7,3,Zensus 2022 / Destatis
CRS3035RES100mN2725300E4180600,47.6258380,8.1337122,17.50,0.4286,7,3,Zensus 2022 / Destatis
CRS3035RES100mN2725800E4190800,47.6325674,8.2691491,17.50,0.4286,7,3,Zensus 2022 / Destatis
CRS3035RES100mN2725900E4191800,47.6336768,8.2824137,17.50,0.4286,7,3,Zensus 2022 / Destatis
CRS3035RES100mN2726000E4191100,47.6344299,8.2730772,17.50,0.4286,7,3,Zensus 2022 / Destatis
CRS3035RES100mN2726200E4192100,47.6364385,8.2863125,17.50,0.4286,7,3,Zensus 2022 / Destatis
CRS3035RES100mN2726300E4184000,47.6355971,8.1785891,17.50,0.4286,7,3,Zensus 2022 / Destatis
CRS3035RES100mN2726300E4197300,47.6384001,8.3554225,17.50,0.4286,7,3,Zensus 2022 / Destatis
CRS3035RES100mN2726500E4188800,47.6384411,8.2423453,17.50,0.4286,7,3,Zensus 2022 / Destatis
CRS3035RES100mN2726600E4191800,47.6399748,8.2822039,17.50,0.4286,7,3,Zensus 2022 / Destatis
CRS3035RES100mN2727100E4188800,47.6438393,8.2421612,17.50,0.4286,7,3,Zensus 2022 / Destatis
CRS3035RES100mN2727500E4196500,47.6490364,8.3444387,17.50,0.4286,7,3,Zensus 2022 / Destatis
CRS3035RES100mN2727600E4196900,47.6500165,8.3497295,17.50,0.4286,7,3,Zensus 2022 / Destatis
CRS3035RES100mN2728400E4198600,47.6575532,8.3721112,17.50,0.4286,7,3,Zensus 2022 / Destatis
CRS3035RES100mN2728800E4188500,47.6590699,8.2376490,17.50,0.4286,7,3,Zensus 2022 / Destatis
CRS3035RES100mN2728800E4188900,47.6591555,8.2429695,17.50,0.4286,7,3,Zensus 2022 / Destatis
CRS3035RES100mN2729000E4188800,47.6609335,8.2415780,17.50,0.4286,7,3,Zensus 2022 / Destatis
CRS3035RES100mN2730700E4199000,47.6783261,8.3767797,17.50,0.4286,7,3,Zensus 2022 / Destatis
CRS3035RES100mN2732400E4181700,47.6899626,8.1460365,17.50,0.4286,7,3,Zensus 2022 / Destatis
CRS3035RES100mN2721400E4194600,47.5937671,8.3209582,17.00,0.0000,14,0,Zensus 2022 / Destatis
CRS3035RES100mN2723000E4183200,47.6057298,8.1690074,17.00,0.0000,14,0,Zensus 2022 / Destatis
CRS3035RES100mN2724000E4190500,47.6163093,8.2657054,17.00,0.0000,14,0,Zensus 2022 / Destatis
CRS3035RES100mN2724200E4187700,47.6175118,8.2284308,17.00,0.0000,17,0,Zensus 2022 / Destatis
CRS3035RES100mN2724200E4195000,47.6190414,8.3254548,17.00,0.0000,12,0,Zensus 2022 / Destatis
CRS3035RES100mN2724700E4188100,47.6220964,8.2335930,17.00,0.0000,14,0,Zensus 2022 / Destatis
CRS3035RES100mN2725900E4193600,47.6340501,8.3063448,17.00,0.0000,17,0,Zensus 2022 / Destatis
CRS3035RES100mN2725900E4193900,47.6341118,8.3103333,17.00,0.0000,14,0,Zensus 2022 / Destatis
CRS3035RES100mN2727000E4189600,47.6431101,8.2528297,17.00,0.0000,12,0,Zensus 2022 / Destatis
CRS3035RES100mN2727600E4196500,47.6499361,8.3444098,17.00,0.0000,11,0,Zensus 2022 / Destatis
CRS3035RES100mN2729200E4188800,47.6627329,8.2415165,17.00,0.0000,14,0,Zensus 2022 / Destatis
CRS3035RES100mN2731000E4182000,47.6774351,8.1504818,17.00,0.0000,14,0,Zensus 2022 / Destatis
CRS3035RES100mN2720800E4193300,47.5881018,8.3038655,16.50,0.5000,6,3,Zensus 2022 / Destatis
CRS3035RES100mN2721100E4180200,47.5879606,8.1297654,16.50,0.5000,6,3,Zensus 2022 / Destatis
CRS3035RES100mN2721200E4180100,47.5888376,8.1284045,16.50,0.5000,6,3,Zensus 2022 / Destatis
CRS3035RES100mN2721700E4194600,47.5964663,8.3208704,16.50,0.5000,6,3,Zensus 2022 / Destatis
CRS3035RES100mN2722100E4180800,47.5970936,8.1374104,16.50,0.5000,6,3,Zensus 2022 / Destatis
CRS3035RES100mN2722800E4193100,47.6060553,8.3006165,16.50,0.5000,6,3,Zensus 2022 / Destatis
CRS3035RES100mN2723400E4187500,47.6102711,8.2260203,16.50,0.5000,6,3,Zensus 2022 / Destatis
CRS3035RES100mN2723500E4188200,47.6113214,8.2352916,16.50,0.5000,6,3,Zensus 2022 / Destatis
CRS3035RES100mN2723600E4183700,47.6112391,8.1754602,16.50,0.5000,6,3,Zensus 2022 / Destatis
CRS3035RES100mN2723700E4183600,47.6121166,8.1740995,16.50,0.5000,6,3,Zensus 2022 / Destatis
CRS3035RES100mN2724700E4180400,47.6203945,8.1312493,16.50,0.5000,6,3,Zensus 2022 / Destatis
CRS3035RES100mN2724700E4186400,47.6217289,8.2109971,16.50,0.5000,6,3,Zensus 2022 / Destatis
CRS3035RES100mN2725000E4194500,47.6261373,8.3185745,16.50,0.5000,6,3,Zensus 2022 / Destatis
CRS3035RES100mN2725300E4187100,47.6272790,8.2201150,16.50,0.5000,6,3,Zensus 2022 / Destatis
CRS3035RES100mN2725500E4193600,47.6304512,8.3064630,16.50,0.5000,6,3,Zensus 2022 / Destatis
CRS3035RES100mN2726100E4191200,47.6353506,8.2743766,16.50,0.5000,6,3,Zensus 2022 / Destatis
CRS3035RES100mN2726400E4197200,47.6392798,8.3540642,16.50,0.5000,6,3,Zensus 2022 / Destatis
CRS3035RES100mN2726400E4197300,47.6392998,8.3553938,16.50,0.5000,6,3,Zensus 2022 / Destatis
CRS3035RES100mN2726800E4189200,47.6412256,8.2475720,16.50,0.5000,6,3,Zensus 2022 / Destatis
CRS3035RES100mN2727400E4180700,47.6447537,8.1343578,16.50,0.5000,6,3,Zensus 2022 / Destatis
CRS3035RES100mN2727700E4189000,47.6492802,8.2446369,16.50,0.5000,6,3,Zensus 2022 / Destatis
CRS3035RES100mN2727800E4196800,47.6517959,8.3483419,16.50,0.5000,6,3,Zensus 2022 / Destatis
CRS3035RES100mN2728300E4185300,47.6538774,8.1952428,16.50,0.5000,6,3,Zensus 2022 / Destatis
CRS3035RES100mN2728700E4182000,47.6567429,8.1512247,16.50,0.5000,6,3,Zensus 2022 / Destatis
CRS3035RES100mN2728700E4188500,47.6581702,8.2376797,16.50,0.5000,6,3,Zensus 2022 / Destatis
CRS3035RES100mN2728700E4188600,47.6581916,8.2390099,16.50,0.5000,6,3,Zensus 2022 / Destatis
CRS3035RES100mN2728800E4187300,47.6588115,8.2216874,16.50,0.5000,6,3,Zensus 2022 / Destatis
CRS3035RES100mN2728900E4181500,47.6584296,8.1445097,16.50,0.5000,6,3,Zensus 2022 / Destatis
CRS3035RES100mN2730800E4182000,47.6756358,8.1505464,16.50,0.5000,6,3,Zensus 2022 / Destatis
CRS3035RES100mN2721200E4180000,47.5888148,8.1270762,16.00,0.0000,12,0,Zensus 2022 / Destatis
CRS3035RES100mN2721300E4180000,47.5897145,8.1270436,16.00,0.0000,16,0,Zensus 2022 / Destatis
CRS3035RES100mN2722800E4181600,47.6035721,8.1478124,16.00,0.0000,13,0,Zensus 2022 / Destatis
CRS3035RES100mN2723000E4183000,47.6056852,8.1663500,16.00,0.0000,12,0,Zensus 2022 / Destatis
CRS3035RES100mN2723300E4182500,47.6082726,8.1596101,16.00,0.0000,13,0,Zensus 2022 / Destatis
CRS3035RES100mN2723500E4192400,47.6122084,8.2911064,16.00,0.0000,16,0,Zensus 2022 / Destatis
CRS3035RES100mN2724100E4187900,47.6166552,8.2311198,16.00,0.0000,13,0,Zensus 2022 / Destatis
CRS3035RES100mN2726100E4193900,47.6359113,8.3102743,16.00,0.0000,13,0,Zensus 2022 / Destatis
CRS3035RES100mN2726200E4192400,47.6365010,8.2903012,16.00,0.0000,13,0,Zensus 2022 / Destatis
CRS3035RES100mN2726300E4191000,47.6371080,8.2716572,16.00,0.0000,11,0,Zensus 2022 / Destatis
CRS3035RES100mN2726600E4192300,47.6400790,8.2888522,16.00,0.0000,13,0,Zensus 2022 / Destatis
CRS3035RES100mN2726800E4197400,47.6429188,8.3566088,16.00,0.0000,13,0,Zensus 2022 / Destatis
CRS3035RES100mN2726900E4188800,47.6420399,8.2422226,16.00,0.0000,10,0,Zensus 2022 / Destatis
CRS3035RES100mN2727200E4188900,47.6447604,8.2434603,16.00,0.0000,12,0,Zensus 2022 / Destatis
CRS3035RES100mN2727800E4196500,47.6517356,8.3443520,16.00,0.0000,12,0,Zensus 2022 / Destatis
CRS3035RES100mN2728000E4197900,47.6538153,8.3629146,16.00,0.0000,16,0,Zensus 2022 / Destatis
CRS3035RES100mN2728600E4188800,47.6573348,8.2417008,16.00,0.0000,10,0,Zensus 2022 / Destatis
CRS3035RES100mN2730700E4199100,47.6783459,8.3781103,16.00,0.0000,13,0,Zensus 2022 / Destatis
CRS3035RES100mN2718900E4198500,47.5720568,8.3734783,15.00,0.0000,11,0,Zensus 2022 / Destatis
CRS3035RES100mN2720900E4178700,47.5858183,8.1099074,15.00,0.0000,12,0,Zensus 2022 / Destatis
CRS3035RES100mN2721100E4179800,47.5878695,8.1244524,15.00,0.0000,15,0,Zensus 2022 / Destatis
CRS3035RES100mN2722500E4181300,47.6008054,8.1439235,15.00,0.0000,9,0,Zensus 2022 / Destatis
CRS3035RES100mN2723000E4183100,47.6057075,8.1676787,15.00,0.0000,10,0,Zensus 2022 / Destatis
CRS3035RES100mN2723300E4182600,47.6082950,8.1609389,15.00,0.0000,11,0,Zensus 2022 / Destatis
CRS3035RES100mN2723400E4187700,47.6103142,8.2286780,15.00,0.0000,12,0,Zensus 2022 / Destatis
CRS3035RES100mN2723600E4192800,47.6131911,8.2963924,15.00,0.0000,11,0,Zensus 2022 / Destatis
CRS3035RES100mN2724100E4178800,47.6146309,8.1101817,15.00,0.0000,10,0,Zensus 2022 / Destatis
CRS3035RES100mN2724100E4195000,47.6181417,8.3254840,15.00,0.0000,9,0,Zensus 2022 / Destatis
CRS3035RES100mN2724300E4194900,47.6199208,8.3240964,15.00,0.0000,11,0,Zensus 2022 / Destatis
CRS3035RES100mN2724800E4195400,47.6245212,8.3305966,15.00,0.0000,15,0,Zensus 2022 / Destatis
CRS3035RES100mN2725100E4186300,47.6253060,8.2095430,15.00,0.0000,12,0,Zensus 2022 / Destatis
CRS3035RES100mN2725600E4193400,47.6313097,8.3037746,15.00,0.0000,9,0,Zensus 2022 / Destatis
CRS3035RES100mN2725600E4193500,47.6313303,8.3051040,15.00,0.0000,12,0,Zensus 2022 / Destatis
CRS3035RES100mN2725900E4194000,47.6341324,8.3116628,15.00,0.0000,12,0,Zensus 2022 / Destatis
CRS3035RES100mN2726000E4193900,47.6350116,8.3103038,15.00,0.0000,15,0,Zensus 2022 / Destatis
CRS3035RES100mN2726200E4192200,47.6364593,8.2876421,15.00,0.0000,11,0,Zensus 2022 / Destatis
CRS3035RES100mN2726300E4191900,47.6372965,8.2836234,15.00,0.0000,11,0,Zensus 2022 / Destatis
CRS3035RES100mN2726400E4191000,47.6380077,8.2716270,15.00,0.0000,9,0,Zensus 2022 / Destatis
CRS3035RES100mN2726800E4192100,47.6418368,8.2861330,15.00,0.0000,11,0,Zensus 2022 / Destatis
CRS3035RES100mN2727000E4189200,47.6430250,8.2475108,15.00,0.0000,15,0,Zensus 2022 / Destatis
CRS3035RES100mN2727800E4197000,47.6518360,8.3510019,15.00,0.0000,12,0,Zensus 2022 / Destatis
CRS3035RES100mN2728900E4181400,47.6584070,8.1431797,15.00,0.0000,11,0,Zensus 2022 / Destatis
CRS3035RES100mN2729200E4188700,47.6627115,8.2401863,15.00,0.0000,11,0,Zensus 2022 / Destatis
CRS3035RES100mN2731000E4182200,47.6774800,8.1531429,15.00,0.0000,12,0,Zensus 2022 / Destatis
CRS3035RES100mN2719000E4195400,47.5723357,8.3322837,14.00,0.0000,11,0,Zensus 2022 / Destatis
CRS3035RES100mN2720900E4179000,47.5858872,8.1138920,14.00,0.0000,10,0,Zensus 2022 / Destatis
CRS3035RES100mN2720900E4193200,47.5889809,8.3025076,14.00,0.0000,10,0,Zensus 2022 / Destatis
CRS3035RES100mN2721000E4179400,47.5868785,8.1191721,14.00,0.0000,11,0,Zensus 2022 / Destatis
CRS3035RES100mN2721000E4193200,47.5898807,8.3024780,14.00,0.0000,7,0,Zensus 2022 / Destatis
CRS3035RES100mN2721100E4193000,47.5907391,8.2997916,14.00,0.0000,14,0,Zensus 2022 / Destatis
CRS3035RES100mN2721400E4197900,47.5944320,8.3647986,14.00,0.0000,10,0,Zensus 2022 / Destatis
CRS3035RES100mN2721700E4194800,47.5965071,8.3235275,14.00,0.0000,14,0,Zensus 2022 / Destatis
CRS3035RES100mN2722000E4180300,47.5960805,8.1308005,14.00,0.0000,11,0,Zensus 2022 / Destatis
CRS3035RES100mN2723000E4182900,47.6056629,8.1650212,14.00,0.0000,11,0,Zensus 2022 / Destatis
CRS3035RES100mN2723200E4182500,47.6073729,8.1596421,14.00,0.0000,14,0,Zensus 2022 / Destatis
CRS3035RES100mN2723800E4179200,47.6120237,8.1155960,14.00,0.0000,11,0,Zensus 2022 / Destatis
CRS3035RES100mN2724100E4188000,47.6166767,8.2324489,14.00,0.0000,14,0,Zensus 2022 / Destatis
CRS3035RES100mN2724500E4188000,47.6202755,8.2323255,14.00,0.0000,14,0,Zensus 2022 / Destatis
CRS3035RES100mN2724600E4188100,47.6211967,8.2336238,14.00,0.0000,14,0,Zensus 2022 / Destatis
CRS3035RES100mN2724600E4194700,47.6225792,8.3213503,14.00,0.0000,9,0,Zensus 2022 / Destatis
CRS3035RES100mN2724900E4187300,47.6237235,8.2228976,14.00,0.0000,11,0,Zensus 2022 / Destatis
CRS3035RES100mN2725000E4187900,47.6247525,8.2308421,14.00,0.0000,9,0,Zensus 2022 / Destatis
CRS3035RES100mN2725100E4185800,47.6251969,8.2028968,14.00,0.0000,10,0,Zensus 2022 / Destatis
CRS3035RES100mN2725200E4193600,47.6277520,8.3065516,14.00,0.0000,10,0,Zensus 2022 / Destatis
CRS3035RES100mN2725600E4193600,47.6313509,8.3064334,14.00,0.0000,9,0,Zensus 2022 / Destatis
CRS3035RES100mN2725800E4186500,47.6316473,8.2119832,14.00,0.0000,14,0,Zensus 2022 / Destatis
CRS3035RES100mN2725800E4194000,47.6332327,8.3116923,14.00,0.0000,11,0,Zensus 2022 / Destatis
CRS3035RES100mN2726000E4193400,47.6349086,8.3036562,14.00,0.0000,14,0,Zensus 2022 / Destatis
CRS3035RES100mN2726300E4192400,47.6374007,8.2902714,14.00,0.0000,10,0,Zensus 2022 / Destatis
CRS3035RES100mN2726800E4192000,47.6418160,8.2848033,14.00,0.0000,11,0,Zensus 2022 / Destatis
CRS3035RES100mN2726900E4197400,47.6438185,8.3565801,14.00,0.0000,9,0,Zensus 2022 / Destatis
CRS3035RES100mN2728400E4198500,47.6575334,8.3707810,14.00,0.0000,9,0,Zensus 2022 / Destatis
CRS3035RES100mN2728700E4188800,47.6582344,8.2416701,14.00,0.0000,9,0,Zensus 2022 / Destatis
CRS3035RES100mN2719000E4195200,47.5722951,8.3296278,13.50,1.0000,3,3,Zensus 2022 / Destatis
CRS3035RES100mN2721000E4178600,47.5866950,8.1085463,13.50,1.0000,3,3,Zensus 2022 / Destatis
CRS3035RES100mN2721600E4180100,47.5924363,8.1282740,13.50,1.0000,3,3,Zensus 2022 / Destatis
CRS3035RES100mN2721600E4180300,47.5924818,8.1309308,13.50,1.0000,3,3,Zensus 2022 / Destatis
CRS3035RES100mN2721800E4180600,47.5943493,8.1348509,13.50,1.0000,3,3,Zensus 2022 / Destatis
CRS3035RES100mN2722700E4183500,47.6030974,8.1730892,13.50,1.0000,3,3,Zensus 2022 / Destatis
CRS3035RES100mN2723100E4193100,47.6087545,8.3005276,13.50,1.0000,3,3,Zensus 2022 / Destatis
CRS3035RES100mN2723200E4183300,47.6075514,8.1702724,13.50,1.0000,3,3,Zensus 2022 / Destatis
CRS3035RES100mN2723400E4182700,47.6092170,8.1622356,13.50,1.0000,3,3,Zensus 2022 / Destatis
CRS3035RES100mN2724300E4178100,47.6162689,8.1008128,13.50,1.0000,3,3,Zensus 2022 / Destatis
CRS3035RES100mN2724700E4186900,47.6218375,8.2176430,13.50,1.0000,3,3,Zensus 2022 / Destatis
CRS3035RES100mN2724800E4184400,47.6221903,8.1843824,13.50,1.0000,3,3,Zensus 2022 / Destatis
CRS3035RES100mN2724800E4195200,47.6244805,8.3279380,13.50,1.0000,3,3,Zensus 2022 / Destatis
CRS3035RES100mN2725100E4186800,47.6254146,8.2161893,13.50,1.0000,3,3,Zensus 2022 / Destatis
CRS3035RES100mN2725500E4190300,47.6297628,8.2625927,13.50,1.0000,3,3,Zensus 2022 / Destatis
CRS3035RES100mN2725500E4193800,47.6304924,8.3091218,13.50,1.0000,3,3,Zensus 2022 / Destatis
CRS3035RES100mN2725600E4191300,47.6308730,8.2758565,13.50,1.0000,3,3,Zensus 2022 / Destatis
CRS3035RES100mN2725700E4186800,47.6308128,8.2160026,13.50,1.0000,3,3,Zensus 2022 / Destatis
CRS3035RES100mN2725700E4191500,47.6318146,8.2784853,13.50,1.0000,3,3,Zensus 2022 / Destatis
CRS3035RES100mN2725800E4191100,47.6326304,8.2731374,13.50,1.0000,3,3,Zensus 2022 / Destatis
CRS3035RES100mN2726000E4190900,47.6343878,8.2704181,13.50,1.0000,3,3,Zensus 2022 / Destatis
CRS3035RES100mN2726000E4191800,47.6345765,8.2823838,13.50,1.0000,3,3,Zensus 2022 / Destatis
CRS3035RES100mN2726300E4191500,47.6372129,8.2783051,13.50,1.0000,3,3,Zensus 2022 / Destatis
CRS3035RES100mN2726400E4184000,47.6364968,8.1785573,13.50,1.0000,3,3,Zensus 2022 / Destatis
CRS3035RES100mN2726500E4192300,47.6391793,8.2888820,13.50,1.0000,3,3,Zensus 2022 / Destatis
CRS3035RES100mN2726800E4197300,47.6428988,8.3552790,13.50,1.0000,3,3,Zensus 2022 / Destatis
CRS3035RES100mN2726900E4197700,47.6438784,8.3605694,13.50,1.0000,3,3,Zensus 2022 / Destatis
CRS3035RES100mN2727300E4197600,47.6474574,8.3591250,13.50,1.0000,3,3,Zensus 2022 / Destatis
CRS3035RES100mN2727700E4188900,47.6492589,8.2433070,13.50,1.0000,3,3,Zensus 2022 / Destatis
CRS3035RES100mN2727800E4185900,47.6495104,8.2033796,13.50,1.0000,3,3,Zensus 2022 / Destatis
CRS3035RES100mN2728600E4198500,47.6593329,8.3707241,13.50,1.0000,3,3,Zensus 2022 / Destatis
CRS3035RES100mN2728700E4198200,47.6601731,8.3667051,13.50,1.0000,3,3,Zensus 2022 / Destatis
CRS3035RES100mN2729300E4199000,47.6657299,8.3771767,13.50,1.0000,3,3,Zensus 2022 / Destatis
CRS3035RES100mN2730200E4178400,47.6694177,8.1028469,13.50,1.0000,3,3,Zensus 2022 / Destatis
CRS3035RES100mN2731000E4185700,47.6782563,8.1997139,13.50,1.0000,3,3,Zensus 2022 / Destatis
CRS3035RES100mN2731300E4194100,47.6827376,8.3114006,13.50,1.0000,3,3,Zensus 2022 / Destatis
CRS3035RES100mN2718900E4198400,47.5720370,8.3721504,13.00,0.0000,10,0,Zensus 2022 / Destatis
CRS3035RES100mN2720900E4179400,47.5859788,8.1192049,13.00,0.0000,10,0,Zensus 2022 / Destatis
CRS3035RES100mN2721000E4179300,47.5868556,8.1178439,13.00,0.0000,13,0,Zensus 2022 / Destatis
CRS3035RES100mN2721100E4193300,47.5908011,8.3037768,13.00,0.0000,10,0,Zensus 2022 / Destatis
CRS3035RES100mN2721200E4179800,47.5887692,8.1244197,13.00,0.0000,10,0,Zensus 2022 / Destatis
CRS3035RES100mN2721900E4194400,47.5982249,8.3181547,13.00,0.0000,10,0,Zensus 2022 / Destatis
CRS3035RES100mN2723700E4183300,47.6120499,8.1701128,13.00,0.0000,9,0,Zensus 2022 / Destatis
CRS3035RES100mN2724300E4190500,47.6190084,8.2656146,13.00,0.0000,10,0,Zensus 2022 / Destatis
CRS3035RES100mN2724600E4180300,47.6194721,8.1299528,13.00,0.0000,10,0,Zensus 2022 / Destatis
CRS3035RES100mN2724600E4195000,47.6226404,8.3253379,13.00,0.0000,10,0,Zensus 2022 / Destatis
CRS3035RES100mN2724900E4194600,47.6252580,8.3199331,13.00,0.0000,10,0,Zensus 2022 / Destatis
CRS3035RES100mN2725000E4183800,47.6238569,8.1763438,13.00,0.0000,10,0,Zensus 2022 / Destatis
CRS3035RES100mN2725000E4186100,47.6243627,8.2069158,13.00,0.0000,10,0,Zensus 2022 / Destatis
CRS3035RES100mN2725200E4180600,47.6249383,8.1337447,13.00,0.0000,8,0,Zensus 2022 / Destatis
CRS3035RES100mN2725200E4193500,47.6277314,8.3052223,13.00,0.0000,8,0,Zensus 2022 / Destatis
CRS3035RES100mN2725200E4194700,47.6279776,8.3211745,13.00,0.0000,13,0,Zensus 2022 / Destatis
CRS3035RES100mN2725600E4193700,47.6313715,8.3077629,13.00,0.0000,10,0,Zensus 2022 / Destatis
CRS3035RES100mN2725700E4186700,47.6307911,8.2146732,13.00,0.0000,8,0,Zensus 2022 / Destatis
CRS3035RES100mN2725700E4190500,47.6316044,8.2651909,13.00,0.0000,13,0,Zensus 2022 / Destatis
CRS3035RES100mN2725900E4190600,47.6334250,8.2664599,13.00,0.0000,13,0,Zensus 2022 / Destatis
CRS3035RES100mN2725900E4193100,47.6339469,8.2996972,13.00,0.0000,10,0,Zensus 2022 / Destatis
CRS3035RES100mN2725900E4193800,47.6340913,8.3090038,13.00,0.0000,10,0,Zensus 2022 / Destatis
CRS3035RES100mN2726000E4184200,47.6329423,8.1813434,13.00,0.0000,8,0,Zensus 2022 / Destatis
CRS3035RES100mN2726000E4190400,47.6342825,8.2637706,13.00,0.0000,8,0,Zensus 2022 / Destatis
CRS3035RES100mN2726000E4193700,47.6349704,8.3076448,13.00,0.0000,13,0,Zensus 2022 / Destatis
CRS3035RES100mN2726800E4189600,47.6413107,8.2528907,13.00,0.0000,13,0,Zensus 2022 / Destatis
CRS3035RES100mN2727100E4189000,47.6438820,8.2448207,13.00,0.0000,10,0,Zensus 2022 / Destatis
CRS3035RES100mN2727400E4196200,47.6480762,8.3404779,13.00,0.0000,8,0,Zensus 2022 / Destatis
CRS3035RES100mN2727600E4196400,47.6499159,8.3430798,13.00,0.0000,9,0,Zensus 2022 / Destatis
CRS3035RES100mN2727900E4180200,47.6491383,8.1275457,13.00,0.0000,8,0,Zensus 2022 / Destatis
CRS3035RES100mN2728200E4197900,47.6556148,8.3628574,13.00,0.0000,10,0,Zensus 2022 / Destatis
CRS3035RES100mN2728900E4198100,47.6619527,8.3653178,13.00,0.0000,9,0,Zensus 2022 / Destatis
CRS3035RES100mN2729200E4198600,47.6647511,8.3718837,13.00,0.0000,10,0,Zensus 2022 / Destatis
CRS3035RES100mN2719100E4198500,47.5738563,8.3734217,12.00,0.0000,8,0,Zensus 2022 / Destatis
CRS3035RES100mN2719100E4198800,47.5739156,8.3774056,12.00,0.0000,8,0,Zensus 2022 / Destatis
CRS3035RES100mN2719200E4198900,47.5748351,8.3787054,12.00,0.0000,8,0,Zensus 2022 / Destatis
CRS3035RES100mN2720500E4193700,47.5854849,8.3092672,12.00,0.0000,8,0,Zensus 2022 / Destatis
CRS3035RES100mN2720900E4193300,47.5890016,8.3038359,12.00,0.0000,9,0,Zensus 2022 / Destatis
CRS3035RES100mN2721100E4193200,47.5907804,8.3024484,12.00,0.0000,9,0,Zensus 2022 / Destatis
CRS3035RES100mN2721300E4178600,47.5893941,8.1084474,12.00,0.0000,9,0,Zensus 2022 / Destatis
CRS3035RES100mN2721700E4195000,47.5965478,8.3261846,12.00,0.0000,9,0,Zensus 2022 / Destatis
CRS3035RES100mN2722000E4180400,47.5961032,8.1321289,12.00,0.0000,9,0,Zensus 2022 / Destatis
CRS3035RES100mN2722300E4181300,47.5990060,8.1439882,12.00,0.0000,9,0,Zensus 2022 / Destatis
CRS3035RES100mN2723000E4182800,47.6056406,8.1636925,12.00,0.0000,12,0,Zensus 2022 / Destatis
CRS3035RES100mN2723300E4182400,47.6082502,8.1582813,12.00,0.0000,9,0,Zensus 2022 / Destatis
CRS3035RES100mN2723900E4190500,47.6154095,8.2657356,12.00,0.0000,12,0,Zensus 2022 / Destatis
CRS3035RES100mN2724000E4179300,47.6138459,8.1168592,12.00,0.0000,8,0,Zensus 2022 / Destatis
CRS3035RES100mN2724000E4190600,47.6163303,8.2670344,12.00,0.0000,12,0,Zensus 2022 / Destatis
CRS3035RES100mN2724300E4187700,47.6184115,8.2283999,12.00,0.0000,12,0,Zensus 2022 / Destatis
CRS3035RES100mN2724500E4187900,47.6202540,8.2309964,12.00,0.0000,9,0,Zensus 2022 / Destatis
CRS3035RES100mN2724600E4180600,47.6195403,8.1339401,12.00,0.0000,12,0,Zensus 2022 / Destatis
CRS3035RES100mN2724700E4195300,47.6236011,8.3292965,12.00,0.0000,12,0,Zensus 2022 / Destatis
CRS3035RES100mN2725100E4185900,47.6252187,8.2042260,12.00,0.0000,8,0,Zensus 2022 / Destatis
CRS3035RES100mN2725200E4194600,47.6279572,8.3198452,12.00,0.0000,9,0,Zensus 2022 / Destatis
CRS3035RES100mN2725300E4187000,47.6272574,8.2187857,12.00,0.0000,9,0,Zensus 2022 / Destatis
CRS3035RES100mN2725400E4181800,47.6270088,8.1496308,12.00,0.0000,8,0,Zensus 2022 / Destatis
CRS3035RES100mN2725600E4186700,47.6298914,8.2147043,12.00,0.0000,8,0,Zensus 2022 / Destatis
CRS3035RES100mN2725800E4191700,47.6327562,8.2811142,12.00,0.0000,9,0,Zensus 2022 / Destatis
CRS3035RES100mN2726000E4193300,47.6348880,8.3023266,12.00,0.0000,12,0,Zensus 2022 / Destatis
CRS3035RES100mN2726000E4193800,47.6349910,8.3089743,12.00,0.0000,12,0,Zensus 2022 / Destatis
CRS3035RES100mN2726100E4190500,47.6352033,8.2650698,12.00,0.0000,8,0,Zensus 2022 / Destatis
CRS3035RES100mN2726600E4197300,47.6410993,8.3553364,12.00,0.0000,12,0,Zensus 2022 / Destatis
CRS3035RES100mN2727000E4189500,47.6430888,8.2515000,12.00,0.0000,6,0,Zensus 2022 / Destatis
CRS3035RES100mN2727100E4188600,47.6437965,8.2395018,12.00,0.0000,9,0,Zensus 2022 / Destatis
CRS3035RES100mN2727500E4189100,47.6475022,8.2460280,12.00,0.0000,8,0,Zensus 2022 / Destatis
CRS3035RES100mN2727600E4196800,47.6499964,8.3483996,12.00,0.0000,9,0,Zensus 2022 / Destatis
CRS3035RES100mN2727700E4180500,47.6474072,8.1316005,12.00,0.0000,8,0,Zensus 2022 / Destatis
CRS3035RES100mN2727700E4196600,47.6508559,8.3457108,12.00,0.0000,9,0,Zensus 2022 / Destatis
CRS3035RES100mN2727800E4180400,47.6482842,8.1302380,12.00,0.0000,9,0,Zensus 2022 / Destatis
CRS3035RES100mN2727800E4193600,47.6511448,8.3057830,12.00,0.0000,9,0,Zensus 2022 / Destatis
CRS3035RES100mN2727800E4196900,47.6518160,8.3496719,12.00,0.0000,9,0,Zensus 2022 / Destatis
CRS3035RES100mN2727900E4197000,47.6527358,8.3509731,12.00,0.0000,12,0,Zensus 2022 / Destatis
CRS3035RES100mN2727900E4197100,47.6527558,8.3523031,12.00,0.0000,8,0,Zensus 2022 / Destatis
CRS3035RES100mN2727900E4197200,47.6527758,8.3536331,12.00,0.0000,8,0,Zensus 2022 / Destatis
CRS3035RES100mN2728000E4180400,47.6500835,8.1301728,12.00,0.0000,9,0,Zensus 2022 / Destatis
CRS3035RES100mN2728100E4197800,47.6546951,8.3615559,12.00,0.0000,12,0,Zensus 2022 / Destatis
CRS3035RES100mN2728100E4198000,47.6547350,8.3642161,12.00,0.0000,12,0,Zensus 2022 / Destatis
CRS3035RES100mN2728500E4198300,47.6583935,8.3680923,12.00,0.0000,9,0,Zensus 2022 / Destatis
CRS3035RES100mN2728500E4198500,47.6584332,8.3707526,12.00,0.0000,6,0,Zensus 2022 / Destatis
CRS3035RES100mN2730000E4186600,47.6694559,8.2120019,12.00,0.0000,9,0,Zensus 2022 / Destatis
CRS3035RES100mN2730600E4198900,47.6774067,8.3754774,12.00,0.0000,9,0,Zensus 2022 / Destatis
CRS3035RES100mN2731000E4182300,47.6775025,8.1544735,12.00,0.0000,12,0,Zensus 2022 / Destatis
CRS3035RES100mN2719100E4198900,47.5739353,8.3787336,11.00,0.0000,7,0,Zensus 2022 / Destatis
CRS3035RES100mN2719300E4198700,47.5756954,8.3760211,11.00,0.0000,7,0,Zensus 2022 / Destatis
CRS3035RES100mN2720800E4179000,47.5849875,8.1139249,11.00,0.0000,7,0,Zensus 2022 / Destatis
CRS3035RES100mN2720800E4193600,47.5881636,8.3078505,11.00,0.0000,8,0,Zensus 2022 / Destatis
CRS3035RES100mN2721200E4179900,47.5887920,8.1257479,11.00,0.0000,8,0,Zensus 2022 / Destatis
CRS3035RES100mN2721800E4180300,47.5942811,8.1308656,11.00,0.0000,8,0,Zensus 2022 / Destatis
CRS3035RES100mN2721800E4194800,47.5974068,8.3234983,11.00,0.0000,7,0,Zensus 2022 / Destatis
CRS3035RES100mN2722100E4180600,47.5970483,8.1347534,11.00,0.0000,8,0,Zensus 2022 / Destatis
CRS3035RES100mN2722300E4181200,47.5989835,8.1426596,11.00,0.0000,8,0,Zensus 2022 / Destatis
CRS3035RES100mN2722500E4196700,47.6040895,8.3485398,11.00,0.0000,7,0,Zensus 2022 / Destatis
CRS3035RES100mN2722900E4183100,47.6048078,8.1677107,11.00,0.0000,8,0,Zensus 2022 / Destatis
CRS3035RES100mN2722900E4193100,47.6069551,8.3005868,11.00,0.0000,8,0,Zensus 2022 / Destatis
CRS3035RES100mN2723000E4192800,47.6077927,8.2965707,11.00,0.0000,8,0,Zensus 2022 / Destatis
CRS3035RES100mN2723000E4193000,47.6078341,8.2992284,11.00,0.0000,7,0,Zensus 2022 / Destatis
CRS3035RES100mN2723400E4182800,47.6092394,8.1635644,11.00,0.0000,11,0,Zensus 2022 / Destatis
CRS3035RES100mN2723500E4192600,47.6122499,8.2937643,11.00,0.0000,8,0,Zensus 2022 / Destatis
CRS3035RES100mN2723700E4192800,47.6140909,8.2963627,11.00,0.0000,8,0,Zensus 2022 / Destatis
CRS3035RES100mN2723900E4190700,47.6154517,8.2683937,11.00,0.0000,8,0,Zensus 2022 / Destatis
CRS3035RES100mN2724000E4179000,47.6137771,8.1128725,11.00,0.0000,7,0,Zensus 2022 / Destatis
CRS3035RES100mN2724100E4187700,47.6166121,8.2284617,11.00,0.0000,11,0,Zensus 2022 / Destatis
CRS3035RES100mN2724100E4190600,47.6172301,8.2670042,11.00,0.0000,11,0,Zensus 2022 / Destatis
CRS3035RES100mN2724200E4195300,47.6191024,8.3294422,11.00,0.0000,7,0,Zensus 2022 / Destatis
CRS3035RES100mN2724500E4194600,47.6216590,8.3200504,11.00,0.0000,8,0,Zensus 2022 / Destatis
CRS3035RES100mN2724800E4180400,47.6212942,8.1312167,11.00,0.0000,7,0,Zensus 2022 / Destatis
CRS3035RES100mN2725000E4187800,47.6247310,8.2295128,11.00,0.0000,11,0,Zensus 2022 / Destatis
CRS3035RES100mN2725100E4180400,47.6239932,8.1311189,11.00,0.0000,8,0,Zensus 2022 / Destatis
CRS3035RES100mN2725100E4181600,47.6242648,8.1470693,11.00,0.0000,8,0,Zensus 2022 / Destatis
CRS3035RES100mN2725200E4185800,47.6260966,8.2028654,11.00,0.0000,8,0,Zensus 2022 / Destatis
CRS3035RES100mN2725200E4187100,47.6263793,8.2201460,11.00,0.0000,8,0,Zensus 2022 / Destatis
CRS3035RES100mN2725200E4193900,47.6278137,8.3105397,11.00,0.0000,11,0,Zensus 2022 / Destatis
CRS3035RES100mN2725200E4194000,47.6278343,8.3118690,11.00,0.0000,11,0,Zensus 2022 / Destatis
CRS3035RES100mN2725300E4181700,47.6260866,8.1483339,11.00,0.0000,7,0,Zensus 2022 / Destatis
CRS3035RES100mN2725800E4190500,47.6325042,8.2651607,11.00,0.0000,11,0,Zensus 2022 / Destatis
CRS3035RES100mN2725900E4193000,47.6339263,8.2983677,11.00,0.0000,11,0,Zensus 2022 / Destatis
CRS3035RES100mN2725900E4193400,47.6340089,8.3036858,11.00,0.0000,8,0,Zensus 2022 / Destatis
CRS3035RES100mN2726000E4191600,47.6345347,8.2797247,11.00,0.0000,11,0,Zensus 2022 / Destatis
CRS3035RES100mN2726000E4193600,47.6349498,8.3063152,11.00,0.0000,11,0,Zensus 2022 / Destatis
CRS3035RES100mN2726100E4186300,47.6343029,8.2092306,11.00,0.0000,7,0,Zensus 2022 / Destatis
CRS3035RES100mN2726100E4190200,47.6351399,8.2610813,11.00,0.0000,11,0,Zensus 2022 / Destatis
CRS3035RES100mN2726500E4197300,47.6401996,8.3553651,11.00,0.0000,7,0,Zensus 2022 / Destatis
CRS3035RES100mN2726600E4188800,47.6393408,8.2423146,11.00,0.0000,8,0,Zensus 2022 / Destatis
CRS3035RES100mN2726700E4197200,47.6419790,8.3539780,11.00,0.0000,8,0,Zensus 2022 / Destatis
CRS3035RES100mN2726800E4197200,47.6428788,8.3539492,11.00,0.0000,11,0,Zensus 2022 / Destatis
CRS3035RES100mN2726900E4192100,47.6427365,8.2861031,11.00,0.0000,8,0,Zensus 2022 / Destatis
CRS3035RES100mN2727100E4196500,47.6454374,8.3445543,11.00,0.0000,11,0,Zensus 2022 / Destatis
CRS3035RES100mN2727300E4197500,47.6474374,8.3577952,11.00,0.0000,8,0,Zensus 2022 / Destatis
CRS3035RES100mN2727600E4180600,47.6465303,8.1329629,11.00,0.0000,8,0,Zensus 2022 / Destatis
CRS3035RES100mN2727700E4196800,47.6508962,8.3483707,11.00,0.0000,7,0,Zensus 2022 / Destatis
CRS3035RES100mN2727700E4196900,47.6509162,8.3497007,11.00,0.0000,8,0,Zensus 2022 / Destatis
CRS3035RES100mN2727800E4180300,47.6482614,8.1289082,11.00,0.0000,8,0,Zensus 2022 / Destatis
CRS3035RES100mN2727800E4196700,47.6517758,8.3470119,11.00,0.0000,7,0,Zensus 2022 / Destatis
CRS3035RES100mN2727800E4197100,47.6518561,8.3523319,11.00,0.0000,7,0,Zensus 2022 / Destatis
CRS3035RES100mN2727900E4180400,47.6491838,8.1302054,11.00,0.0000,8,0,Zensus 2022 / Destatis
CRS3035RES100mN2728000E4185600,47.6512441,8.1993271,11.00,0.0000,7,0,Zensus 2022 / Destatis
CRS3035RES100mN2728300E4197900,47.6565145,8.3628288,11.00,0.0000,7,0,Zensus 2022 / Destatis
CRS3035RES100mN2728600E4198600,47.6593527,8.3720543,11.00,0.0000,11,0,Zensus 2022 / Destatis
CRS3035RES100mN2728800E4181700,47.6575751,8.1472023,11.00,0.0000,8,0,Zensus 2022 / Destatis
CRS3035RES100mN2728800E4198000,47.6610331,8.3640161,11.00,0.0000,8,0,Zensus 2022 / Destatis
CRS3035RES100mN2729600E4199200,47.6684686,8.3797525,11.00,0.0000,8,0,Zensus 2022 / Destatis
CRS3035RES100mN2729900E4195000,47.6703258,8.3237877,11.00,0.0000,11,0,Zensus 2022 / Destatis
CRS3035RES100mN2729900E4199200,47.6711678,8.3796675,11.00,0.0000,11,0,Zensus 2022 / Destatis
CRS3035RES100mN2730500E4190200,47.6747268,8.2597447,11.00,0.0000,8,0,Zensus 2022 / Destatis
CRS3035RES100mN2730700E4182200,47.6747811,8.1532398,11.00,0.0000,8,0,Zensus 2022 / Destatis
CRS3035RES100mN2730900E4188800,47.6780276,8.2409942,11.00,0.0000,8,0,Zensus 2022 / Destatis
CRS3035RES100mN2731400E4194000,47.6836167,8.3100403,11.00,0.0000,8,0,Zensus 2022 / Destatis
CRS3035RES100mN2719200E4195100,47.5740743,8.3282417,10.00,0.0000,7,0,Zensus 2022 / Destatis
CRS3035RES100mN2720800E4178400,47.5848496,8.1059558,10.00,0.0000,7,0,Zensus 2022 / Destatis
CRS3035RES100mN2720800E4178900,47.5849646,8.1125967,10.00,0.0000,7,0,Zensus 2022 / Destatis
CRS3035RES100mN2721200E4193300,47.5917008,8.3037472,10.00,0.0000,7,0,Zensus 2022 / Destatis
CRS3035RES100mN2721400E4194500,47.5937466,8.3196298,10.00,0.0000,7,0,Zensus 2022 / Destatis
CRS3035RES100mN2721500E4194700,47.5946872,8.3222575,10.00,0.0000,7,0,Zensus 2022 / Destatis
CRS3035RES100mN2721600E4194300,47.5955052,8.3169141,10.00,0.0000,7,0,Zensus 2022 / Destatis
CRS3035RES100mN2721600E4194600,47.5955666,8.3208997,10.00,0.0000,7,0,Zensus 2022 / Destatis
CRS3035RES100mN2721800E4195100,47.5974679,8.3274840,10.00,0.0000,7,0,Zensus 2022 / Destatis
CRS3035RES100mN2721900E4180200,47.5951581,8.1295046,10.00,0.0000,10,0,Zensus 2022 / Destatis
CRS3035RES100mN2722200E4180500,47.5979253,8.1333923,10.00,0.0000,7,0,Zensus 2022 / Destatis
CRS3035RES100mN2722200E4180700,47.5979707,8.1360494,10.00,0.0000,7,0,Zensus 2022 / Destatis
CRS3035RES100mN2722200E4181300,47.5981064,8.1440206,10.00,0.0000,7,0,Zensus 2022 / Destatis
CRS3035RES100mN2722300E4180600,47.5988477,8.1346884,10.00,0.0000,7,0,Zensus 2022 / Destatis
CRS3035RES100mN2722600E4196600,47.6049692,8.3471823,10.00,0.0000,7,0,Zensus 2022 / Destatis
CRS3035RES100mN2722700E4178400,47.6019435,8.1053285,10.00,0.0000,7,0,Zensus 2022 / Destatis
CRS3035RES100mN2723300E4182800,47.6083397,8.1635965,10.00,0.0000,10,0,Zensus 2022 / Destatis
CRS3035RES100mN2723500E4183000,47.6101837,8.1661901,10.00,0.0000,7,0,Zensus 2022 / Destatis
CRS3035RES100mN2723500E4192800,47.6122914,8.2964222,10.00,0.0000,7,0,Zensus 2022 / Destatis
CRS3035RES100mN2723700E4183400,47.6120721,8.1714417,10.00,0.0000,7,0,Zensus 2022 / Destatis
CRS3035RES100mN2723800E4193000,47.6150320,8.2989911,10.00,0.0000,7,0,Zensus 2022 / Destatis
CRS3035RES100mN2723900E4190600,47.6154306,8.2670647,10.00,0.0000,10,0,Zensus 2022 / Destatis
CRS3035RES100mN2724100E4195200,47.6181824,8.3281422,10.00,0.0000,10,0,Zensus 2022 / Destatis
CRS3035RES100mN2724400E4194900,47.6208205,8.3240672,10.00,0.0000,7,0,Zensus 2022 / Destatis
CRS3035RES100mN2724700E4188200,47.6221179,8.2349222,10.00,0.0000,10,0,Zensus 2022 / Destatis
CRS3035RES100mN2724900E4194700,47.6252784,8.3212624,10.00,0.0000,10,0,Zensus 2022 / Destatis
CRS3035RES100mN2725000E4185700,47.6242753,8.2015989,10.00,0.0000,5,0,Zensus 2022 / Destatis
CRS3035RES100mN2725300E4193300,47.6285899,8.3025340,10.00,0.0000,7,0,Zensus 2022 / Destatis
CRS3035RES100mN2725400E4187000,47.6281571,8.2187546,10.00,0.0000,10,0,Zensus 2022 / Destatis
CRS3035RES100mN2725500E4193300,47.6303894,8.3024747,10.00,0.0000,5,0,Zensus 2022 / Destatis
CRS3035RES100mN2725600E4186800,47.6299131,8.2160337,10.00,0.0000,10,0,Zensus 2022 / Destatis
CRS3035RES100mN2725700E4184200,47.6302433,8.1814386,10.00,0.0000,7,0,Zensus 2022 / Destatis
CRS3035RES100mN2726000E4190700,47.6343457,8.2677591,10.00,0.0000,10,0,Zensus 2022 / Destatis
CRS3035RES100mN2726000E4192000,47.6346182,8.2850428,10.00,0.0000,7,0,Zensus 2022 / Destatis
CRS3035RES100mN2726000E4193100,47.6348467,8.2996676,10.00,0.0000,7,0,Zensus 2022 / Destatis
CRS3035RES100mN2726000E4193500,47.6349292,8.3049857,10.00,0.0000,10,0,Zensus 2022 / Destatis
CRS3035RES100mN2726000E4194000,47.6350321,8.3116334,10.00,0.0000,10,0,Zensus 2022 / Destatis
CRS3035RES100mN2726200E4183900,47.6346753,8.1772914,10.00,0.0000,7,0,Zensus 2022 / Destatis
CRS3035RES100mN2726200E4190900,47.6361873,8.2703578,10.00,0.0000,7,0,Zensus 2022 / Destatis
CRS3035RES100mN2726300E4183900,47.6355750,8.1772596,10.00,0.0000,7,0,Zensus 2022 / Destatis
CRS3035RES100mN2726300E4197200,47.6383801,8.3540929,10.00,0.0000,7,0,Zensus 2022 / Destatis
CRS3035RES100mN2726400E4188800,47.6375414,8.2423760,10.00,0.0000,7,0,Zensus 2022 / Destatis
CRS3035RES100mN2726800E4197800,47.6429986,8.3619278,10.00,0.0000,10,0,Zensus 2022 / Destatis
CRS3035RES100mN2726900E4189000,47.6420826,8.2448820,10.00,0.0000,10,0,Zensus 2022 / Destatis
CRS3035RES100mN2726900E4192200,47.6427574,8.2874328,10.00,0.0000,7,0,Zensus 2022 / Destatis
CRS3035RES100mN2727100E4189200,47.6439247,8.2474802,10.00,0.0000,7,0,Zensus 2022 / Destatis
CRS3035RES100mN2727200E4189000,47.6447817,8.2447901,10.00,0.0000,7,0,Zensus 2022 / Destatis
CRS3035RES100mN2727300E4189100,47.6457028,8.2460892,10.00,0.0000,5,0,Zensus 2022 / Destatis
CRS3035RES100mN2727700E4180300,47.6473618,8.1289409,10.00,0.0000,7,0,Zensus 2022 / Destatis
CRS3035RES100mN2727700E4189100,47.6493016,8.2459667,10.00,0.0000,7,0,Zensus 2022 / Destatis
CRS3035RES100mN2727700E4196700,47.6508761,8.3470408,10.00,0.0000,7,0,Zensus 2022 / Destatis
CRS3035RES100mN2727900E4196700,47.6526755,8.3469831,10.00,0.0000,7,0,Zensus 2022 / Destatis
CRS3035RES100mN2728300E4198100,47.6565543,8.3654890,10.00,0.0000,10,0,Zensus 2022 / Destatis
CRS3035RES100mN2728800E4188800,47.6591341,8.2416394,10.00,0.0000,7,0,Zensus 2022 / Destatis
CRS3035RES100mN2728900E4181600,47.6584522,8.1458398,10.00,0.0000,7,0,Zensus 2022 / Destatis
CRS3035RES100mN2729000E4188900,47.6609549,8.2429081,10.00,0.0000,5,0,Zensus 2022 / Destatis
CRS3035RES100mN2729800E4194900,47.6694057,8.3224865,10.00,0.0000,7,0,Zensus 2022 / Destatis
CRS3035RES100mN2730500E4198900,47.6765069,8.3755058,10.00,0.0000,7,0,Zensus 2022 / Destatis
CRS3035RES100mN2730700E4182300,47.6748035,8.1545703,10.00,0.0000,7,0,Zensus 2022 / Destatis
CRS3035RES100mN2730800E4181800,47.6755907,8.1478854,10.00,0.0000,7,0,Zensus 2022 / Destatis
CRS3035RES100mN2731300E4193600,47.6826347,8.3047468,10.00,0.0000,7,0,Zensus 2022 / Destatis
CRS3035RES100mN2732300E4181700,47.6890630,8.1460689,10.00,0.0000,7,0,Zensus 2022 / Destatis
CRS3035RES100mN2732300E4181800,47.6890855,8.1473998,10.00,0.0000,7,0,Zensus 2022 / Destatis
CRS3035RES100mN2719000E4198600,47.5729763,8.3747780,9.00,0.0000,9,0,Zensus 2022 / Destatis
CRS3035RES100mN2719200E4198700,47.5747956,8.3760494,9.00,0.0000,6,0,Zensus 2022 / Destatis
CRS3035RES100mN2719300E4195400,47.5750350,8.3321965,9.00,0.0000,6,0,Zensus 2022 / Destatis
CRS3035RES100mN2719900E4178000,47.5766603,8.1009410,9.00,0.0000,6,0,Zensus 2022 / Destatis
CRS3035RES100mN2720600E4193700,47.5863847,8.3092377,9.00,0.0000,9,0,Zensus 2022 / Destatis
CRS3035RES100mN2721000E4193300,47.5899013,8.3038064,9.00,0.0000,6,0,Zensus 2022 / Destatis
CRS3035RES100mN2721100E4193100,47.5907598,8.3011200,9.00,0.0000,9,0,Zensus 2022 / Destatis
CRS3035RES100mN2721200E4180200,47.5888603,8.1297328,9.00,0.0000,6,0,Zensus 2022 / Destatis
CRS3035RES100mN2721200E4193100,47.5916595,8.3010904,9.00,0.0000,9,0,Zensus 2022 / Destatis
CRS3035RES100mN2721300E4197900,47.5935322,8.3648271,9.00,0.0000,6,0,Zensus 2022 / Destatis
CRS3035RES100mN2721600E4180200,47.5924590,8.1296024,9.00,0.0000,6,0,Zensus 2022 / Destatis
CRS3035RES100mN2721600E4194400,47.5955257,8.3182427,9.00,0.0000,6,0,Zensus 2022 / Destatis
CRS3035RES100mN2721700E4194400,47.5964254,8.3182133,9.00,0.0000,9,0,Zensus 2022 / Destatis
CRS3035RES100mN2721700E4194900,47.5965275,8.3248561,9.00,0.0000,9,0,Zensus 2022 / Destatis
CRS3035RES100mN2721800E4180100,47.5942357,8.1282088,9.00,0.0000,9,0,Zensus 2022 / Destatis
CRS3035RES100mN2721900E4180100,47.5951353,8.1281762,9.00,0.0000,9,0,Zensus 2022 / Destatis
CRS3035RES100mN2721900E4180800,47.5952943,8.1374753,9.00,0.0000,6,0,Zensus 2022 / Destatis
CRS3035RES100mN2722000E4180200,47.5960578,8.1294720,9.00,0.0000,9,0,Zensus 2022 / Destatis
CRS3035RES100mN2722100E4181100,47.5971615,8.1413959,9.00,0.0000,6,0,Zensus 2022 / Destatis
CRS3035RES100mN2722200E4196700,47.6013903,8.3486262,9.00,0.0000,6,0,Zensus 2022 / Destatis
CRS3035RES100mN2722300E4180800,47.5988930,8.1373454,9.00,0.0000,9,0,Zensus 2022 / Destatis
CRS3035RES100mN2722600E4181500,47.6017502,8.1465484,9.00,0.0000,6,0,Zensus 2022 / Destatis
CRS3035RES100mN2722700E4178200,47.6018974,8.1026713,9.00,0.0000,6,0,Zensus 2022 / Destatis
CRS3035RES100mN2722700E4178300,47.6019204,8.1039999,9.00,0.0000,6,0,Zensus 2022 / Destatis
CRS3035RES100mN2722900E4178200,47.6036967,8.1026051,9.00,0.0000,9,0,Zensus 2022 / Destatis
CRS3035RES100mN2722900E4193300,47.6069964,8.3032444,9.00,0.0000,6,0,Zensus 2022 / Destatis
CRS3035RES100mN2723100E4182500,47.6064732,8.1596742,9.00,0.0000,9,0,Zensus 2022 / Destatis
CRS3035RES100mN2723100E4182600,47.6064956,8.1610030,9.00,0.0000,9,0,Zensus 2022 / Destatis
CRS3035RES100mN2723100E4193000,47.6087339,8.2991987,9.00,0.0000,6,0,Zensus 2022 / Destatis
CRS3035RES100mN2723200E4182600,47.6073953,8.1609709,9.00,0.0000,9,0,Zensus 2022 / Destatis
CRS3035RES100mN2723400E4182900,47.6092617,8.1648933,9.00,0.0000,9,0,Zensus 2022 / Destatis
CRS3035RES100mN2723400E4192900,47.6114124,8.2977808,9.00,0.0000,9,0,Zensus 2022 / Destatis
CRS3035RES100mN2723500E4183300,47.6102505,8.1701766,9.00,0.0000,6,0,Zensus 2022 / Destatis
CRS3035RES100mN2723700E4183200,47.6120276,8.1687839,9.00,0.0000,6,0,Zensus 2022 / Destatis
CRS3035RES100mN2723900E4195300,47.6164032,8.3295296,9.00,0.0000,9,0,Zensus 2022 / Destatis
CRS3035RES100mN2723900E4195500,47.6164438,8.3321877,9.00,0.0000,6,0,Zensus 2022 / Destatis
CRS3035RES100mN2724000E4178900,47.6137542,8.1115435,9.00,0.0000,6,0,Zensus 2022 / Destatis
CRS3035RES100mN2724000E4195300,47.6173029,8.3295005,9.00,0.0000,9,0,Zensus 2022 / Destatis
CRS3035RES100mN2724000E4195400,47.6173233,8.3308296,9.00,0.0000,6,0,Zensus 2022 / Destatis
CRS3035RES100mN2724100E4180500,47.6150192,8.1327738,9.00,0.0000,6,0,Zensus 2022 / Destatis
CRS3035RES100mN2724200E4180400,47.6158962,8.1314123,9.00,0.0000,6,0,Zensus 2022 / Destatis
CRS3035RES100mN2724200E4187600,47.6174903,8.2271018,9.00,0.0000,9,0,Zensus 2022 / Destatis
CRS3035RES100mN2724200E4188100,47.6175979,8.2337471,9.00,0.0000,9,0,Zensus 2022 / Destatis
CRS3035RES100mN2724300E4178200,47.6162920,8.1021418,9.00,0.0000,6,0,Zensus 2022 / Destatis
CRS3035RES100mN2724400E4188100,47.6193973,8.2336855,9.00,0.0000,9,0,Zensus 2022 / Destatis
CRS3035RES100mN2724600E4195100,47.6226607,8.3266672,9.00,0.0000,9,0,Zensus 2022 / Destatis
CRS3035RES100mN2724700E4188000,47.6220749,8.2322639,9.00,0.0000,6,0,Zensus 2022 / Destatis
CRS3035RES100mN2724700E4194900,47.6235197,8.3239795,9.00,0.0000,6,0,Zensus 2022 / Destatis
CRS3035RES100mN2724800E4178400,47.6208365,8.1046345,9.00,0.0000,6,0,Zensus 2022 / Destatis
CRS3035RES100mN2725000E4195400,47.6263206,8.3305383,9.00,0.0000,6,0,Zensus 2022 / Destatis
CRS3035RES100mN2725100E4186200,47.6252842,8.2082138,9.00,0.0000,6,0,Zensus 2022 / Destatis
CRS3035RES100mN2725100E4194800,47.6270983,8.3225332,9.00,0.0000,6,0,Zensus 2022 / Destatis
CRS3035RES100mN2725200E4186500,47.6262492,8.2121704,9.00,0.0000,6,0,Zensus 2022 / Destatis
CRS3035RES100mN2725400E4190700,47.6289475,8.2679405,9.00,0.0000,6,0,Zensus 2022 / Destatis
CRS3035RES100mN2725400E4193500,47.6295309,8.3051632,9.00,0.0000,9,0,Zensus 2022 / Destatis
CRS3035RES100mN2725500E4187000,47.6290568,8.2187235,9.00,0.0000,9,0,Zensus 2022 / Destatis
CRS3035RES100mN2725500E4193500,47.6304306,8.3051336,9.00,0.0000,6,0,Zensus 2022 / Destatis
CRS3035RES100mN2725600E4190600,47.6307258,8.2665506,9.00,0.0000,6,0,Zensus 2022 / Destatis
CRS3035RES100mN2725700E4194000,47.6323329,8.3117218,9.00,0.0000,6,0,Zensus 2022 / Destatis
CRS3035RES100mN2725800E4184300,47.6311651,8.1827362,9.00,0.0000,6,0,Zensus 2022 / Destatis
CRS3035RES100mN2726100E4184100,47.6338199,8.1799822,9.00,0.0000,6,0,Zensus 2022 / Destatis
CRS3035RES100mN2726100E4192800,47.6356843,8.2956492,9.00,0.0000,6,0,Zensus 2022 / Destatis
CRS3035RES100mN2726200E4197300,47.6375003,8.3554512,9.00,0.0000,6,0,Zensus 2022 / Destatis
CRS3035RES100mN2726300E4184200,47.6356414,8.1812482,9.00,0.0000,6,0,Zensus 2022 / Destatis
CRS3035RES100mN2726500E4192200,47.6391585,8.2875524,9.00,0.0000,6,0,Zensus 2022 / Destatis
CRS3035RES100mN2726700E4192100,47.6409371,8.2861629,9.00,0.0000,6,0,Zensus 2022 / Destatis
CRS3035RES100mN2726800E4189700,47.6413319,8.2542204,9.00,0.0000,9,0,Zensus 2022 / Destatis
CRS3035RES100mN2726800E4197700,47.6429787,8.3605980,9.00,0.0000,6,0,Zensus 2022 / Destatis
CRS3035RES100mN2727100E4197700,47.6456779,8.3605122,9.00,0.0000,6,0,Zensus 2022 / Destatis
CRS3035RES100mN2727300E4183300,47.6444384,8.1689630,9.00,0.0000,6,0,Zensus 2022 / Destatis
CRS3035RES100mN2727300E4189500,47.6457880,8.2514084,9.00,0.0000,6,0,Zensus 2022 / Destatis
CRS3035RES100mN2727400E4180400,47.6446855,8.1303686,9.00,0.0000,6,0,Zensus 2022 / Destatis
CRS3035RES100mN2727400E4189100,47.6466025,8.2460586,9.00,0.0000,6,0,Zensus 2022 / Destatis
CRS3035RES100mN2727600E4180400,47.6464849,8.1303033,9.00,0.0000,6,0,Zensus 2022 / Destatis
CRS3035RES100mN2727600E4189100,47.6484019,8.2459974,9.00,0.0000,6,0,Zensus 2022 / Destatis
CRS3035RES100mN2728000E4180300,47.6500607,8.1288429,9.00,0.0000,9,0,Zensus 2022 / Destatis
CRS3035RES100mN2728000E4196800,47.6535953,8.3482842,9.00,0.0000,6,0,Zensus 2022 / Destatis
CRS3035RES100mN2728100E4193600,47.6538440,8.3056942,9.00,0.0000,6,0,Zensus 2022 / Destatis
CRS3035RES100mN2728200E4198100,47.6556546,8.3655176,9.00,0.0000,9,0,Zensus 2022 / Destatis
CRS3035RES100mN2728300E4197700,47.6564747,8.3601686,9.00,0.0000,9,0,Zensus 2022 / Destatis
CRS3035RES100mN2728400E4197100,47.6572545,8.3521592,9.00,0.0000,9,0,Zensus 2022 / Destatis
CRS3035RES100mN2728500E4188700,47.6564137,8.2404014,9.00,0.0000,6,0,Zensus 2022 / Destatis
CRS3035RES100mN2728500E4197100,47.6581542,8.3521304,9.00,0.0000,6,0,Zensus 2022 / Destatis
CRS3035RES100mN2728600E4188500,47.6572705,8.2377105,9.00,0.0000,6,0,Zensus 2022 / Destatis
CRS3035RES100mN2728700E4197800,47.6600935,8.3613843,9.00,0.0000,6,0,Zensus 2022 / Destatis
CRS3035RES100mN2728700E4198500,47.6602326,8.3706957,9.00,0.0000,6,0,Zensus 2022 / Destatis
CRS3035RES100mN2728800E4188400,47.6590485,8.2363188,9.00,0.0000,6,0,Zensus 2022 / Destatis
CRS3035RES100mN2728800E4197900,47.6610132,8.3626859,9.00,0.0000,6,0,Zensus 2022 / Destatis
CRS3035RES100mN2728900E4187200,47.6596896,8.2203262,9.00,0.0000,6,0,Zensus 2022 / Destatis
CRS3035RES100mN2729000E4181400,47.6593067,8.1431472,9.00,0.0000,6,0,Zensus 2022 / Destatis
CRS3035RES100mN2729000E4181600,47.6593518,8.1458074,9.00,0.0000,9,0,Zensus 2022 / Destatis
CRS3035RES100mN2729000E4198200,47.6628723,8.3666195,9.00,0.0000,6,0,Zensus 2022 / Destatis
CRS3035RES100mN2729100E4188800,47.6618332,8.2415472,9.00,0.0000,9,0,Zensus 2022 / Destatis
CRS3035RES100mN2729300E4198700,47.6656706,8.3731856,9.00,0.0000,6,0,Zensus 2022 / Destatis
CRS3035RES100mN2729500E4186500,47.6649358,8.2108278,9.00,0.0000,6,0,Zensus 2022 / Destatis
CRS3035RES100mN2729600E4194800,47.6675858,8.3212148,9.00,0.0000,6,0,Zensus 2022 / Destatis
CRS3035RES100mN2730100E4178300,47.6684949,8.1015497,9.00,0.0000,6,0,Zensus 2022 / Destatis
CRS3035RES100mN2730100E4186700,47.6703773,8.2133011,9.00,0.0000,6,0,Zensus 2022 / Destatis
CRS3035RES100mN2730500E4183800,47.6733390,8.1745918,9.00,0.0000,6,0,Zensus 2022 / Destatis
CRS3035RES100mN2730600E4182900,47.6740382,8.1625855,9.00,0.0000,6,0,Zensus 2022 / Destatis
CRS3035RES100mN2730600E4183800,47.6742387,8.1745599,9.00,0.0000,6,0,Zensus 2022 / Destatis
CRS3035RES100mN2730600E4183900,47.6742609,8.1758904,9.00,0.0000,6,0,Zensus 2022 / Destatis
CRS3035RES100mN2730600E4188900,47.6753499,8.2424169,9.00,0.0000,6,0,Zensus 2022 / Destatis
CRS3035RES100mN2730600E4190400,47.6756688,8.2623754,9.00,0.0000,6,0,Zensus 2022 / Destatis
CRS3035RES100mN2730800E4182100,47.6756582,8.1518770,9.00,0.0000,6,0,Zensus 2022 / Destatis
CRS3035RES100mN2731200E4182300,47.6793018,8.1544090,9.00,0.0000,6,0,Zensus 2022 / Destatis
CRS3035RES100mN2720600E4178600,47.5830963,8.1086781,8.00,0.0000,4,0,Zensus 2022 / Destatis
CRS3035RES100mN2720900E4178400,47.5857493,8.1059228,8.00,0.0000,4,0,Zensus 2022 / Destatis
CRS3035RES100mN2720900E4193100,47.5889603,8.3011792,8.00,0.0000,8,0,Zensus 2022 / Destatis
CRS3035RES100mN2721000E4193000,47.5898394,8.2998212,8.00,0.0000,8,0,Zensus 2022 / Destatis
CRS3035RES100mN2721400E4194700,47.5937875,8.3222867,8.00,0.0000,8,0,Zensus 2022 / Destatis
CRS3035RES100mN2721400E4197700,47.5943922,8.3621415,8.00,0.0000,4,0,Zensus 2022 / Destatis
CRS3035RES100mN2721800E4194900,47.5974272,8.3248269,8.00,0.0000,8,0,Zensus 2022 / Destatis
CRS3035RES100mN2723200E4182400,47.6073505,8.1583134,8.00,0.0000,8,0,Zensus 2022 / Destatis
CRS3035RES100mN2723500E4187700,47.6112139,8.2286471,8.00,0.0000,8,0,Zensus 2022 / Destatis
CRS3035RES100mN2723500E4188000,47.6112784,8.2326338,8.00,0.0000,8,0,Zensus 2022 / Destatis
CRS3035RES100mN2723800E4183400,47.6129718,8.1714098,8.00,0.0000,8,0,Zensus 2022 / Destatis
CRS3035RES100mN2723900E4179000,47.6128775,8.1129054,8.00,0.0000,4,0,Zensus 2022 / Destatis
CRS3035RES100mN2723900E4187900,47.6148558,8.2311815,8.00,0.0000,8,0,Zensus 2022 / Destatis
CRS3035RES100mN2724200E4178100,47.6153693,8.1008460,8.00,0.0000,8,0,Zensus 2022 / Destatis
CRS3035RES100mN2724300E4195100,47.6199615,8.3267547,8.00,0.0000,8,0,Zensus 2022 / Destatis
CRS3035RES100mN2724700E4195400,47.6236214,8.3306257,8.00,0.0000,8,0,Zensus 2022 / Destatis
CRS3035RES100mN2724800E4195500,47.6245415,8.3319259,8.00,0.0000,8,0,Zensus 2022 / Destatis
CRS3035RES100mN2725000E4194800,47.6261985,8.3225624,8.00,0.0000,8,0,Zensus 2022 / Destatis
CRS3035RES100mN2725200E4180500,47.6249156,8.1324155,8.00,0.0000,4,0,Zensus 2022 / Destatis
CRS3035RES100mN2725300E4194500,47.6288365,8.3184865,8.00,0.0000,4,0,Zensus 2022 / Destatis
CRS3035RES100mN2725900E4194100,47.6341529,8.3129923,8.00,0.0000,8,0,Zensus 2022 / Destatis
CRS3035RES100mN2726700E4192000,47.6409162,8.2848333,8.00,0.0000,8,0,Zensus 2022 / Destatis
CRS3035RES100mN2726800E4188900,47.6411616,8.2435830,8.00,0.0000,4,0,Zensus 2022 / Destatis
CRS3035RES100mN2726900E4189700,47.6422316,8.2541899,8.00,0.0000,4,0,Zensus 2022 / Destatis
CRS3035RES100mN2727000E4197600,47.6447582,8.3592110,8.00,0.0000,8,0,Zensus 2022 / Destatis
CRS3035RES100mN2727600E4180500,47.6465076,8.1316331,8.00,0.0000,4,0,Zensus 2022 / Destatis
CRS3035RES100mN2728000E4198000,47.6538352,8.3642446,8.00,0.0000,8,0,Zensus 2022 / Destatis
CRS3035RES100mN2728800E4198100,47.6610530,8.3653463,8.00,0.0000,4,0,Zensus 2022 / Destatis
CRS3035RES100mN2729100E4188700,47.6618118,8.2402170,8.00,0.0000,4,0,Zensus 2022 / Destatis
CRS3035RES100mN2729700E4199200,47.6693683,8.3797242,8.00,0.0000,4,0,Zensus 2022 / Destatis
CRS3035RES100mN2730400E4189100,47.6735933,8.2451394,8.00,0.0000,8,0,Zensus 2022 / Destatis
CRS3035RES100mN2730500E4190500,47.6747902,8.2637363,8.00,0.0000,4,0,Zensus 2022 / Destatis
CRS3035RES100mN2730900E4182100,47.6765579,8.1518447,8.00,0.0000,8,0,Zensus 2022 / Destatis
CRS3035RES100mN2720800E4193400,47.5881224,8.3051938,7.00,0.0000,7,0,Zensus 2022 / Destatis
CRS3035RES100mN2720900E4178300,47.5857263,8.1045946,7.00,0.0000,7,0,Zensus 2022 / Destatis
CRS3035RES100mN2721000E4179600,47.5869242,8.1218286,7.00,0.0000,7,0,Zensus 2022 / Destatis
CRS3035RES100mN2721200E4179700,47.5887464,8.1230914,7.00,0.0000,7,0,Zensus 2022 / Destatis
CRS3035RES100mN2721600E4194900,47.5956277,8.3248853,7.00,0.0000,7,0,Zensus 2022 / Destatis
CRS3035RES100mN2722000E4180100,47.5960350,8.1281435,7.00,0.0000,7,0,Zensus 2022 / Destatis
CRS3035RES100mN2722300E4180700,47.5988703,8.1360169,7.00,0.0000,7,0,Zensus 2022 / Destatis
CRS3035RES100mN2722300E4196700,47.6022900,8.3485974,7.00,0.0000,7,0,Zensus 2022 / Destatis
CRS3035RES100mN2722900E4178100,47.6036736,8.1012764,7.00,0.0000,7,0,Zensus 2022 / Destatis
CRS3035RES100mN2723200E4183500,47.6075959,8.1729299,7.00,0.0000,7,0,Zensus 2022 / Destatis
CRS3035RES100mN2723300E4182900,47.6083620,8.1649253,7.00,0.0000,7,0,Zensus 2022 / Destatis
CRS3035RES100mN2723300E4192900,47.6105126,8.2978105,7.00,0.0000,7,0,Zensus 2022 / Destatis
CRS3035RES100mN2724000E4187800,47.6157340,8.2298217,7.00,0.0000,7,0,Zensus 2022 / Destatis
CRS3035RES100mN2724000E4190800,47.6163725,8.2696925,7.00,0.0000,7,0,Zensus 2022 / Destatis
CRS3035RES100mN2724100E4190700,47.6172511,8.2683333,7.00,0.0000,7,0,Zensus 2022 / Destatis
CRS3035RES100mN2724600E4195200,47.6226811,8.3279964,7.00,0.0000,7,0,Zensus 2022 / Destatis
CRS3035RES100mN2725000E4187700,47.6247095,8.2281836,7.00,0.0000,7,0,Zensus 2022 / Destatis
CRS3035RES100mN2725800E4192700,47.6329644,8.2944090,7.00,0.0000,7,0,Zensus 2022 / Destatis
CRS3035RES100mN2725800E4193500,47.6331298,8.3050448,7.00,0.0000,7,0,Zensus 2022 / Destatis
CRS3035RES100mN2726300E4186200,47.6360805,8.2078385,7.00,0.0000,7,0,Zensus 2022 / Destatis
CRS3035RES100mN2726500E4197000,47.6401395,8.3513761,7.00,0.0000,7,0,Zensus 2022 / Destatis
CRS3035RES100mN2726700E4197100,47.6419590,8.3526482,7.00,0.0000,7,0,Zensus 2022 / Destatis
CRS3035RES100mN2726800E4192300,47.6418785,8.2887924,7.00,0.0000,7,0,Zensus 2022 / Destatis
CRS3035RES100mN2727000E4192300,47.6436779,8.2887327,7.00,0.0000,7,0,Zensus 2022 / Destatis
CRS3035RES100mN2727400E4196500,47.6481366,8.3444676,7.00,0.0000,7,0,Zensus 2022 / Destatis
CRS3035RES100mN2727800E4188900,47.6501586,8.2432763,7.00,0.0000,7,0,Zensus 2022 / Destatis
CRS3035RES100mN2728000E4180200,47.6500380,8.1275130,7.00,0.0000,7,0,Zensus 2022 / Destatis
CRS3035RES100mN2728000E4197800,47.6537954,8.3615846,7.00,0.0000,7,0,Zensus 2022 / Destatis
CRS3035RES100mN2728100E4197900,47.6547151,8.3628860,7.00,0.0000,7,0,Zensus 2022 / Destatis
CRS3035RES100mN2728200E4198000,47.6556347,8.3641875,7.00,0.0000,7,0,Zensus 2022 / Destatis
CRS3035RES100mN2728300E4185400,47.6538993,8.1965728,7.00,0.0000,7,0,Zensus 2022 / Destatis
CRS3035RES100mN2728500E4188900,47.6564564,8.2430616,7.00,0.0000,7,0,Zensus 2022 / Destatis
CRS3035RES100mN2728700E4181700,47.6566754,8.1472346,7.00,0.0000,7,0,Zensus 2022 / Destatis
CRS3035RES100mN2728800E4182000,47.6576426,8.1511925,7.00,0.0000,7,0,Zensus 2022 / Destatis
CRS3035RES100mN2730600E4190600,47.6757110,8.2650365,7.00,0.0000,7,0,Zensus 2022 / Destatis
CRS3035RES100mN2731000E4182100,47.6774575,8.1518124,7.00,0.0000,7,0,Zensus 2022 / Destatis
CRS3035RES100mN2719200E4195400,47.5741353,8.3322256,6.00,0.0000,3,0,Zensus 2022 / Destatis
CRS3035RES100mN2720300E4178300,47.5803282,8.1047928,6.00,0.0000,6,0,Zensus 2022 / Destatis
CRS3035RES100mN2720600E4193300,47.5863023,8.3039246,6.00,0.0000,3,0,Zensus 2022 / Destatis
CRS3035RES100mN2720700E4193500,47.5872433,8.3065517,6.00,0.0000,6,0,Zensus 2022 / Destatis
CRS3035RES100mN2720800E4179100,47.5850104,8.1152531,6.00,0.0000,3,0,Zensus 2022 / Destatis
CRS3035RES100mN2720900E4179500,47.5860017,8.1205331,6.00,0.0000,6,0,Zensus 2022 / Destatis
CRS3035RES100mN2721000E4178400,47.5866490,8.1058898,6.00,0.0000,6,0,Zensus 2022 / Destatis
CRS3035RES100mN2721200E4178700,47.5885174,8.1098086,6.00,0.0000,3,0,Zensus 2022 / Destatis
CRS3035RES100mN2721200E4193200,47.5916802,8.3024188,6.00,0.0000,6,0,Zensus 2022 / Destatis
CRS3035RES100mN2721200E4193400,47.5917214,8.3050757,6.00,0.0000,3,0,Zensus 2022 / Destatis
CRS3035RES100mN2721500E4194500,47.5946464,8.3196005,6.00,0.0000,3,0,Zensus 2022 / Destatis
CRS3035RES100mN2721500E4194800,47.5947076,8.3235860,6.00,0.0000,6,0,Zensus 2022 / Destatis
CRS3035RES100mN2721600E4180500,47.5925272,8.1335876,6.00,0.0000,3,0,Zensus 2022 / Destatis
CRS3035RES100mN2721700E4180000,47.5933132,8.1269130,6.00,0.0000,6,0,Zensus 2022 / Destatis
CRS3035RES100mN2721700E4194500,47.5964459,8.3195419,6.00,0.0000,6,0,Zensus 2022 / Destatis
CRS3035RES100mN2721900E4194600,47.5982658,8.3208119,6.00,0.0000,3,0,Zensus 2022 / Destatis
CRS3035RES100mN2722200E4180800,47.5979933,8.1373779,6.00,0.0000,6,0,Zensus 2022 / Destatis
CRS3035RES100mN2722300E4196600,47.6022699,8.3472687,6.00,0.0000,6,0,Zensus 2022 / Destatis
CRS3035RES100mN2722600E4196700,47.6049893,8.3485110,6.00,0.0000,3,0,Zensus 2022 / Destatis
CRS3035RES100mN2722900E4181500,47.6044493,8.1464514,6.00,0.0000,3,0,Zensus 2022 / Destatis
CRS3035RES100mN2723100E4178200,47.6054960,8.1025389,6.00,0.0000,3,0,Zensus 2022 / Destatis
CRS3035RES100mN2723300E4187700,47.6094145,8.2287089,6.00,0.0000,3,0,Zensus 2022 / Destatis
CRS3035RES100mN2723400E4192700,47.6113709,8.2951229,6.00,0.0000,3,0,Zensus 2022 / Destatis
CRS3035RES100mN2723800E4192900,47.6150113,8.2976620,6.00,0.0000,3,0,Zensus 2022 / Destatis
CRS3035RES100mN2724100E4195400,47.6182230,8.3308004,6.00,0.0000,6,0,Zensus 2022 / Destatis
CRS3035RES100mN2724200E4184700,47.6168583,8.1885595,6.00,0.0000,3,0,Zensus 2022 / Destatis
CRS3035RES100mN2724200E4188500,47.6176837,8.2390633,6.00,0.0000,6,0,Zensus 2022 / Destatis
CRS3035RES100mN2724300E4180500,47.6168186,8.1327087,6.00,0.0000,3,0,Zensus 2022 / Destatis
CRS3035RES100mN2724300E4187600,47.6183900,8.2270709,6.00,0.0000,6,0,Zensus 2022 / Destatis
CRS3035RES100mN2724400E4187600,47.6192897,8.2270399,6.00,0.0000,6,0,Zensus 2022 / Destatis
CRS3035RES100mN2724400E4194700,47.6207797,8.3214088,6.00,0.0000,6,0,Zensus 2022 / Destatis
CRS3035RES100mN2724500E4195300,47.6218016,8.3293548,6.00,0.0000,3,0,Zensus 2022 / Destatis
CRS3035RES100mN2724600E4180200,47.6194494,8.1286238,6.00,0.0000,6,0,Zensus 2022 / Destatis
CRS3035RES100mN2724600E4195300,47.6227014,8.3293256,6.00,0.0000,6,0,Zensus 2022 / Destatis
CRS3035RES100mN2724700E4180600,47.6204400,8.1339075,6.00,0.0000,6,0,Zensus 2022 / Destatis
CRS3035RES100mN2724700E4184400,47.6212906,8.1844141,6.00,0.0000,3,0,Zensus 2022 / Destatis
CRS3035RES100mN2724700E4194600,47.6234585,8.3199917,6.00,0.0000,3,0,Zensus 2022 / Destatis
CRS3035RES100mN2724800E4187200,47.6228021,8.2215994,6.00,0.0000,6,0,Zensus 2022 / Destatis
CRS3035RES100mN2725000E4180600,47.6231390,8.1338098,6.00,0.0000,3,0,Zensus 2022 / Destatis
CRS3035RES100mN2725000E4180700,47.6231617,8.1351390,6.00,0.0000,3,0,Zensus 2022 / Destatis
CRS3035RES100mN2725000E4181800,47.6234101,8.1497600,6.00,0.0000,6,0,Zensus 2022 / Destatis
CRS3035RES100mN2725000E4181900,47.6234326,8.1510892,6.00,0.0000,6,0,Zensus 2022 / Destatis
CRS3035RES100mN2725000E4185400,47.6242096,8.1976112,6.00,0.0000,3,0,Zensus 2022 / Destatis
CRS3035RES100mN2725000E4195200,47.6262800,8.3278797,6.00,0.0000,3,0,Zensus 2022 / Destatis
CRS3035RES100mN2725100E4181700,47.6242873,8.1483985,6.00,0.0000,3,0,Zensus 2022 / Destatis
CRS3035RES100mN2725200E4180400,47.6248929,8.1310863,6.00,0.0000,3,0,Zensus 2022 / Destatis
CRS3035RES100mN2725300E4190700,47.6280477,8.2679707,6.00,0.0000,3,0,Zensus 2022 / Destatis
CRS3035RES100mN2725400E4180600,47.6267377,8.1336796,6.00,0.0000,3,0,Zensus 2022 / Destatis
CRS3035RES100mN2725600E4194200,47.6314742,8.3144101,6.00,0.0000,3,0,Zensus 2022 / Destatis
CRS3035RES100mN2725700E4184300,47.6302654,8.1827679,6.00,0.0000,6,0,Zensus 2022 / Destatis
CRS3035RES100mN2725700E4193200,47.6321682,8.3010860,6.00,0.0000,3,0,Zensus 2022 / Destatis
CRS3035RES100mN2725800E4184200,47.6311430,8.1814068,6.00,0.0000,3,0,Zensus 2022 / Destatis
CRS3035RES100mN2726100E4184200,47.6338420,8.1813116,6.00,0.0000,3,0,Zensus 2022 / Destatis
CRS3035RES100mN2726100E4192700,47.6356635,8.2943197,6.00,0.0000,6,0,Zensus 2022 / Destatis
CRS3035RES100mN2726200E4184100,47.6347196,8.1799504,6.00,0.0000,3,0,Zensus 2022 / Destatis
CRS3035RES100mN2726400E4191700,47.6381545,8.2809342,6.00,0.0000,3,0,Zensus 2022 / Destatis
CRS3035RES100mN2726500E4188700,47.6384197,8.2410157,6.00,0.0000,3,0,Zensus 2022 / Destatis
CRS3035RES100mN2726600E4192000,47.6400165,8.2848632,6.00,0.0000,6,0,Zensus 2022 / Destatis
CRS3035RES100mN2726700E4197400,47.6420190,8.3566374,6.00,0.0000,3,0,Zensus 2022 / Destatis
CRS3035RES100mN2726800E4188800,47.6411402,8.2422533,6.00,0.0000,3,0,Zensus 2022 / Destatis
CRS3035RES100mN2726800E4189300,47.6412469,8.2489017,6.00,0.0000,3,0,Zensus 2022 / Destatis
CRS3035RES100mN2727000E4189000,47.6429823,8.2448514,6.00,0.0000,3,0,Zensus 2022 / Destatis
CRS3035RES100mN2727100E4189600,47.6440098,8.2527992,6.00,0.0000,3,0,Zensus 2022 / Destatis
CRS3035RES100mN2727100E4196600,47.6454576,8.3458841,6.00,0.0000,3,0,Zensus 2022 / Destatis
CRS3035RES100mN2727200E4196200,47.6462767,8.3405359,6.00,0.0000,6,0,Zensus 2022 / Destatis
CRS3035RES100mN2727300E4180400,47.6437859,8.1304012,6.00,0.0000,3,0,Zensus 2022 / Destatis
CRS3035RES100mN2727400E4180500,47.6447083,8.1316983,6.00,0.0000,3,0,Zensus 2022 / Destatis
CRS3035RES100mN2727400E4189300,47.6466451,8.2487182,6.00,0.0000,3,0,Zensus 2022 / Destatis
CRS3035RES100mN2727500E4180900,47.6456987,8.1369847,6.00,0.0000,3,0,Zensus 2022 / Destatis
CRS3035RES100mN2727500E4196700,47.6490766,8.3470985,6.00,0.0000,3,0,Zensus 2022 / Destatis
CRS3035RES100mN2727600E4183600,47.6472042,8.1728565,6.00,0.0000,3,0,Zensus 2022 / Destatis
CRS3035RES100mN2727800E4189000,47.6501799,8.2446062,6.00,0.0000,3,0,Zensus 2022 / Destatis
CRS3035RES100mN2727800E4196600,47.6517557,8.3456819,6.00,0.0000,6,0,Zensus 2022 / Destatis
CRS3035RES100mN2727800E4197900,47.6520159,8.3629718,6.00,0.0000,6,0,Zensus 2022 / Destatis
CRS3035RES100mN2727900E4196500,47.6526353,8.3443231,6.00,0.0000,3,0,Zensus 2022 / Destatis
CRS3035RES100mN2727900E4196600,47.6526554,8.3456531,6.00,0.0000,3,0,Zensus 2022 / Destatis
CRS3035RES100mN2727900E4198000,47.6529355,8.3642732,6.00,0.0000,6,0,Zensus 2022 / Destatis
CRS3035RES100mN2728000E4185700,47.6512660,8.2006570,6.00,0.0000,6,0,Zensus 2022 / Destatis
CRS3035RES100mN2728100E4180400,47.6509832,8.1301401,6.00,0.0000,3,0,Zensus 2022 / Destatis
CRS3035RES100mN2728200E4193900,47.6548054,8.3096548,6.00,0.0000,6,0,Zensus 2022 / Destatis
CRS3035RES100mN2728200E4197800,47.6555949,8.3615273,6.00,0.0000,6,0,Zensus 2022 / Destatis
CRS3035RES100mN2728400E4189600,47.6557059,8.2524026,6.00,0.0000,3,0,Zensus 2022 / Destatis
CRS3035RES100mN2728500E4182000,47.6549436,8.1512893,6.00,0.0000,3,0,Zensus 2022 / Destatis
CRS3035RES100mN2728500E4188600,47.6563923,8.2390714,6.00,0.0000,3,0,Zensus 2022 / Destatis
CRS3035RES100mN2728500E4198700,47.6584728,8.3734129,6.00,0.0000,3,0,Zensus 2022 / Destatis
CRS3035RES100mN2728600E4198000,47.6592336,8.3640732,6.00,0.0000,3,0,Zensus 2022 / Destatis
CRS3035RES100mN2728700E4182100,47.6567654,8.1525548,6.00,0.0000,3,0,Zensus 2022 / Destatis
CRS3035RES100mN2728700E4198000,47.6601334,8.3640447,6.00,0.0000,3,0,Zensus 2022 / Destatis
CRS3035RES100mN2728800E4181300,47.6574848,8.1418820,6.00,0.0000,3,0,Zensus 2022 / Destatis
CRS3035RES100mN2728800E4182100,47.6576651,8.1525225,6.00,0.0000,3,0,Zensus 2022 / Destatis
CRS3035RES100mN2728800E4188700,47.6591127,8.2403092,6.00,0.0000,6,0,Zensus 2022 / Destatis
CRS3035RES100mN2728900E4181700,47.6584747,8.1471699,6.00,0.0000,3,0,Zensus 2022 / Destatis
CRS3035RES100mN2728900E4188900,47.6600552,8.2429388,6.00,0.0000,6,0,Zensus 2022 / Destatis
CRS3035RES100mN2729000E4181700,47.6593744,8.1471375,6.00,0.0000,6,0,Zensus 2022 / Destatis
CRS3035RES100mN2729100E4198300,47.6637919,8.3679212,6.00,0.0000,3,0,Zensus 2022 / Destatis
CRS3035RES100mN2729100E4198500,47.6638316,8.3705818,6.00,0.0000,3,0,Zensus 2022 / Destatis
CRS3035RES100mN2729200E4198700,47.6647709,8.3732140,6.00,0.0000,6,0,Zensus 2022 / Destatis
CRS3035RES100mN2729700E4194700,47.6684651,8.3198550,6.00,0.0000,3,0,Zensus 2022 / Destatis
CRS3035RES100mN2729900E4186600,47.6685562,8.2120331,6.00,0.0000,3,0,Zensus 2022 / Destatis
CRS3035RES100mN2730500E4182700,47.6730938,8.1599566,6.00,0.0000,3,0,Zensus 2022 / Destatis
CRS3035RES100mN2730500E4182800,47.6731162,8.1612871,6.00,0.0000,6,0,Zensus 2022 / Destatis
CRS3035RES100mN2730600E4184800,47.6744599,8.1878650,6.00,0.0000,3,0,Zensus 2022 / Destatis
CRS3035RES100mN2730600E4190300,47.6756476,8.2610448,6.00,0.0000,3,0,Zensus 2022 / Destatis
CRS3035RES100mN2730600E4199100,47.6774462,8.3781387,6.00,0.0000,3,0,Zensus 2022 / Destatis
CRS3035RES100mN2730900E4182000,47.6765354,8.1505141,6.00,0.0000,3,0,Zensus 2022 / Destatis
CRS3035RES100mN2730900E4182500,47.6766477,8.1571669,6.00,0.0000,3,0,Zensus 2022 / Destatis
CRS3035RES100mN2730900E4183000,47.6767595,8.1638197,6.00,0.0000,3,0,Zensus 2022 / Destatis
CRS3035RES100mN2730900E4183100,47.6767819,8.1651503,6.00,0.0000,3,0,Zensus 2022 / Destatis
CRS3035RES100mN2730900E4183200,47.6768042,8.1664808,6.00,0.0000,3,0,Zensus 2022 / Destatis
CRS3035RES100mN2731100E4182100,47.6783572,8.1517801,6.00,0.0000,3,0,Zensus 2022 / Destatis
CRS3035RES100mN2731200E4182100,47.6792569,8.1517478,6.00,0.0000,6,0,Zensus 2022 / Destatis
CRS3035RES100mN2731800E4178500,47.6838349,8.1036471,6.00,0.0000,3,0,Zensus 2022 / Destatis
CRS3035RES100mN2732100E4178800,47.6866030,8.1075401,6.00,0.0000,3,0,Zensus 2022 / Destatis
CRS3035RES100mN2718900E4198800,47.5721161,8.3774622,5.00,0.0000,5,0,Zensus 2022 / Destatis
CRS3035RES100mN2719000E4195300,47.5723154,8.3309558,5.00,0.0000,5,0,Zensus 2022 / Destatis
CRS3035RES100mN2720100E4178000,47.5784596,8.1008748,5.00,0.0000,5,0,Zensus 2022 / Destatis
CRS3035RES100mN2720200E4178100,47.5793824,8.1021697,5.00,0.0000,5,0,Zensus 2022 / Destatis
CRS3035RES100mN2720800E4178700,47.5849187,8.1099404,5.00,0.0000,5,0,Zensus 2022 / Destatis
CRS3035RES100mN2721000E4179700,47.5869470,8.1231568,5.00,0.0000,5,0,Zensus 2022 / Destatis
CRS3035RES100mN2721200E4179600,47.5887236,8.1217631,5.00,0.0000,5,0,Zensus 2022 / Destatis
CRS3035RES100mN2721600E4179800,47.5923679,8.1242889,5.00,0.0000,5,0,Zensus 2022 / Destatis
CRS3035RES100mN2722000E4180500,47.5961259,8.1334574,5.00,0.0000,5,0,Zensus 2022 / Destatis
CRS3035RES100mN2722700E4178000,47.6018512,8.1000140,5.00,0.0000,5,0,Zensus 2022 / Destatis
CRS3035RES100mN2722700E4178100,47.6018743,8.1013427,5.00,0.0000,5,0,Zensus 2022 / Destatis
CRS3035RES100mN2722800E4178300,47.6028201,8.1039668,5.00,0.0000,5,0,Zensus 2022 / Destatis
CRS3035RES100mN2722900E4181600,47.6044718,8.1477801,5.00,0.0000,5,0,Zensus 2022 / Destatis
CRS3035RES100mN2723300E4192400,47.6104089,8.2911660,5.00,0.0000,5,0,Zensus 2022 / Destatis
CRS3035RES100mN2723600E4183000,47.6110834,8.1661581,5.00,0.0000,5,0,Zensus 2022 / Destatis
CRS3035RES100mN2723600E4188100,47.6121996,8.2339319,5.00,0.0000,5,0,Zensus 2022 / Destatis
CRS3035RES100mN2723700E4193000,47.6141323,8.2990207,5.00,0.0000,5,0,Zensus 2022 / Destatis
CRS3035RES100mN2723900E4192700,47.6158696,8.2949743,5.00,0.0000,5,0,Zensus 2022 / Destatis
CRS3035RES100mN2724100E4190800,47.6172722,8.2696623,5.00,0.0000,5,0,Zensus 2022 / Destatis
CRS3035RES100mN2724400E4194800,47.6208001,8.3227380,5.00,0.0000,5,0,Zensus 2022 / Destatis
CRS3035RES100mN2724500E4180200,47.6185497,8.1286564,5.00,0.0000,5,0,Zensus 2022 / Destatis
CRS3035RES100mN2724500E4188100,47.6202970,8.2336547,5.00,0.0000,5,0,Zensus 2022 / Destatis
CRS3035RES100mN2724600E4188200,47.6212182,8.2349530,5.00,0.0000,5,0,Zensus 2022 / Destatis
CRS3035RES100mN2724800E4185200,47.6223664,8.1950158,5.00,0.0000,5,0,Zensus 2022 / Destatis
CRS3035RES100mN2724800E4185600,47.6224541,8.2003325,5.00,0.0000,5,0,Zensus 2022 / Destatis
CRS3035RES100mN2725100E4180600,47.6240386,8.1337773,5.00,0.0000,5,0,Zensus 2022 / Destatis
CRS3035RES100mN2725100E4181800,47.6243098,8.1497277,5.00,0.0000,5,0,Zensus 2022 / Destatis
CRS3035RES100mN2725200E4180700,47.6249610,8.1350739,5.00,0.0000,5,0,Zensus 2022 / Destatis
CRS3035RES100mN2725300E4181900,47.6261317,8.1509924,5.00,0.0000,5,0,Zensus 2022 / Destatis
CRS3035RES100mN2725500E4186900,47.6290351,8.2173942,5.00,0.0000,5,0,Zensus 2022 / Destatis
CRS3035RES100mN2725700E4191000,47.6317097,8.2718381,5.00,0.0000,5,0,Zensus 2022 / Destatis
CRS3035RES100mN2725800E4193000,47.6330265,8.2983974,5.00,0.0000,5,0,Zensus 2022 / Destatis
CRS3035RES100mN2725900E4190800,47.6334671,8.2691188,5.00,0.0000,5,0,Zensus 2022 / Destatis
CRS3035RES100mN2726100E4193800,47.6358907,8.3089448,5.00,0.0000,5,0,Zensus 2022 / Destatis
CRS3035RES100mN2726200E4190600,47.6361241,8.2663691,5.00,0.0000,5,0,Zensus 2022 / Destatis
CRS3035RES100mN2726400E4191100,47.6380287,8.2729566,5.00,0.0000,5,0,Zensus 2022 / Destatis
CRS3035RES100mN2726500E4192400,47.6392001,8.2902117,5.00,0.0000,5,0,Zensus 2022 / Destatis
CRS3035RES100mN2726600E4192400,47.6400998,8.2901818,5.00,0.0000,5,0,Zensus 2022 / Destatis
CRS3035RES100mN2726800E4189100,47.6412043,8.2462423,5.00,0.0000,5,0,Zensus 2022 / Destatis
CRS3035RES100mN2726800E4197500,47.6429387,8.3579385,5.00,0.0000,5,0,Zensus 2022 / Destatis
CRS3035RES100mN2726800E4197600,47.6429587,8.3592683,5.00,0.0000,5,0,Zensus 2022 / Destatis
CRS3035RES100mN2726900E4192400,47.6427990,8.2900923,5.00,0.0000,5,0,Zensus 2022 / Destatis
CRS3035RES100mN2726900E4197500,47.6438385,8.3579098,5.00,0.0000,5,0,Zensus 2022 / Destatis
CRS3035RES100mN2727900E4193600,47.6520445,8.3057534,5.00,0.0000,5,0,Zensus 2022 / Destatis
CRS3035RES100mN2728100E4185400,47.6520999,8.1966358,5.00,0.0000,5,0,Zensus 2022 / Destatis
CRS3035RES100mN2728100E4196800,47.6544951,8.3482554,5.00,0.0000,5,0,Zensus 2022 / Destatis
CRS3035RES100mN2728200E4193700,47.6547643,8.3069947,5.00,0.0000,5,0,Zensus 2022 / Destatis
CRS3035RES100mN2728400E4185200,47.6547551,8.1938813,5.00,0.0000,5,0,Zensus 2022 / Destatis
CRS3035RES100mN2728700E4197900,47.6601135,8.3627145,5.00,0.0000,5,0,Zensus 2022 / Destatis
CRS3035RES100mN2728800E4181800,47.6575976,8.1485323,5.00,0.0000,5,0,Zensus 2022 / Destatis
CRS3035RES100mN2729000E4181500,47.6593293,8.1444773,5.00,0.0000,5,0,Zensus 2022 / Destatis
CRS3035RES100mN2729200E4198500,47.6647313,8.3705534,5.00,0.0000,5,0,Zensus 2022 / Destatis
CRS3035RES100mN2729300E4198500,47.6656310,8.3705249,5.00,0.0000,5,0,Zensus 2022 / Destatis
CRS3035RES100mN2729800E4195000,47.6694261,8.3238170,5.00,0.0000,5,0,Zensus 2022 / Destatis
CRS3035RES100mN2730900E4181900,47.6765129,8.1491836,5.00,0.0000,5,0,Zensus 2022 / Destatis
CRS3035RES100mN2730900E4182200,47.6765804,8.1531752,5.00,0.0000,5,0,Zensus 2022 / Destatis
CRS3035RES100mN2730900E4182300,47.6766028,8.1545058,5.00,0.0000,5,0,Zensus 2022 / Destatis
CRS3035RES100mN2731100E4182300,47.6784021,8.1544413,5.00,0.0000,5,0,Zensus 2022 / Destatis
CRS3035RES100mN2731200E4193900,47.6817968,8.3087686,5.00,0.0000,5,0,Zensus 2022 / Destatis
CRS3035RES100mN2732200E4189900,47.6899579,8.2552347,5.00,0.0000,5,0,Zensus 2022 / Destatis
CRS3035RES100mN2732400E4181600,47.6899400,8.1447056,5.00,0.0000,5,0,Zensus 2022 / Destatis
CRS3035RES100mN2719000E4195100,47.5722748,8.3282999,4.00,0.0000,4,0,Zensus 2022 / Destatis
CRS3035RES100mN2719000E4195500,47.5723560,8.3336116,4.00,0.0000,4,0,Zensus 2022 / Destatis
CRS3035RES100mN2719300E4195200,47.5749944,8.3295405,4.00,0.0000,4,0,Zensus 2022 / Destatis
CRS3035RES100mN2720400E4178400,47.5812509,8.1060878,4.00,0.0000,4,0,Zensus 2022 / Destatis
CRS3035RES100mN2720600E4193800,47.5864052,8.3105660,4.00,0.0000,4,0,Zensus 2022 / Destatis
CRS3035RES100mN2720900E4193000,47.5889396,8.2998509,4.00,0.0000,4,0,Zensus 2022 / Destatis
CRS3035RES100mN2721000E4180200,47.5870609,8.1297980,4.00,0.0000,4,0,Zensus 2022 / Destatis
CRS3035RES100mN2721000E4193400,47.5899219,8.3051347,4.00,0.0000,4,0,Zensus 2022 / Destatis
CRS3035RES100mN2721300E4194600,47.5928673,8.3209875,4.00,0.0000,4,0,Zensus 2022 / Destatis
CRS3035RES100mN2721300E4197800,47.5935123,8.3634986,4.00,0.0000,4,0,Zensus 2022 / Destatis
CRS3035RES100mN2721400E4197800,47.5944121,8.3634700,4.00,0.0000,4,0,Zensus 2022 / Destatis
CRS3035RES100mN2721500E4180400,47.5916048,8.1322917,4.00,0.0000,4,0,Zensus 2022 / Destatis
CRS3035RES100mN2721900E4180400,47.5952035,8.1321615,4.00,0.0000,4,0,Zensus 2022 / Destatis
CRS3035RES100mN2722200E4196500,47.6013501,8.3459689,4.00,0.0000,4,0,Zensus 2022 / Destatis
CRS3035RES100mN2722300E4181400,47.5990286,8.1453168,4.00,0.0000,4,0,Zensus 2022 / Destatis
CRS3035RES100mN2722800E4178200,47.6027970,8.1026382,4.00,0.0000,4,0,Zensus 2022 / Destatis
CRS3035RES100mN2722900E4193000,47.6069344,8.2992580,4.00,0.0000,4,0,Zensus 2022 / Destatis
CRS3035RES100mN2723000E4192900,47.6078134,8.2978995,4.00,0.0000,4,0,Zensus 2022 / Destatis
CRS3035RES100mN2723100E4182800,47.6065403,8.1636605,4.00,0.0000,4,0,Zensus 2022 / Destatis
CRS3035RES100mN2723200E4182800,47.6074400,8.1636285,4.00,0.0000,4,0,Zensus 2022 / Destatis
CRS3035RES100mN2723300E4183500,47.6084956,8.1728981,4.00,0.0000,4,0,Zensus 2022 / Destatis
CRS3035RES100mN2723500E4182900,47.6101614,8.1648612,4.00,0.0000,4,0,Zensus 2022 / Destatis
CRS3035RES100mN2723500E4183200,47.6102282,8.1688478,4.00,0.0000,4,0,Zensus 2022 / Destatis
CRS3035RES100mN2723800E4178900,47.6119548,8.1116094,4.00,0.0000,4,0,Zensus 2022 / Destatis
CRS3035RES100mN2723900E4195400,47.6164235,8.3308587,4.00,0.0000,4,0,Zensus 2022 / Destatis
CRS3035RES100mN2724000E4192700,47.6167693,8.2949445,4.00,0.0000,4,0,Zensus 2022 / Destatis
CRS3035RES100mN2724100E4190500,47.6172090,8.2656751,4.00,0.0000,4,0,Zensus 2022 / Destatis
CRS3035RES100mN2724100E4194900,47.6181213,8.3241549,4.00,0.0000,4,0,Zensus 2022 / Destatis
CRS3035RES100mN2724200E4188600,47.6177051,8.2403924,4.00,0.0000,4,0,Zensus 2022 / Destatis
CRS3035RES100mN2724300E4188600,47.6186048,8.2403617,4.00,0.0000,4,0,Zensus 2022 / Destatis
CRS3035RES100mN2724500E4184900,47.6196014,8.1911229,4.00,0.0000,4,0,Zensus 2022 / Destatis
CRS3035RES100mN2724700E4184700,47.6213568,8.1884015,4.00,0.0000,4,0,Zensus 2022 / Destatis
CRS3035RES100mN2724800E4195100,47.6244602,8.3266088,4.00,0.0000,4,0,Zensus 2022 / Destatis
CRS3035RES100mN2724800E4195300,47.6245009,8.3292673,4.00,0.0000,4,0,Zensus 2022 / Destatis
CRS3035RES100mN2724900E4185700,47.6233756,8.2016303,4.00,0.0000,4,0,Zensus 2022 / Destatis
CRS3035RES100mN2724900E4193600,47.6250529,8.3066403,4.00,0.0000,4,0,Zensus 2022 / Destatis
CRS3035RES100mN2724900E4195100,47.6253599,8.3265796,4.00,0.0000,4,0,Zensus 2022 / Destatis
CRS3035RES100mN2725100E4180700,47.6240613,8.1351065,4.00,0.0000,4,0,Zensus 2022 / Destatis
CRS3035RES100mN2725100E4194600,47.6270574,8.3198745,4.00,0.0000,4,0,Zensus 2022 / Destatis
CRS3035RES100mN2725200E4186400,47.6262274,8.2108411,4.00,0.0000,4,0,Zensus 2022 / Destatis
CRS3035RES100mN2725200E4194100,47.6278548,8.3131984,4.00,0.0000,4,0,Zensus 2022 / Destatis
CRS3035RES100mN2725400E4184200,47.6275442,8.1815338,4.00,0.0000,4,0,Zensus 2022 / Destatis
CRS3035RES100mN2725400E4193200,47.6294690,8.3011750,4.00,0.0000,4,0,Zensus 2022 / Destatis
CRS3035RES100mN2725600E4184300,47.6293657,8.1827997,4.00,0.0000,4,0,Zensus 2022 / Destatis
CRS3035RES100mN2725600E4186900,47.6299348,8.2173631,4.00,0.0000,4,0,Zensus 2022 / Destatis
CRS3035RES100mN2725700E4190800,47.6316677,8.2691793,4.00,0.0000,4,0,Zensus 2022 / Destatis
CRS3035RES100mN2726000E4184300,47.6329644,8.1826728,4.00,0.0000,4,0,Zensus 2022 / Destatis
CRS3035RES100mN2726000E4191900,47.6345974,8.2837133,4.00,0.0000,4,0,Zensus 2022 / Destatis
CRS3035RES100mN2726100E4192600,47.6356428,8.2929901,4.00,0.0000,4,0,Zensus 2022 / Destatis
CRS3035RES100mN2726200E4182400,47.6343410,8.1573493,4.00,0.0000,4,0,Zensus 2022 / Destatis
CRS3035RES100mN2726200E4184000,47.6346974,8.1786209,4.00,0.0000,4,0,Zensus 2022 / Destatis
CRS3035RES100mN2726400E4184100,47.6365189,8.1798869,4.00,0.0000,4,0,Zensus 2022 / Destatis
CRS3035RES100mN2726400E4197400,47.6393198,8.3567235,4.00,0.0000,4,0,Zensus 2022 / Destatis
CRS3035RES100mN2726500E4184000,47.6373965,8.1785256,4.00,0.0000,4,0,Zensus 2022 / Destatis
CRS3035RES100mN2726500E4192000,47.6391168,8.2848931,4.00,0.0000,4,0,Zensus 2022 / Destatis
CRS3035RES100mN2726800E4191900,47.6417951,8.2834736,4.00,0.0000,4,0,Zensus 2022 / Destatis
CRS3035RES100mN2726900E4192300,47.6427782,8.2887626,4.00,0.0000,4,0,Zensus 2022 / Destatis
CRS3035RES100mN2727100E4197500,47.6456380,8.3578525,4.00,0.0000,4,0,Zensus 2022 / Destatis
CRS3035RES100mN2727700E4196400,47.6508157,8.3430509,4.00,0.0000,4,0,Zensus 2022 / Destatis
CRS3035RES100mN2727800E4185700,47.6494666,8.2007198,4.00,0.0000,4,0,Zensus 2022 / Destatis
CRS3035RES100mN2727800E4185800,47.6494885,8.2020497,4.00,0.0000,4,0,Zensus 2022 / Destatis
CRS3035RES100mN2727800E4197800,47.6519959,8.3616418,4.00,0.0000,4,0,Zensus 2022 / Destatis
CRS3035RES100mN2727900E4185600,47.6503444,8.1993585,4.00,0.0000,4,0,Zensus 2022 / Destatis
CRS3035RES100mN2727900E4185700,47.6503663,8.2006884,4.00,0.0000,4,0,Zensus 2022 / Destatis
CRS3035RES100mN2727900E4197900,47.6529156,8.3629432,4.00,0.0000,4,0,Zensus 2022 / Destatis
CRS3035RES100mN2728000E4197200,47.6536756,8.3536043,4.00,0.0000,4,0,Zensus 2022 / Destatis
CRS3035RES100mN2728300E4189700,47.6548275,8.2537631,4.00,0.0000,4,0,Zensus 2022 / Destatis
CRS3035RES100mN2728400E4185300,47.6547770,8.1952113,4.00,0.0000,4,0,Zensus 2022 / Destatis
CRS3035RES100mN2728500E4198600,47.6584530,8.3720828,4.00,0.0000,4,0,Zensus 2022 / Destatis
CRS3035RES100mN2728700E4198100,47.6601533,8.3653749,4.00,0.0000,4,0,Zensus 2022 / Destatis
CRS3035RES100mN2728800E4181600,47.6575525,8.1458722,4.00,0.0000,4,0,Zensus 2022 / Destatis
CRS3035RES100mN2729000E4183400,47.6597551,8.1697496,4.00,0.0000,4,0,Zensus 2022 / Destatis
CRS3035RES100mN2729000E4186900,47.6605243,8.2163047,4.00,0.0000,4,0,Zensus 2022 / Destatis
CRS3035RES100mN2729200E4186900,47.6623236,8.2162424,4.00,0.0000,4,0,Zensus 2022 / Destatis
CRS3035RES100mN2729300E4199200,47.6657694,8.3798374,4.00,0.0000,4,0,Zensus 2022 / Destatis
CRS3035RES100mN2729400E4186700,47.6640796,8.2135195,4.00,0.0000,4,0,Zensus 2022 / Destatis
CRS3035RES100mN2729400E4199100,47.6666494,8.3784787,4.00,0.0000,4,0,Zensus 2022 / Destatis
CRS3035RES100mN2729500E4194700,47.6666657,8.3199137,4.00,0.0000,4,0,Zensus 2022 / Destatis
CRS3035RES100mN2729600E4194700,47.6675654,8.3198844,4.00,0.0000,4,0,Zensus 2022 / Destatis
CRS3035RES100mN2729800E4195100,47.6694465,8.3251474,4.00,0.0000,4,0,Zensus 2022 / Destatis
CRS3035RES100mN2730500E4184000,47.6733834,8.1772528,4.00,0.0000,4,0,Zensus 2022 / Destatis
CRS3035RES100mN2730600E4182800,47.6740159,8.1612550,4.00,0.0000,4,0,Zensus 2022 / Destatis
CRS3035RES100mN2730600E4184000,47.6742831,8.1772209,4.00,0.0000,4,0,Zensus 2022 / Destatis
CRS3035RES100mN2731100E4182200,47.6783797,8.1531107,4.00,0.0000,4,0,Zensus 2022 / Destatis
CRS3035RES100mN2731100E4182400,47.6784246,8.1557719,4.00,0.0000,4,0,Zensus 2022 / Destatis
CRS3035RES100mN2731200E4193700,47.6817556,8.3061071,4.00,0.0000,4,0,Zensus 2022 / Destatis
CRS3035RES100mN2731200E4193800,47.6817762,8.3074379,4.00,0.0000,4,0,Zensus 2022 / Destatis
CRS3035RES100mN2731300E4186600,47.6811517,8.2115957,4.00,0.0000,4,0,Zensus 2022 / Destatis
CRS3035RES100mN2731300E4193800,47.6826759,8.3074083,4.00,0.0000,4,0,Zensus 2022 / Destatis
CRS3035RES100mN2718800E4198600,47.5711768,8.3748346,3.00,0.0000,3,0,Zensus 2022 / Destatis
CRS3035RES100mN2718900E4195300,47.5714157,8.3309848,3.00,0.0000,3,0,Zensus 2022 / Destatis
CRS3035RES100mN2719000E4198400,47.5729368,8.3721220,3.00,0.0000,3,0,Zensus 2022 / Destatis
CRS3035RES100mN2719000E4198500,47.5729566,8.3734500,3.00,0.0000,3,0,Zensus 2022 / Destatis
CRS3035RES100mN2719000E4198900,47.5730356,8.3787619,3.00,0.0000,3,0,Zensus 2022 / Destatis
CRS3035RES100mN2719100E4198400,47.5738366,8.3720937,3.00,0.0000,3,0,Zensus 2022 / Destatis
CRS3035RES100mN2719100E4198700,47.5738959,8.3760776,3.00,0.0000,3,0,Zensus 2022 / Destatis
CRS3035RES100mN2720000E4178100,47.5775830,8.1022359,3.00,0.0000,3,0,Zensus 2022 / Destatis
CRS3035RES100mN2720700E4178800,47.5840419,8.1113015,3.00,0.0000,3,0,Zensus 2022 / Destatis
CRS3035RES100mN2720800E4193100,47.5880605,8.3012088,3.00,0.0000,3,0,Zensus 2022 / Destatis
CRS3035RES100mN2720900E4179200,47.5859330,8.1165485,3.00,0.0000,3,0,Zensus 2022 / Destatis
CRS3035RES100mN2721100E4178800,47.5876407,8.1111698,3.00,0.0000,3,0,Zensus 2022 / Destatis
CRS3035RES100mN2721100E4179400,47.5877782,8.1191393,3.00,0.0000,3,0,Zensus 2022 / Destatis
CRS3035RES100mN2721300E4194500,47.5928469,8.3196591,3.00,0.0000,3,0,Zensus 2022 / Destatis
CRS3035RES100mN2721300E4198000,47.5935521,8.3661555,3.00,0.0000,3,0,Zensus 2022 / Destatis
CRS3035RES100mN2721500E4194600,47.5946668,8.3209290,3.00,0.0000,3,0,Zensus 2022 / Destatis
CRS3035RES100mN2721600E4194200,47.5954848,8.3155856,3.00,0.0000,3,0,Zensus 2022 / Destatis
CRS3035RES100mN2721800E4180400,47.5943039,8.1321941,3.00,0.0000,3,0,Zensus 2022 / Destatis
CRS3035RES100mN2721800E4194600,47.5973660,8.3208412,3.00,0.0000,3,0,Zensus 2022 / Destatis
CRS3035RES100mN2721900E4180300,47.5951808,8.1308331,3.00,0.0000,3,0,Zensus 2022 / Destatis
CRS3035RES100mN2721900E4195200,47.5983880,8.3287835,3.00,0.0000,3,0,Zensus 2022 / Destatis
CRS3035RES100mN2722100E4180500,47.5970256,8.1334249,3.00,0.0000,3,0,Zensus 2022 / Destatis
CRS3035RES100mN2722100E4194400,47.6000244,8.3180961,3.00,0.0000,3,0,Zensus 2022 / Destatis
CRS3035RES100mN2722100E4196400,47.6004302,8.3446690,3.00,0.0000,3,0,Zensus 2022 / Destatis
CRS3035RES100mN2722400E4181100,47.5998606,8.1412987,3.00,0.0000,3,0,Zensus 2022 / Destatis
CRS3035RES100mN2722600E4196500,47.6049491,8.3458535,3.00,0.0000,3,0,Zensus 2022 / Destatis
CRS3035RES100mN2722700E4178500,47.6019665,8.1066571,3.00,0.0000,3,0,Zensus 2022 / Destatis
CRS3035RES100mN2722800E4181800,47.6036171,8.1504698,3.00,0.0000,3,0,Zensus 2022 / Destatis
CRS3035RES100mN2722800E4182000,47.6036621,8.1531271,3.00,0.0000,3,0,Zensus 2022 / Destatis
CRS3035RES100mN2722800E4193200,47.6060760,8.3019452,3.00,0.0000,3,0,Zensus 2022 / Destatis
CRS3035RES100mN2722900E4183000,47.6047855,8.1663819,3.00,0.0000,3,0,Zensus 2022 / Destatis
CRS3035RES100mN2723000E4183300,47.6057520,8.1703362,3.00,0.0000,3,0,Zensus 2022 / Destatis
CRS3035RES100mN2723000E4187500,47.6066722,8.2261440,3.00,0.0000,3,0,Zensus 2022 / Destatis
CRS3035RES100mN2723100E4181200,47.6061809,8.1424006,3.00,0.0000,3,0,Zensus 2022 / Destatis
CRS3035RES100mN2723100E4187700,47.6076150,8.2287707,3.00,0.0000,3,0,Zensus 2022 / Destatis
CRS3035RES100mN2723100E4192600,47.6086510,8.2938833,3.00,0.0000,3,0,Zensus 2022 / Destatis
CRS3035RES100mN2723100E4192800,47.6086925,8.2965410,3.00,0.0000,3,0,Zensus 2022 / Destatis
CRS3035RES100mN2723300E4192800,47.6104919,8.2964816,3.00,0.0000,3,0,Zensus 2022 / Destatis
CRS3035RES100mN2723400E4183400,47.6093730,8.1715374,3.00,0.0000,3,0,Zensus 2022 / Destatis
CRS3035RES100mN2723600E4183200,47.6111279,8.1688159,3.00,0.0000,3,0,Zensus 2022 / Destatis
CRS3035RES100mN2723600E4192400,47.6131081,8.2910766,3.00,0.0000,3,0,Zensus 2022 / Destatis
CRS3035RES100mN2723600E4192600,47.6131497,8.2937345,3.00,0.0000,3,0,Zensus 2022 / Destatis
CRS3035RES100mN2723700E4179200,47.6111240,8.1156289,3.00,0.0000,3,0,Zensus 2022 / Destatis
CRS3035RES100mN2723700E4195600,47.6146646,8.3335749,3.00,0.0000,3,0,Zensus 2022 / Destatis
CRS3035RES100mN2723800E4178800,47.6119319,8.1102805,3.00,0.0000,3,0,Zensus 2022 / Destatis
CRS3035RES100mN2723800E4179300,47.6120466,8.1169249,3.00,0.0000,3,0,Zensus 2022 / Destatis
CRS3035RES100mN2723800E4183300,47.6129496,8.1700809,3.00,0.0000,3,0,Zensus 2022 / Destatis
CRS3035RES100mN2723800E4183500,47.6129940,8.1727388,3.00,0.0000,3,0,Zensus 2022 / Destatis
CRS3035RES100mN2723800E4195500,47.6155441,8.3322168,3.00,0.0000,3,0,Zensus 2022 / Destatis
CRS3035RES100mN2723900E4183500,47.6138937,8.1727069,3.00,0.0000,3,0,Zensus 2022 / Destatis
CRS3035RES100mN2724000E4178800,47.6137312,8.1102146,3.00,0.0000,3,0,Zensus 2022 / Destatis
CRS3035RES100mN2724000E4179100,47.6138001,8.1142014,3.00,0.0000,3,0,Zensus 2022 / Destatis
CRS3035RES100mN2724000E4190400,47.6162882,8.2643764,3.00,0.0000,3,0,Zensus 2022 / Destatis
CRS3035RES100mN2724000E4195100,47.6172623,8.3268423,3.00,0.0000,3,0,Zensus 2022 / Destatis
CRS3035RES100mN2724100E4178900,47.6146538,8.1115106,3.00,0.0000,3,0,Zensus 2022 / Destatis
CRS3035RES100mN2724200E4178400,47.6154385,8.1048328,3.00,0.0000,3,0,Zensus 2022 / Destatis
CRS3035RES100mN2724200E4178900,47.6155535,8.1114777,3.00,0.0000,3,0,Zensus 2022 / Destatis
CRS3035RES100mN2724200E4180500,47.6159189,8.1327413,3.00,0.0000,3,0,Zensus 2022 / Destatis
CRS3035RES100mN2724200E4184500,47.6168142,8.1859015,3.00,0.0000,3,0,Zensus 2022 / Destatis
CRS3035RES100mN2724200E4190600,47.6181298,8.2669740,3.00,0.0000,3,0,Zensus 2022 / Destatis
CRS3035RES100mN2724300E4190600,47.6190295,8.2669437,3.00,0.0000,3,0,Zensus 2022 / Destatis
CRS3035RES100mN2724400E4190600,47.6199292,8.2669135,3.00,0.0000,3,0,Zensus 2022 / Destatis
CRS3035RES100mN2724400E4194600,47.6207593,8.3200797,3.00,0.0000,3,0,Zensus 2022 / Destatis
CRS3035RES100mN2724400E4197200,47.6212850,8.3546385,3.00,0.0000,3,0,Zensus 2022 / Destatis
CRS3035RES100mN2724500E4184400,47.6194912,8.1844775,3.00,0.0000,3,0,Zensus 2022 / Destatis
CRS3035RES100mN2724500E4185200,47.6196673,8.1951102,3.00,0.0000,3,0,Zensus 2022 / Destatis
CRS3035RES100mN2724500E4187400,47.6201463,8.2243508,3.00,0.0000,3,0,Zensus 2022 / Destatis
CRS3035RES100mN2724600E4180500,47.6195176,8.1326110,3.00,0.0000,3,0,Zensus 2022 / Destatis
CRS3035RES100mN2724600E4188000,47.6211752,8.2322947,3.00,0.0000,3,0,Zensus 2022 / Destatis
CRS3035RES100mN2724600E4194600,47.6225588,8.3200211,3.00,0.0000,3,0,Zensus 2022 / Destatis
CRS3035RES100mN2724700E4185600,47.6215544,8.2003639,3.00,0.0000,3,0,Zensus 2022 / Destatis
CRS3035RES100mN2724700E4195000,47.6235401,8.3253087,3.00,0.0000,3,0,Zensus 2022 / Destatis
CRS3035RES100mN2724800E4185000,47.6223225,8.1923574,3.00,0.0000,3,0,Zensus 2022 / Destatis
CRS3035RES100mN2724800E4185800,47.6224978,8.2029908,3.00,0.0000,3,0,Zensus 2022 / Destatis
CRS3035RES100mN2724800E4188100,47.6229961,8.2335622,3.00,0.0000,3,0,Zensus 2022 / Destatis
CRS3035RES100mN2724800E4195000,47.6244398,8.3252795,3.00,0.0000,3,0,Zensus 2022 / Destatis
CRS3035RES100mN2724900E4179100,47.6218971,8.1139053,3.00,0.0000,3,0,Zensus 2022 / Destatis
CRS3035RES100mN2724900E4180500,47.6222166,8.1325133,3.00,0.0000,3,0,Zensus 2022 / Destatis
CRS3035RES100mN2724900E4185200,47.6232661,8.1949843,3.00,0.0000,3,0,Zensus 2022 / Destatis
CRS3035RES100mN2724900E4185300,47.6232880,8.1963135,3.00,0.0000,3,0,Zensus 2022 / Destatis
CRS3035RES100mN2724900E4195400,47.6254209,8.3305675,3.00,0.0000,3,0,Zensus 2022 / Destatis
CRS3035RES100mN2725000E4187600,47.6246879,8.2268543,3.00,0.0000,3,0,Zensus 2022 / Destatis
CRS3035RES100mN2725000E4190600,47.6253275,8.2667321,3.00,0.0000,3,0,Zensus 2022 / Destatis
CRS3035RES100mN2725200E4194300,47.6278958,8.3158571,3.00,0.0000,3,0,Zensus 2022 / Destatis
CRS3035RES100mN2725200E4194500,47.6279367,8.3185158,3.00,0.0000,3,0,Zensus 2022 / Destatis
CRS3035RES100mN2725200E4195100,47.6280591,8.3264920,3.00,0.0000,3,0,Zensus 2022 / Destatis
CRS3035RES100mN2725300E4180500,47.6258153,8.1323829,3.00,0.0000,3,0,Zensus 2022 / Destatis
CRS3035RES100mN2725300E4190600,47.6280267,8.2666414,3.00,0.0000,3,0,Zensus 2022 / Destatis
CRS3035RES100mN2725400E4181600,47.6269638,8.1469723,3.00,0.0000,3,0,Zensus 2022 / Destatis
CRS3035RES100mN2725400E4181900,47.6270313,8.1509601,3.00,0.0000,3,0,Zensus 2022 / Destatis
CRS3035RES100mN2725400E4192700,47.6293655,8.2945280,3.00,0.0000,3,0,Zensus 2022 / Destatis
CRS3035RES100mN2725500E4182600,47.6280880,8.1602330,3.00,0.0000,3,0,Zensus 2022 / Destatis
CRS3035RES100mN2725500E4184200,47.6284439,8.1815020,3.00,0.0000,3,0,Zensus 2022 / Destatis
CRS3035RES100mN2725500E4184300,47.6284660,8.1828314,3.00,0.0000,3,0,Zensus 2022 / Destatis
CRS3035RES100mN2725600E4192700,47.6311649,8.2944685,3.00,0.0000,3,0,Zensus 2022 / Destatis
CRS3035RES100mN2725700E4190700,47.6316466,8.2678498,3.00,0.0000,3,0,Zensus 2022 / Destatis
CRS3035RES100mN2725800E4184400,47.6311872,8.1840656,3.00,0.0000,3,0,Zensus 2022 / Destatis
CRS3035RES100mN2725800E4193700,47.6331710,8.3077038,3.00,0.0000,3,0,Zensus 2022 / Destatis
CRS3035RES100mN2725800E4194100,47.6332532,8.3130218,3.00,0.0000,3,0,Zensus 2022 / Destatis
CRS3035RES100mN2725900E4190400,47.6333828,8.2638009,3.00,0.0000,3,0,Zensus 2022 / Destatis
CRS3035RES100mN2726000E4190600,47.6343247,8.2664296,3.00,0.0000,3,0,Zensus 2022 / Destatis
CRS3035RES100mN2726100E4191900,47.6354971,8.2836833,3.00,0.0000,3,0,Zensus 2022 / Destatis
CRS3035RES100mN2726100E4192100,47.6355388,8.2863424,3.00,0.0000,3,0,Zensus 2022 / Destatis
CRS3035RES100mN2726100E4193600,47.6358496,8.3062857,3.00,0.0000,3,0,Zensus 2022 / Destatis
CRS3035RES100mN2726100E4193700,47.6358702,8.3076152,3.00,0.0000,3,0,Zensus 2022 / Destatis
CRS3035RES100mN2726100E4194000,47.6359318,8.3116039,3.00,0.0000,3,0,Zensus 2022 / Destatis
CRS3035RES100mN2726300E4182400,47.6352406,8.1573171,3.00,0.0000,3,0,Zensus 2022 / Destatis
CRS3035RES100mN2726300E4184100,47.6356193,8.1799186,3.00,0.0000,3,0,Zensus 2022 / Destatis
CRS3035RES100mN2726300E4186300,47.6361023,8.2091681,3.00,0.0000,3,0,Zensus 2022 / Destatis
CRS3035RES100mN2726300E4191700,47.6372547,8.2809642,3.00,0.0000,3,0,Zensus 2022 / Destatis
CRS3035RES100mN2726300E4192500,47.6374215,8.2916010,3.00,0.0000,3,0,Zensus 2022 / Destatis
CRS3035RES100mN2726300E4197100,47.6383601,8.3527633,3.00,0.0000,3,0,Zensus 2022 / Destatis
CRS3035RES100mN2726400E4182400,47.6361403,8.1572850,3.00,0.0000,3,0,Zensus 2022 / Destatis
CRS3035RES100mN2726400E4191900,47.6381962,8.2835935,3.00,0.0000,3,0,Zensus 2022 / Destatis
CRS3035RES100mN2726500E4191700,47.6390542,8.2809042,3.00,0.0000,3,0,Zensus 2022 / Destatis
CRS3035RES100mN2726700E4189600,47.6404110,8.2529212,3.00,0.0000,3,0,Zensus 2022 / Destatis
CRS3035RES100mN2726700E4189700,47.6404322,8.2542509,3.00,0.0000,3,0,Zensus 2022 / Destatis
CRS3035RES100mN2726700E4191200,47.6407489,8.2741958,3.00,0.0000,3,0,Zensus 2022 / Destatis
CRS3035RES100mN2726700E4192400,47.6409995,8.2901520,3.00,0.0000,3,0,Zensus 2022 / Destatis
CRS3035RES100mN2726700E4197800,47.6420988,8.3619564,3.00,0.0000,3,0,Zensus 2022 / Destatis
CRS3035RES100mN2726800E4197900,47.6430185,8.3632575,3.00,0.0000,3,0,Zensus 2022 / Destatis
CRS3035RES100mN2726900E4189300,47.6421466,8.2488711,3.00,0.0000,3,0,Zensus 2022 / Destatis
CRS3035RES100mN2727000E4192200,47.6436571,8.2874029,3.00,0.0000,3,0,Zensus 2022 / Destatis
CRS3035RES100mN2727100E4188700,47.6438179,8.2408315,3.00,0.0000,3,0,Zensus 2022 / Destatis
CRS3035RES100mN2727100E4197000,47.6455379,8.3512034,3.00,0.0000,3,0,Zensus 2022 / Destatis
CRS3035RES100mN2727200E4189500,47.6448882,8.2514389,3.00,0.0000,3,0,Zensus 2022 / Destatis
CRS3035RES100mN2727300E4180200,47.6437404,8.1277418,3.00,0.0000,3,0,Zensus 2022 / Destatis
CRS3035RES100mN2727300E4180600,47.6438313,8.1330607,3.00,0.0000,3,0,Zensus 2022 / Destatis
CRS3035RES100mN2727300E4189300,47.6457454,8.2487488,3.00,0.0000,3,0,Zensus 2022 / Destatis
CRS3035RES100mN2727400E4180200,47.6446400,8.1277092,3.00,0.0000,3,0,Zensus 2022 / Destatis
CRS3035RES100mN2727400E4180600,47.6447310,8.1330281,3.00,0.0000,3,0,Zensus 2022 / Destatis
CRS3035RES100mN2727600E4180100,47.6464166,8.1263140,3.00,0.0000,3,0,Zensus 2022 / Destatis
CRS3035RES100mN2727600E4180700,47.6465530,8.1342926,3.00,0.0000,3,0,Zensus 2022 / Destatis
CRS3035RES100mN2727600E4183700,47.6472264,8.1741864,3.00,0.0000,3,0,Zensus 2022 / Destatis
CRS3035RES100mN2727600E4196700,47.6499763,8.3470696,3.00,0.0000,3,0,Zensus 2022 / Destatis
CRS3035RES100mN2727600E4197000,47.6500366,8.3510595,3.00,0.0000,3,0,Zensus 2022 / Destatis
CRS3035RES100mN2727700E4197000,47.6509363,8.3510307,3.00,0.0000,3,0,Zensus 2022 / Destatis
CRS3035RES100mN2727800E4197700,47.6519760,8.3603118,3.00,0.0000,3,0,Zensus 2022 / Destatis
CRS3035RES100mN2727800E4198000,47.6520358,8.3643018,3.00,0.0000,3,0,Zensus 2022 / Destatis
CRS3035RES100mN2727900E4180500,47.6492066,8.1315352,3.00,0.0000,3,0,Zensus 2022 / Destatis
CRS3035RES100mN2727900E4197700,47.6528757,8.3602832,3.00,0.0000,3,0,Zensus 2022 / Destatis
CRS3035RES100mN2728000E4193600,47.6529443,8.3057238,3.00,0.0000,3,0,Zensus 2022 / Destatis
CRS3035RES100mN2728100E4193800,47.6538852,8.3083542,3.00,0.0000,3,0,Zensus 2022 / Destatis
CRS3035RES100mN2728100E4198100,47.6547549,8.3655461,3.00,0.0000,3,0,Zensus 2022 / Destatis
CRS3035RES100mN2728200E4185400,47.6529996,8.1966043,3.00,0.0000,3,0,Zensus 2022 / Destatis
CRS3035RES100mN2728200E4198200,47.6556745,8.3668477,3.00,0.0000,3,0,Zensus 2022 / Destatis
CRS3035RES100mN2728300E4193900,47.6557052,8.3096252,3.00,0.0000,3,0,Zensus 2022 / Destatis
CRS3035RES100mN2728300E4198200,47.6565742,8.3668192,3.00,0.0000,3,0,Zensus 2022 / Destatis
CRS3035RES100mN2728300E4198400,47.6566139,8.3694794,3.00,0.0000,3,0,Zensus 2022 / Destatis
CRS3035RES100mN2728400E4189700,47.6557272,8.2537326,3.00,0.0000,3,0,Zensus 2022 / Destatis
CRS3035RES100mN2728400E4198000,47.6574342,8.3641304,3.00,0.0000,3,0,Zensus 2022 / Destatis
CRS3035RES100mN2728400E4198200,47.6574739,8.3667906,3.00,0.0000,3,0,Zensus 2022 / Destatis
CRS3035RES100mN2728500E4197000,47.6581341,8.3508003,3.00,0.0000,3,0,Zensus 2022 / Destatis
CRS3035RES100mN2728500E4198200,47.6583737,8.3667621,3.00,0.0000,3,0,Zensus 2022 / Destatis
CRS3035RES100mN2728600E4188600,47.6572920,8.2390406,3.00,0.0000,3,0,Zensus 2022 / Destatis
CRS3035RES100mN2728600E4188700,47.6573134,8.2403707,3.00,0.0000,3,0,Zensus 2022 / Destatis
CRS3035RES100mN2728600E4197800,47.6591938,8.3614129,3.00,0.0000,3,0,Zensus 2022 / Destatis
CRS3035RES100mN2728600E4198100,47.6592535,8.3654034,3.00,0.0000,3,0,Zensus 2022 / Destatis
CRS3035RES100mN2728600E4198200,47.6592734,8.3667336,3.00,0.0000,3,0,Zensus 2022 / Destatis
CRS3035RES100mN2728900E4181900,47.6585197,8.1498301,3.00,0.0000,3,0,Zensus 2022 / Destatis
CRS3035RES100mN2729000E4198300,47.6628922,8.3679498,3.00,0.0000,3,0,Zensus 2022 / Destatis
CRS3035RES100mN2729300E4188800,47.6636326,8.2414858,3.00,0.0000,3,0,Zensus 2022 / Destatis
CRS3035RES100mN2729400E4199200,47.6666691,8.3798091,3.00,0.0000,3,0,Zensus 2022 / Destatis
CRS3035RES100mN2729500E4199100,47.6675491,8.3784504,3.00,0.0000,3,0,Zensus 2022 / Destatis
CRS3035RES100mN2729500E4199200,47.6675688,8.3797808,3.00,0.0000,3,0,Zensus 2022 / Destatis
CRS3035RES100mN2729700E4194800,47.6684856,8.3211854,3.00,0.0000,3,0,Zensus 2022 / Destatis
CRS3035RES100mN2729700E4194900,47.6685060,8.3225158,3.00,0.0000,3,0,Zensus 2022 / Destatis
CRS3035RES100mN2729700E4199000,47.6693289,8.3770633,3.00,0.0000,3,0,Zensus 2022 / Destatis
CRS3035RES100mN2729900E4194900,47.6703054,8.3224572,3.00,0.0000,3,0,Zensus 2022 / Destatis
CRS3035RES100mN2730000E4178400,47.6676184,8.1029132,3.00,0.0000,3,0,Zensus 2022 / Destatis
CRS3035RES100mN2730000E4196700,47.6715698,8.3463766,3.00,0.0000,3,0,Zensus 2022 / Destatis
CRS3035RES100mN2730100E4178400,47.6685180,8.1028800,3.00,0.0000,3,0,Zensus 2022 / Destatis
CRS3035RES100mN2730100E4178500,47.6685411,8.1042104,3.00,0.0000,3,0,Zensus 2022 / Destatis
CRS3035RES100mN2730200E4178300,47.6693946,8.1015165,3.00,0.0000,3,0,Zensus 2022 / Destatis
CRS3035RES100mN2730400E4189000,47.6735719,8.2438089,3.00,0.0000,3,0,Zensus 2022 / Destatis
CRS3035RES100mN2730400E4199000,47.6756270,8.3768648,3.00,0.0000,3,0,Zensus 2022 / Destatis
CRS3035RES100mN2730500E4182900,47.6731386,8.1626176,3.00,0.0000,3,0,Zensus 2022 / Destatis
CRS3035RES100mN2730500E4189100,47.6744930,8.2451087,3.00,0.0000,3,0,Zensus 2022 / Destatis
CRS3035RES100mN2730700E4184900,47.6753816,8.1891639,3.00,0.0000,3,0,Zensus 2022 / Destatis
CRS3035RES100mN2730700E4198900,47.6783064,8.3754490,3.00,0.0000,3,0,Zensus 2022 / Destatis
CRS3035RES100mN2730800E4181900,47.6756133,8.1492159,3.00,0.0000,3,0,Zensus 2022 / Destatis
CRS3035RES100mN2730800E4183400,47.6759491,8.1691740,3.00,0.0000,3,0,Zensus 2022 / Destatis
CRS3035RES100mN2730800E4183500,47.6759713,8.1705045,3.00,0.0000,3,0,Zensus 2022 / Destatis
CRS3035RES100mN2730800E4184900,47.6762813,8.1891323,3.00,0.0000,3,0,Zensus 2022 / Destatis
CRS3035RES100mN2730800E4185000,47.6763033,8.1904628,3.00,0.0000,3,0,Zensus 2022 / Destatis
CRS3035RES100mN2730900E4188900,47.6780490,8.2423248,3.00,0.0000,3,0,Zensus 2022 / Destatis
CRS3035RES100mN2731000E4181900,47.6774126,8.1491512,3.00,0.0000,3,0,Zensus 2022 / Destatis
CRS3035RES100mN2731000E4182400,47.6775249,8.1558041,3.00,0.0000,3,0,Zensus 2022 / Destatis
CRS3035RES100mN2731200E4182000,47.6792344,8.1504171,3.00,0.0000,3,0,Zensus 2022 / Destatis
CRS3035RES100mN2731200E4182200,47.6792793,8.1530784,3.00,0.0000,3,0,Zensus 2022 / Destatis
CRS3035RES100mN2731200E4193600,47.6817350,8.3047764,3.00,0.0000,3,0,Zensus 2022 / Destatis
CRS3035RES100mN2731300E4179700,47.6796123,8.1197802,3.00,0.0000,3,0,Zensus 2022 / Destatis
CRS3035RES100mN2731300E4179800,47.6796352,8.1211109,3.00,0.0000,3,0,Zensus 2022 / Destatis
CRS3035RES100mN2731300E4193900,47.6826965,8.3087391,3.00,0.0000,3,0,Zensus 2022 / Destatis
CRS3035RES100mN2732200E4179200,47.6875945,8.1128303,3.00,0.0000,3,0,Zensus 2022 / Destatis
CRS3035RES100mN2732300E4181600,47.6890404,8.1447380,3.00,0.0000,3,0,Zensus 2022 / Destatis
