cell_id,name,latitude,longitude,potential_score,housing_density_score,building_fit_score,solar_score,market_gap_score,campaign_score
CRS3035RES100mN2724300E4184600,Raster CRS3035RES100mN2724300E4184600,47.6177359,8.1871989,80,94,95,77,50,50
CRS3035RES100mN2724800E4187400,Raster CRS3035RES100mN2724800E4187400,47.6228454,8.2242578,79,100,90,71,50,50
CRS3035RES100mN2722000E4180800,Raster CRS3035RES100mN2722000E4180800,47.596194,8.1374429,78,90,100,66,50,50
CRS3035RES100mN2724700E4187300,Raster CRS3035RES100mN2724700E4187300,47.6219241,8.2229596,78,90,98,71,50,50
CRS3035RES100mN2726100E4192200,Raster CRS3035RES100mN2726100E4192200,47.6355596,8.2876719,76,84,95,74,50,50
CRS3035RES100mN2724300E4184700,Raster CRS3035RES100mN2724300E4184700,47.617758,8.1885279,75,86,87,77,50,50
CRS3035RES100mN2724900E4187600,Raster CRS3035RES100mN2724900E4187600,47.6237882,8.2268853,75,94,80,71,50,50
CRS3035RES100mN2726100E4191800,Raster CRS3035RES100mN2726100E4191800,47.6354762,8.2823538,75,84,93,71,50,50
CRS3035RES100mN2725300E4186800,Raster CRS3035RES100mN2725300E4186800,47.627214,8.2161271,75,91,99,51,50,50
CRS3035RES100mN2724600E4187200,Raster CRS3035RES100mN2724600E4187200,47.6210027,8.2216615,74,90,81,71,50,50
CRS3035RES100mN2724300E4187800,Raster CRS3035RES100mN2724300E4187800,47.6184331,8.229729,74,75,100,71,50,50
CRS3035RES100mN2725100E4193800,Raster CRS3035RES100mN2725100E4193800,47.6268935,8.3092398,74,79,97,70,50,50
CRS3035RES100mN2725500E4193900,Raster CRS3035RES100mN2725500E4193900,47.6305129,8.3104513,74,83,91,70,50,50
CRS3035RES100mN2724800E4186500,Raster CRS3035RES100mN2724800E4186500,47.6226504,8.2122951,73,84,86,71,50,50
CRS3035RES100mN2724800E4187300,Raster CRS3035RES100mN2724800E4187300,47.6228238,8.2229286,73,84,86,71,50,50
CRS3035RES100mN2724800E4186600,Raster CRS3035RES100mN2724800E4186600,47.6226721,8.2136243,73,81,87,71,50,50
CRS3035RES100mN2726100E4190800,Raster CRS3035RES100mN2726100E4190800,47.6352665,8.2690584,72,68,97,74,50,50
CRS3035RES100mN2723100E4182900,Raster CRS3035RES100mN2723100E4182900,47.6065626,8.1649892,72,70,91,77,50,50
CRS3035RES100mN2726100E4191400,Raster CRS3035RES100mN2726100E4191400,47.6353925,8.2770356,71,74,88,71,50,50
CRS3035RES100mN2724300E4184500,Raster CRS3035RES100mN2724300E4184500,47.6177139,8.1858698,71,83,73,77,50,50
CRS3035RES100mN2725000E4186400,Raster CRS3035RES100mN2725000E4186400,47.624428,8.2109035,71,77,99,51,50,50
CRS3035RES100mN2725700E4193500,Raster CRS3035RES100mN2725700E4193500,47.6322301,8.3050744,71,79,85,70,50,50
CRS3035RES100mN2723500E4192500,Raster CRS3035RES100mN2723500E4192500,47.6122292,8.2924353,71,72,92,68,50,50
CRS3035RES100mN2725000E4193500,Raster CRS3035RES100mN2725000E4193500,47.625932,8.3052814,71,76,87,70,50,50
CRS3035RES100mN2724700E4187200,Raster CRS3035RES100mN2724700E4187200,47.6219024,8.2216305,70,68,90,71,50,50
CRS3035RES100mN2729400E4198700,Raster CRS3035RES100mN2729400E4198700,47.6665704,8.3731572,70,86,64,80,50,50
CRS3035RES100mN2725800E4191600,Raster CRS3035RES100mN2725800E4191600,47.6327352,8.2797848,70,79,86,63,50,50
CRS3035RES100mN2723500E4183400,Raster CRS3035RES100mN2723500E4183400,47.6102727,8.1715055,70,72,80,78,50,50
CRS3035RES100mN2725600E4193100,Raster CRS3035RES100mN2725600E4193100,47.6312478,8.2997862,70,64,98,70,50,50
CRS3035RES100mN2724900E4187200,Raster CRS3035RES100mN2724900E4187200,47.6237018,8.2215684,70,64,95,71,50,50
CRS3035RES100mN2724300E4188000,Raster CRS3035RES100mN2724300E4188000,47.6184761,8.2323872,69,63,96,69,50,50
CRS3035RES100mN2726100E4191600,Raster CRS3035RES100mN2726100E4191600,47.6354344,8.2796947,69,58,99,71,50,50
CRS3035RES100mN2726000E4191300,Raster CRS3035RES100mN2726000E4191300,47.6344718,8.2757362,69,61,96,71,50,50
CRS3035RES100mN2723400E4183500,Raster CRS3035RES100mN2723400E4183500,47.6093953,8.1728662,69,66,86,78,50,50
CRS3035RES100mN2724200E4188000,Raster CRS3035RES100mN2724200E4188000,47.6175764,8.232418,67,54,99,69,50,50
CRS3035RES100mN2725800E4190600,Raster CRS3035RES100mN2725800E4190600,47.6325252,8.2664901,67,64,83,73,50,50
CRS3035RES100mN2725000E4186800,Raster CRS3035RES100mN2725000E4186800,47.6245149,8.2162204,67,79,81,51,50,50
CRS3035RES100mN2724400E4187900,Raster CRS3035RES100mN2724400E4187900,47.6193543,8.2310273,67,64,85,71,50,50
CRS3035RES100mN2725500E4193100,Raster CRS3035RES100mN2725500E4193100,47.630348,8.2998159,67,79,69,70,50,50
CRS3035RES100mN2724700E4185000,Raster CRS3035RES100mN2724700E4185000,47.6214228,8.192389,67,57,86,78,50,50
CRS3035RES100mN2725800E4190400,Raster CRS3035RES100mN2725800E4190400,47.6324831,8.2638312,67,75,70,73,50,50
CRS3035RES100mN2724900E4185900,Raster CRS3035RES100mN2724900E4185900,47.6234193,8.2042887,67,59,84,78,50,50
CRS3035RES100mN2725600E4194000,Raster CRS3035RES100mN2725600E4194000,47.6314332,8.3117512,67,68,82,68,50,50
CRS3035RES100mN2723200E4192600,Raster CRS3035RES100mN2723200E4192600,47.6095507,8.2938535,67,54,97,68,50,50
CRS3035RES100mN2726000E4192300,Raster CRS3035RES100mN2726000E4192300,47.6346807,8.2890314,66,75,66,74,50,50
CRS3035RES100mN2725500E4190500,Raster CRS3035RES100mN2725500E4190500,47.629805,8.2652515,66,54,90,73,50,50
CRS3035RES100mN2726100E4191700,Raster CRS3035RES100mN2726100E4191700,47.6354553,8.2810242,66,57,88,71,50,50
CRS3035RES100mN2724700E4185200,Raster CRS3035RES100mN2724700E4185200,47.6214667,8.1950473,66,52,88,78,50,50
CRS3035RES100mN2728700E4198300,Raster CRS3035RES100mN2728700E4198300,47.660193,8.3680353,66,58,79,80,50,50
CRS3035RES100mN2725400E4193300,Raster CRS3035RES100mN2725400E4193300,47.6294896,8.3025044,66,58,90,70,50,50
CRS3035RES100mN2725800E4193200,Raster CRS3035RES100mN2725800E4193200,47.6330679,8.3010564,66,64,83,70,50,50
CRS3035RES100mN2723300E4192700,Raster CRS3035RES100mN2723300E4192700,47.6104712,8.2951527,66,58,88,68,50,50
CRS3035RES100mN2723300E4183400,Raster CRS3035RES100mN2723300E4183400,47.6084734,8.1715693,66,47,96,78,50,50
CRS3035RES100mN2726000E4192200,Raster CRS3035RES100mN2726000E4192200,47.6346599,8.2877018,66,72,68,74,50,50
CRS3035RES100mN2725500E4190900,Raster CRS3035RES100mN2725500E4190900,47.6298893,8.2705691,66,57,87,73,50,50
CRS3035RES100mN2725200E4187000,Raster CRS3035RES100mN2725200E4187000,47.6263577,8.2188168,66,62,81,72,50,50
CRS3035RES100mN2725600E4191000,Raster CRS3035RES100mN2725600E4191000,47.63081,8.2718683,65,57,93,63,50,50
CRS3035RES100mN2723100E4183000,Raster CRS3035RES100mN2723100E4183000,47.6065849,8.166318,65,49,87,78,50,50
CRS3035RES100mN2725900E4191200,Raster CRS3035RES100mN2725900E4191200,47.6335512,8.2744368,65,57,91,63,50,50
CRS3035RES100mN2728500E4198000,Raster CRS3035RES100mN2728500E4198000,47.6583339,8.3641018,65,68,65,80,50,50
CRS3035RES100mN2723600E4183500,Raster CRS3035RES100mN2723600E4183500,47.6111947,8.1728025,65,46,91,78,50,50
CRS3035RES100mN2726000E4191200,Raster CRS3035RES100mN2726000E4191200,47.6344509,8.2744067,65,53,88,71,50,50
CRS3035RES100mN2724800E4187500,Raster CRS3035RES100mN2724800E4187500,47.622867,8.225587,65,70,71,71,50,50
CRS3035RES100mN2724800E4186400,Raster CRS3035RES100mN2724800E4186400,47.6226286,8.2109659,65,57,83,71,50,50
CRS3035RES100mN2726200E4191700,Raster CRS3035RES100mN2726200E4191700,47.636355,8.2809942,65,44,99,71,50,50
CRS3035RES100mN2725100E4187100,Raster CRS3035RES100mN2725100E4187100,47.6254796,8.2201771,65,61,79,72,50,50
CRS3035RES100mN2724200E4187900,Raster CRS3035RES100mN2724200E4187900,47.6175549,8.231089,65,57,84,71,50,50
CRS3035RES100mN2723300E4183100,Raster CRS3035RES100mN2723300E4183100,47.6084066,8.1675829,65,42,96,78,50,50
CRS3035RES100mN2724700E4186500,Raster CRS3035RES100mN2724700E4186500,47.6217507,8.2123263,64,43,97,71,50,50
CRS3035RES100mN2725600E4186600,Raster CRS3035RES100mN2725600E4186600,47.6298697,8.2133749,64,73,78,51,50,50
CRS3035RES100mN2728700E4198200,Raster CRS3035RES100mN2728700E4198200,47.6601731,8.3667051,64,46,86,80,50,50
CRS3035RES100mN2726200E4191100,Raster CRS3035RES100mN2726200E4191100,47.6362293,8.2730169,64,57,82,71,50,50
CRS3035RES100mN2728900E4188700,Raster CRS3035RES100mN2728900E4188700,47.6600124,8.2402785,64,43,88,81,50,50
CRS3035RES100mN2726200E4191900,Raster CRS3035RES100mN2726200E4191900,47.6363968,8.2836534,64,58,80,71,50,50
CRS3035RES100mN2724900E4185600,Raster CRS3035RES100mN2724900E4185600,47.6233538,8.2003011,64,59,71,78,50,50
CRS3035RES100mN2723200E4183000,Raster CRS3035RES100mN2723200E4183000,47.6074846,8.166286,64,54,80,78,50,50
CRS3035RES100mN2724800E4186700,Raster CRS3035RES100mN2724800E4186700,47.6226938,8.2149535,64,60,79,71,50,50
CRS3035RES100mN2726100E4190700,Raster CRS3035RES100mN2726100E4190700,47.6352455,8.2677289,64,57,78,74,50,50
CRS3035RES100mN2725500E4194000,Raster CRS3035RES100mN2725500E4194000,47.6305335,8.3117807,64,75,61,68,50,50
CRS3035RES100mN2725900E4190700,Raster CRS3035RES100mN2725900E4190700,47.633446,8.2677894,64,54,81,73,50,50
CRS3035RES100mN2727200E4196300,Raster CRS3035RES100mN2727200E4196300,47.6462969,8.3418657,64,75,64,64,50,50
CRS3035RES100mN2724900E4186600,Raster CRS3035RES100mN2724900E4186600,47.6235718,8.2135931,64,50,90,71,50,50
CRS3035RES100mN2726100E4191300,Raster CRS3035RES100mN2726100E4191300,47.6353716,8.2757061,64,48,91,71,50,50
CRS3035RES100mN2725900E4186400,Raster CRS3035RES100mN2725900E4186400,47.6325253,8.2106225,64,74,77,51,50,50
CRS3035RES100mN2725400E4193800,Raster CRS3035RES100mN2725400E4193800,47.6295927,8.3091513,64,79,57,70,50,50
CRS3035RES100mN2724900E4186100,Raster CRS3035RES100mN2724900E4186100,47.623463,8.2069471,64,53,86,71,50,50
CRS3035RES100mN2720900E4193400,Raster CRS3035RES100mN2720900E4193400,47.5890222,8.3051643,64,61,86,56,50,50
CRS3035RES100mN2725700E4190400,Raster CRS3035RES100mN2725700E4190400,47.6315833,8.2638615,63,57,74,73,50,50
CRS3035RES100mN2725800E4193900,Raster CRS3035RES100mN2725800E4193900,47.6332121,8.3103628,63,57,79,70,50,50
CRS3035RES100mN2725000E4186300,Raster CRS3035RES100mN2725000E4186300,47.6244063,8.2095743,63,57,91,51,50,50
CRS3035RES100mN2729400E4198600,Raster CRS3035RES100mN2729400E4198600,47.6665506,8.3718268,63,75,47,80,50,50
CRS3035RES100mN2725500E4193200,Raster CRS3035RES100mN2725500E4193200,47.6303687,8.3011453,63,47,88,70,50,50
CRS3035RES100mN2728900E4198200,Raster CRS3035RES100mN2728900E4198200,47.6619726,8.366648,63,48,82,80,50,50
CRS3035RES100mN2720800E4193500,Raster CRS3035RES100mN2720800E4193500,47.588143,8.3065221,63,64,81,56,50,50
CRS3035RES100mN2725600E4191100,Raster CRS3035RES100mN2725600E4191100,47.630831,8.2731977,63,79,55,63,50,50
CRS3035RES100mN2724600E4187300,Raster CRS3035RES100mN2724600E4187300,47.6210244,8.2229906,62,61,68,71,50,50
CRS3035RES100mN2724600E4184900,Raster CRS3035RES100mN2724600E4184900,47.6205011,8.1910914,62,43,84,77,50,50
CRS3035RES100mN2724300E4184800,Raster CRS3035RES100mN2724300E4184800,47.61778,8.189857,62,57,70,77,50,50
CRS3035RES100mN2724900E4187500,Raster CRS3035RES100mN2724900E4187500,47.6237667,8.2255561,62,54,78,71,50,50
CRS3035RES100mN2725000E4185800,Raster CRS3035RES100mN2725000E4185800,47.6242972,8.2029281,62,43,96,61,50,50
CRS3035RES100mN2728500E4198100,Raster CRS3035RES100mN2728500E4198100,47.6583538,8.365432,62,50,76,80,50,50
CRS3035RES100mN2723200E4187600,Raster CRS3035RES100mN2723200E4187600,47.6084932,8.227411,62,53,78,68,50,50
CRS3035RES100mN2725600E4193900,Raster CRS3035RES100mN2725600E4193900,47.6314127,8.3104218,62,58,73,70,50,50
CRS3035RES100mN2726200E4191200,Raster CRS3035RES100mN2726200E4191200,47.6362503,8.2743464,62,75,52,71,50,50
CRS3035RES100mN2721700E4194300,Raster CRS3035RES100mN2721700E4194300,47.596405,8.3168848,62,64,76,58,50,50
CRS3035RES100mN2728700E4188700,Raster CRS3035RES100mN2728700E4188700,47.6582131,8.24034,62,35,90,81,50,50
CRS3035RES100mN2725400E4193900,Raster CRS3035RES100mN2725400E4193900,47.6296132,8.3104807,62,68,61,70,50,50
CRS3035RES100mN2725100E4193500,Raster CRS3035RES100mN2725100E4193500,47.6268317,8.3052519,61,38,91,70,50,50
CRS3035RES100mN2726900E4189100,Raster CRS3035RES100mN2726900E4189100,47.642104,8.2462117,61,36,97,65,50,50
CRS3035RES100mN2725200E4193400,Raster CRS3035RES100mN2725200E4193400,47.6277108,8.3038929,61,42,88,70,50,50
CRS3035RES100mN2726300E4191100,Raster CRS3035RES100mN2726300E4191100,47.637129,8.2729867,61,42,86,71,50,50
CRS3035RES100mN2726100E4190400,Raster CRS3035RES100mN2726100E4190400,47.6351822,8.2637403,61,41,84,74,50,50
CRS3035RES100mN2725500E4190400,Raster CRS3035RES100mN2725500E4190400,47.6297839,8.2639221,61,44,84,73,50,50
CRS3035RES100mN2724700E4187400,Raster CRS3035RES100mN2724700E4187400,47.6219457,8.2242888,61,61,63,71,50,50
CRS3035RES100mN2725700E4191200,Raster CRS3035RES100mN2725700E4191200,47.6317517,8.274497,61,64,68,63,50,50
CRS3035RES100mN2727400E4183300,Raster CRS3035RES100mN2727400E4183300,47.6453381,8.1689311,61,50,82,65,50,50
CRS3035RES100mN2723200E4192500,Raster CRS3035RES100mN2723200E4192500,47.60953,8.2925247,61,52,78,68,50,50
CRS3035RES100mN2725500E4193800,Raster CRS3035RES100mN2725500E4193800,47.6304924,8.3091218,61,46,84,70,50,50
CRS3035RES100mN2723200E4183100,Raster CRS3035RES100mN2723200E4183100,47.6075069,8.1676148,61,30,96,78,50,50
CRS3035RES100mN2724500E4194900,Raster CRS3035RES100mN2724500E4194900,47.6217202,8.324038,61,42,92,64,50,50
CRS3035RES100mN2726600E4192200,Raster CRS3035RES100mN2726600E4192200,47.6400582,8.2875225,61,30,100,74,50,50
CRS3035RES100mN2727500E4196800,Raster CRS3035RES100mN2727500E4196800,47.6490967,8.3484284,61,41,93,64,50,50
CRS3035RES100mN2718900E4198600,Raster CRS3035RES100mN2718900E4198600,47.5720766,8.3748063,61,47,89,59,50,50
CRS3035RES100mN2728700E4188600,Raster CRS3035RES100mN2728700E4188600,47.6581916,8.2390099,61,31,91,81,50,50
CRS3035RES100mN2725400E4186700,Raster CRS3035RES100mN2725400E4186700,47.628092,8.2147666,61,61,80,51,50,50
CRS3035RES100mN2725800E4190700,Raster CRS3035RES100mN2725800E4190700,47.6325463,8.2678196,61,45,81,73,50,50
CRS3035RES100mN2723600E4183400,Raster CRS3035RES100mN2723600E4183400,47.6111724,8.1714736,61,60,59,78,50,50
CRS3035RES100mN2725700E4193300,Raster CRS3035RES100mN2725700E4193300,47.6321888,8.3024155,61,52,74,70,50,50
CRS3035RES100mN2722000E4180700,Raster CRS3035RES100mN2722000E4180700,47.5961713,8.1361144,61,43,91,66,50,50
CRS3035RES100mN2724200E4187800,Raster CRS3035RES100mN2724200E4187800,47.6175334,8.2297599,61,55,71,71,50,50
CRS3035RES100mN2721800E4180600,Raster CRS3035RES100mN2721800E4180600,47.5943493,8.1348509,61,46,87,66,50,50
CRS3035RES100mN2728900E4188800,Raster CRS3035RES100mN2728900E4188800,47.6600338,8.2416087,61,39,81,81,50,50
CRS3035RES100mN2724000E4187900,Raster CRS3035RES100mN2724000E4187900,47.6157555,8.2311507,60,39,87,71,50,50
CRS3035RES100mN2722000E4180900,Raster CRS3035RES100mN2722000E4180900,47.5962166,8.1387713,60,41,89,66,50,50
CRS3035RES100mN2723600E4183600,Raster CRS3035RES100mN2723600E4183600,47.6112169,8.1741314,60,39,81,78,50,50
CRS3035RES100mN2721900E4180600,Raster CRS3035RES100mN2721900E4180600,47.5952489,8.1348184,60,57,69,66,50,50
CRS3035RES100mN2720800E4193200,Raster CRS3035RES100mN2720800E4193200,47.5880812,8.3025372,60,53,81,56,50,50
CRS3035RES100mN2726000E4191100,Raster CRS3035RES100mN2726000E4191100,47.6344299,8.2730772,60,29,99,71,50,50
CRS3035RES100mN2725300E4193700,Raster CRS3035RES100mN2725300E4193700,47.6286724,8.3078515,60,41,86,70,50,50
CRS3035RES100mN2728600E4198300,Raster CRS3035RES100mN2728600E4198300,47.6592932,8.3680638,60,30,88,80,50,50
CRS3035RES100mN2725400E4193400,Raster CRS3035RES100mN2725400E4193400,47.6295103,8.3038338,60,30,96,70,50,50
CRS3035RES100mN2720600E4193600,Raster CRS3035RES100mN2720600E4193600,47.5863641,8.3079094,60,56,77,56,50,50
CRS3035RES100mN2726000E4190900,Raster CRS3035RES100mN2726000E4190900,47.6343878,8.2704181,60,46,77,74,50,50
CRS3035RES100mN2726200E4191400,Raster CRS3035RES100mN2726200E4191400,47.6362922,8.2770056,60,31,97,71,50,50
CRS3035RES100mN2723400E4183100,Raster CRS3035RES100mN2723400E4183100,47.6093063,8.1675509,60,39,79,78,50,50
CRS3035RES100mN2726100E4191200,Raster CRS3035RES100mN2726100E4191200,47.6353506,8.2743766,60,31,98,71,50,50
CRS3035RES100mN2721100E4180100,Raster CRS3035RES100mN2721100E4180100,47.5879379,8.1284371,60,50,76,66,50,50
CRS3035RES100mN2723500E4183600,Raster CRS3035RES100mN2723500E4183600,47.6103172,8.1741632,60,35,87,78,50,50
CRS3035RES100mN2722700E4181700,Raster CRS3035RES100mN2722700E4181700,47.6026949,8.1491734,60,38,87,74,50,50
CRS3035RES100mN2724700E4186900,Raster CRS3035RES100mN2724700E4186900,47.6218375,8.217643,60,46,77,71,50,50
CRS3035RES100mN2722600E4181600,Raster CRS3035RES100mN2722600E4181600,47.6017727,8.147877,60,43,81,74,50,50
CRS3035RES100mN2725800E4191400,Raster CRS3035RES100mN2725800E4191400,47.6326934,8.2771258,60,50,78,63,50,50
CRS3035RES100mN2727600E4183500,Raster CRS3035RES100mN2727600E4183500,47.647182,8.1715267,60,50,78,65,50,50
CRS3035RES100mN2723200E4192700,Raster CRS3035RES100mN2723200E4192700,47.6095715,8.2951824,60,33,95,68,50,50
CRS3035RES100mN2724800E4185100,Raster CRS3035RES100mN2724800E4185100,47.6223444,8.1936866,60,39,80,78,50,50
CRS3035RES100mN2723400E4192400,Raster CRS3035RES100mN2723400E4192400,47.6113087,8.2911362,59,36,87,68,50,50
CRS3035RES100mN2725100E4193400,Raster CRS3035RES100mN2725100E4193400,47.6268111,8.3039225,59,40,81,70,50,50
CRS3035RES100mN2726000E4191400,Raster CRS3035RES100mN2726000E4191400,47.6344928,8.2770657,59,45,74,71,50,50
CRS3035RES100mN2723200E4183300,Raster CRS3035RES100mN2723200E4183300,47.6075514,8.1702724,59,46,69,78,50,50
CRS3035RES100mN2725700E4186500,Raster CRS3035RES100mN2725700E4186500,47.6307476,8.2120144,59,59,76,51,50,50
CRS3035RES100mN2724600E4185000,Raster CRS3035RES100mN2724600E4185000,47.6205231,8.1924205,59,36,80,78,50,50
CRS3035RES100mN2722800E4181700,Raster CRS3035RES100mN2722800E4181700,47.6035946,8.1491411,59,37,84,74,50,50
CRS3035RES100mN2726200E4191500,Raster CRS3035RES100mN2726200E4191500,47.6363132,8.2783351,59,36,86,71,50,50
CRS3035RES100mN2722700E4181600,Raster CRS3035RES100mN2722700E4181600,47.6026724,8.1478447,59,30,91,74,50,50
CRS3035RES100mN2725000E4187100,Raster CRS3035RES100mN2725000E4187100,47.6245799,8.2202081,59,53,66,72,50,50
CRS3035RES100mN2724800E4185400,Raster CRS3035RES100mN2724800E4185400,47.6224103,8.1976741,59,35,82,78,50,50
CRS3035RES100mN2723200E4183400,Raster CRS3035RES100mN2723200E4183400,47.6075737,8.1716012,59,30,88,78,50,50
CRS3035RES100mN2727700E4180600,Raster CRS3035RES100mN2727700E4180600,47.64743,8.1329303,59,33,85,78,50,50
CRS3035RES100mN2727000E4189100,Raster CRS3035RES100mN2727000E4189100,47.6430037,8.2461811,59,37,92,62,50,50
CRS3035RES100mN2723400E4183000,Raster CRS3035RES100mN2723400E4183000,47.609284,8.1662221,59,32,85,78,50,50
CRS3035RES100mN2727100E4189100,Raster CRS3035RES100mN2727100E4189100,47.6439034,8.2461505,59,57,70,62,50,50
CRS3035RES100mN2724900E4194900,Raster CRS3035RES100mN2724900E4194900,47.6253192,8.323921,59,44,81,64,50,50
CRS3035RES100mN2726100E4192000,Raster CRS3035RES100mN2726100E4192000,47.6355179,8.2850129,59,36,85,74,50,50
CRS3035RES100mN2725100E4186400,Raster CRS3035RES100mN2725100E4186400,47.6253277,8.2108723,59,43,94,51,50,50
CRS3035RES100mN2723700E4192900,Raster CRS3035RES100mN2723700E4192900,47.6141116,8.2976917,59,27,100,68,50,50
CRS3035RES100mN2724700E4184900,Raster CRS3035RES100mN2724700E4184900,47.6214008,8.1910598,59,41,77,77,50,50
CRS3035RES100mN2725700E4190600,Raster CRS3035RES100mN2725700E4190600,47.6316255,8.2665204,59,37,83,73,50,50
CRS3035RES100mN2725500E4190600,Raster CRS3035RES100mN2725500E4190600,47.6298261,8.2665809,59,53,63,73,50,50
CRS3035RES100mN2728900E4181500,Raster CRS3035RES100mN2728900E4181500,47.6584296,8.1445097,59,31,84,81,50,50
CRS3035RES100mN2723800E4179100,Raster CRS3035RES100mN2723800E4179100,47.6120007,8.1142672,59,28,92,75,50,50
CRS3035RES100mN2727400E4180800,Raster CRS3035RES100mN2727400E4180800,47.6447764,8.1356875,59,33,84,78,50,50
CRS3035RES100mN2725500E4194100,Raster CRS3035RES100mN2725500E4194100,47.630554,8.3131101,59,68,50,68,50,50
CRS3035RES100mN2724900E4186400,Raster CRS3035RES100mN2724900E4186400,47.6235283,8.2109347,59,58,59,71,50,50
CRS3035RES100mN2722100E4180800,Raster CRS3035RES100mN2722100E4180800,47.5970936,8.1374104,59,31,97,66,50,50
CRS3035RES100mN2725900E4191400,Raster CRS3035RES100mN2725900E4191400,47.6335931,8.2770958,59,57,67,63,50,50
CRS3035RES100mN2728700E4188500,Raster CRS3035RES100mN2728700E4188500,47.6581702,8.2376797,59,31,85,81,50,50
CRS3035RES100mN2726100E4192500,Raster CRS3035RES100mN2726100E4192500,47.635622,8.2916606,59,37,84,74,50,50
CRS3035RES100mN2724400E4195100,Raster CRS3035RES100mN2724400E4195100,47.6208612,8.3267255,59,30,99,63,50,50
CRS3035RES100mN2724400E4184800,Raster CRS3035RES100mN2724400E4184800,47.6186797,8.1898254,59,41,77,77,50,50
CRS3035RES100mN2725200E4181700,Raster CRS3035RES100mN2725200E4181700,47.625187,8.1483662,58,33,81,78,50,50
CRS3035RES100mN2722400E4181300,Raster CRS3035RES100mN2722400E4181300,47.5999057,8.1439558,58,31,86,74,50,50
CRS3035RES100mN2725100E4186800,Raster CRS3035RES100mN2725100E4186800,47.6254146,8.2161893,58,46,87,51,50,50
CRS3035RES100mN2723400E4182700,Raster CRS3035RES100mN2723400E4182700,47.609217,8.1622356,58,46,65,77,50,50
CRS3035RES100mN2728400E4198300,Raster CRS3035RES100mN2728400E4198300,47.6574938,8.3681208,58,32,79,80,50,50
CRS3035RES100mN2726100E4192300,Raster CRS3035RES100mN2726100E4192300,47.6355804,8.2890015,58,30,85,74,50,50
CRS3035RES100mN2723600E4183300,Raster CRS3035RES100mN2723600E4183300,47.6111502,8.1701447,58,33,80,78,50,50
CRS3035RES100mN2724400E4187700,Raster CRS3035RES100mN2724400E4187700,47.6193113,8.228369,58,41,76,71,50,50
CRS3035RES100mN2723100E4183300,Raster CRS3035RES100mN2723100E4183300,47.6066517,8.1703043,58,27,89,78,50,50
CRS3035RES100mN2723600E4192900,Raster CRS3035RES100mN2723600E4192900,47.6132118,8.2977214,58,43,75,68,50,50
CRS3035RES100mN2725300E4193900,Raster CRS3035RES100mN2725300E4193900,47.6287135,8.3105102,58,39,81,70,50,50
CRS3035RES100mN2724900E4195000,Raster CRS3035RES100mN2724900E4195000,47.6253396,8.3252503,58,44,80,63,50,50
CRS3035RES100mN2725700E4193800,Raster CRS3035RES100mN2725700E4193800,47.6322918,8.3090628,58,43,75,70,50,50
CRS3035RES100mN2728300E4197800,Raster CRS3035RES100mN2728300E4197800,47.6564946,8.3614987,58,38,74,79,50,50
CRS3035RES100mN2727300E4196500,Raster CRS3035RES100mN2727300E4196500,47.6472369,8.3444965,58,55,64,64,50,50
CRS3035RES100mN2723500E4183100,Raster CRS3035RES100mN2723500E4183100,47.610206,8.1675189,58,29,85,78,50,50
CRS3035RES100mN2728800E4188600,Raster CRS3035RES100mN2728800E4188600,47.6590913,8.2389791,58,33,76,81,50,50
CRS3035RES100mN2724700E4185300,Raster CRS3035RES100mN2724700E4185300,47.6214886,8.1963764,58,40,70,78,50,50
CRS3035RES100mN2719000E4195200,Raster CRS3035RES100mN2719000E4195200,47.5722951,8.3296278,58,46,83,57,50,50
CRS3035RES100mN2729300E4199000,Raster CRS3035RES100mN2729300E4199000,47.6657299,8.3771767,58,46,65,79,50,50
CRS3035RES100mN2723400E4187600,Raster CRS3035RES100mN2723400E4187600,47.6102926,8.2273491,58,30,90,68,50,50
CRS3035RES100mN2731300E4193700,Raster CRS3035RES100mN2731300E4193700,47.6826553,8.3060775,58,30,88,72,50,50
CRS3035RES100mN2726200E4191600,Raster CRS3035RES100mN2726200E4191600,47.6363341,8.2796647,58,39,78,71,50,50
CRS3035RES100mN2724600E4185200,Raster CRS3035RES100mN2724600E4185200,47.620567,8.1950788,58,44,67,78,50,50
CRS3035RES100mN2725600E4193800,Raster CRS3035RES100mN2725600E4193800,47.6313921,8.3090923,58,39,80,70,50,50
CRS3035RES100mN2727000E4197500,Raster CRS3035RES100mN2727000E4197500,47.6447382,8.3578812,58,30,92,69,50,50
CRS3035RES100mN2725300E4193200,Raster CRS3035RES100mN2725300E4193200,47.6285693,8.3012046,58,58,55,70,50,50
CRS3035RES100mN2725700E4191100,Raster CRS3035RES100mN2725700E4191100,47.6317307,8.2731676,58,33,91,63,50,50
CRS3035RES100mN2724800E4185300,Raster CRS3035RES100mN2724800E4185300,47.6223883,8.196345,58,34,79,78,50,50
CRS3035RES100mN2723900E4187800,Raster CRS3035RES100mN2723900E4187800,47.6148343,8.2298525,58,29,91,68,50,50
CRS3035RES100mN2726000E4191700,Raster CRS3035RES100mN2726000E4191700,47.6345556,8.2810542,57,31,84,71,50,50
CRS3035RES100mN2728400E4198600,Raster CRS3035RES100mN2728400E4198600,47.6575532,8.3721112,57,29,79,80,50,50
CRS3035RES100mN2726700E4189000,Raster CRS3035RES100mN2726700E4189000,47.6402832,8.2449433,57,30,89,65,50,50
CRS3035RES100mN2723400E4183200,Raster CRS3035RES100mN2723400E4183200,47.6093285,8.1688797,57,28,83,78,50,50
CRS3035RES100mN2719100E4195300,Raster CRS3035RES100mN2719100E4195300,47.5732152,8.3309267,57,34,90,57,50,50
CRS3035RES100mN2724200E4195200,Raster CRS3035RES100mN2724200E4195200,47.6190821,8.3281131,57,32,88,63,50,50
CRS3035RES100mN2723500E4192900,Raster CRS3035RES100mN2723500E4192900,47.6123121,8.2977511,57,30,88,68,50,50
CRS3035RES100mN2728400E4198400,Raster CRS3035RES100mN2728400E4198400,47.6575136,8.3694509,57,35,73,80,50,50
CRS3035RES100mN2725900E4191700,Raster CRS3035RES100mN2725900E4191700,47.6336559,8.2810842,57,30,92,63,50,50
CRS3035RES100mN2722800E4178100,Raster CRS3035RES100mN2722800E4178100,47.6027739,8.1013095,57,30,80,76,50,50
CRS3035RES100mN2726800E4189200,Raster CRS3035RES100mN2726800E4189200,47.6412256,8.247572,57,31,89,65,50,50
CRS3035RES100mN2726100E4191500,Raster CRS3035RES100mN2726100E4191500,47.6354135,8.2783652,57,39,73,71,50,50
CRS3035RES100mN2726900E4189600,Raster CRS3035RES100mN2726900E4189600,47.6422104,8.2528602,57,38,79,65,50,50
CRS3035RES100mN2724900E4187400,Raster CRS3035RES100mN2724900E4187400,47.6237451,8.2242268,57,44,67,71,50,50
CRS3035RES100mN2726300E4191300,Raster CRS3035RES100mN2726300E4191300,47.637171,8.2756459,57,42,69,71,50,50
CRS3035RES100mN2724200E4184600,Raster CRS3035RES100mN2724200E4184600,47.6168363,8.1872305,57,35,73,77,50,50
CRS3035RES100mN2721200E4180100,Raster CRS3035RES100mN2721200E4180100,47.5888376,8.1284045,57,31,89,66,50,50
CRS3035RES100mN2725000E4193600,Raster CRS3035RES100mN2725000E4193600,47.6259526,8.3066107,57,29,88,70,50,50
CRS3035RES100mN2726200E4191800,Raster CRS3035RES100mN2726200E4191800,47.6363759,8.2823238,57,27,90,71,50,50
CRS3035RES100mN2727400E4196700,Raster CRS3035RES100mN2727400E4196700,47.6481769,8.3471274,57,30,89,64,50,50
CRS3035RES100mN2725900E4191500,Raster CRS3035RES100mN2725900E4191500,47.633614,8.2784253,57,50,67,63,50,50
CRS3035RES100mN2724500E4194700,Raster CRS3035RES100mN2724500E4194700,47.6216795,8.3213796,57,30,90,64,50,50
CRS3035RES100mN2724900E4187700,Raster CRS3035RES100mN2724900E4187700,47.6238098,8.2282145,57,44,67,71,50,50
CRS3035RES100mN2725500E4186700,Raster CRS3035RES100mN2725500E4186700,47.6289917,8.2147355,57,48,78,51,50,50
CRS3035RES100mN2728600E4198500,Raster CRS3035RES100mN2728600E4198500,47.6593329,8.3707241,57,46,58,80,50,50
CRS3035RES100mN2725300E4193600,Raster CRS3035RES100mN2725300E4193600,47.6286518,8.3065221,57,38,77,70,50,50
CRS3035RES100mN2726800E4197300,Raster CRS3035RES100mN2726800E4197300,47.6428988,8.355279,57,46,77,59,50,50
CRS3035RES100mN2723200E4182700,Raster CRS3035RES100mN2723200E4182700,47.6074176,8.1622997,57,33,78,77,50,50
CRS3035RES100mN2727300E4196200,Raster CRS3035RES100mN2727300E4196200,47.6471764,8.3405069,57,36,84,64,50,50
CRS3035RES100mN2724700E4185100,Raster CRS3035RES100mN2724700E4185100,47.6214447,8.1937181,57,35,74,78,50,50
CRS3035RES100mN2725000E4195300,Raster CRS3035RES100mN2725000E4195300,47.6263003,8.329209,57,38,78,67,50,50
CRS3035RES100mN2725100E4193900,Raster CRS3035RES100mN2725100E4193900,47.626914,8.3105692,57,57,53,70,50,50
CRS3035RES100mN2726300E4191800,Raster CRS3035RES100mN2726300E4191800,47.6372756,8.2822938,57,33,83,71,50,50
CRS3035RES100mN2723400E4192800,Raster CRS3035RES100mN2723400E4192800,47.6113917,8.2964519,57,30,88,68,50,50
CRS3035RES100mN2723400E4193000,Raster CRS3035RES100mN2723400E4193000,47.6114331,8.2991097,57,48,73,58,50,50
CRS3035RES100mN2728800E4188500,Raster CRS3035RES100mN2728800E4188500,47.6590699,8.237649,57,29,79,81,50,50
CRS3035RES100mN2723100E4183400,Raster CRS3035RES100mN2723100E4183400,47.606674,8.171633,57,28,82,78,50,50
CRS3035RES100mN2722100E4180900,Raster CRS3035RES100mN2722100E4180900,47.5971163,8.1387389,57,33,85,66,50,50
CRS3035RES100mN2730500E4190400,Raster CRS3035RES100mN2730500E4190400,47.6747691,8.2624057,56,27,79,77,50,50
CRS3035RES100mN2725300E4180600,Raster CRS3035RES100mN2725300E4180600,47.625838,8.1337122,56,29,84,70,50,50
CRS3035RES100mN2728700E4182000,Raster CRS3035RES100mN2728700E4182000,47.6567429,8.1512247,56,31,72,83,50,50
CRS3035RES100mN2725000E4195000,Raster CRS3035RES100mN2725000E4195000,47.6262393,8.3252211,56,37,77,67,50,50
CRS3035RES100mN2725400E4193600,Raster CRS3035RES100mN2725400E4193600,47.6295515,8.3064925,56,30,80,70,50,50
CRS3035RES100mN2724500E4195100,Raster CRS3035RES100mN2724500E4195100,47.621761,8.3266964,56,30,89,63,50,50
CRS3035RES100mN2723400E4192500,Raster CRS3035RES100mN2723400E4192500,47.6113294,8.2924651,56,41,71,68,50,50
CRS3035RES100mN2727400E4196800,Raster CRS3035RES100mN2727400E4196800,47.648197,8.3484573,56,40,73,64,50,50
CRS3035RES100mN2726200E4191300,Raster CRS3035RES100mN2726200E4191300,47.6362713,8.275676,56,53,52,71,50,50
CRS3035RES100mN2725900E4193200,Raster CRS3035RES100mN2725900E4193200,47.6339676,8.3010267,56,31,80,70,50,50
CRS3035RES100mN2726200E4190800,Raster CRS3035RES100mN2726200E4190800,47.6361662,8.2690282,56,30,79,74,50,50
CRS3035RES100mN2725500E4193600,Raster CRS3035RES100mN2725500E4193600,47.6304512,8.306463,56,31,81,70,50,50
CRS3035RES100mN2721700E4194700,Raster CRS3035RES100mN2721700E4194700,47.5964867,8.322199,56,32,91,58,50,50
CRS3035RES100mN2726000E4190500,Raster CRS3035RES100mN2726000E4190500,47.6343036,8.2651001,56,44,64,74,50,50
CRS3035RES100mN2723700E4183600,Raster CRS3035RES100mN2723700E4183600,47.6121166,8.1740995,56,31,73,78,50,50
CRS3035RES100mN2726200E4190300,Raster CRS3035RES100mN2726200E4190300,47.6360608,8.2623805,56,32,77,74,50,50
CRS3035RES100mN2725000E4195100,Raster CRS3035RES100mN2725000E4195100,47.6262597,8.3265504,56,38,75,67,50,50
CRS3035RES100mN2724900E4193500,Raster CRS3035RES100mN2724900E4193500,47.6250323,8.305311,56,35,83,63,50,50
CRS3035RES100mN2725100E4187000,Raster CRS3035RES100mN2725100E4187000,47.625458,8.2188478,56,41,67,72,50,50
CRS3035RES100mN2724200E4178200,Raster CRS3035RES100mN2724200E4178200,47.6153924,8.1021749,56,31,78,75,50,50
CRS3035RES100mN2721800E4194500,Raster CRS3035RES100mN2721800E4194500,47.5973456,8.3195126,56,35,85,58,50,50
CRS3035RES100mN2721600E4180300,Raster CRS3035RES100mN2721600E4180300,47.5924818,8.1309308,56,46,64,66,50,50
CRS3035RES100mN2720700E4193300,Raster CRS3035RES100mN2720700E4193300,47.5872021,8.303895,56,40,80,56,50,50
CRS3035RES100mN2726300E4190800,Raster CRS3035RES100mN2726300E4190800,47.6370659,8.268998,56,35,71,74,50,50
CRS3035RES100mN2723600E4183100,Raster CRS3035RES100mN2723600E4183100,47.6111057,8.167487,56,29,76,78,50,50
CRS3035RES100mN2725800E4193400,Raster CRS3035RES100mN2725800E4193400,47.6331092,8.3037154,56,36,76,70,50,50
CRS3035RES100mN2725900E4190500,Raster CRS3035RES100mN2725900E4190500,47.6334039,8.2651304,56,42,66,73,50,50
CRS3035RES100mN2725500E4193700,Raster CRS3035RES100mN2725500E4193700,47.6304718,8.3077924,56,33,80,70,50,50
CRS3035RES100mN2721700E4180200,Raster CRS3035RES100mN2721700E4180200,47.5933587,8.1295698,56,30,87,66,50,50
CRS3035RES100mN2726200E4190400,Raster CRS3035RES100mN2726200E4190400,47.6360819,8.26371,56,35,72,74,50,50
CRS3035RES100mN2725600E4190500,Raster CRS3035RES100mN2725600E4190500,47.6307047,8.2652212,56,31,78,73,50,50
CRS3035RES100mN2720800E4193300,Raster CRS3035RES100mN2720800E4193300,47.5881018,8.3038655,56,31,91,56,50,50
CRS3035RES100mN2725700E4193600,Raster CRS3035RES100mN2725700E4193600,47.6322507,8.3064039,56,42,67,70,50,50
CRS3035RES100mN2725700E4193900,Raster CRS3035RES100mN2725700E4193900,47.6323124,8.3103923,56,38,71,70,50,50
CRS3035RES100mN2726300E4190900,Raster CRS3035RES100mN2726300E4190900,47.637087,8.2703276,56,32,77,74,50,50
CRS3035RES100mN2721100E4180300,Raster CRS3035RES100mN2721100E4180300,47.5879833,8.1310937,56,53,58,66,50,50
CRS3035RES100mN2723200E4192800,Raster CRS3035RES100mN2723200E4192800,47.6095922,8.2965113,56,30,83,68,50,50
CRS3035RES100mN2719100E4198600,Raster CRS3035RES100mN2719100E4198600,47.5738761,8.3747497,56,41,78,57,50,50
CRS3035RES100mN2723300E4182700,Raster CRS3035RES100mN2723300E4182700,47.6083173,8.1622677,56,31,75,77,50,50
CRS3035RES100mN2721800E4195000,Raster CRS3035RES100mN2721800E4195000,47.5974476,8.3261555,56,36,88,53,50,50
CRS3035RES100mN2720600E4193400,Raster CRS3035RES100mN2720600E4193400,47.5863229,8.3052529,56,33,89,56,50,50
CRS3035RES100mN2725300E4193500,Raster CRS3035RES100mN2725300E4193500,47.6286312,8.3051927,55,30,77,70,50,50
CRS3035RES100mN2727300E4196300,Raster CRS3035RES100mN2727300E4196300,47.6471966,8.3418368,55,35,78,64,50,50
CRS3035RES100mN2725600E4193300,Raster CRS3035RES100mN2725600E4193300,47.6312891,8.3024451,55,29,79,70,50,50
CRS3035RES100mN2723700E4179100,Raster CRS3035RES100mN2723700E4179100,47.6111011,8.1143,55,29,76,75,50,50
CRS3035RES100mN2724500E4195000,Raster CRS3035RES100mN2724500E4195000,47.6217406,8.3253672,55,33,80,63,50,50
CRS3035RES100mN2726200E4190500,Raster CRS3035RES100mN2726200E4190500,47.636103,8.2650396,55,28,77,74,50,50
CRS3035RES100mN2726200E4192100,Raster CRS3035RES100mN2726200E4192100,47.6364385,8.2863125,55,29,76,74,50,50
CRS3035RES100mN2728600E4188900,Raster CRS3035RES100mN2728600E4188900,47.6573561,8.2430309,55,30,68,81,50,50
CRS3035RES100mN2723100E4183200,Raster CRS3035RES100mN2723100E4183200,47.6066295,8.1689755,55,27,76,78,50,50
CRS3035RES100mN2727700E4189000,Raster CRS3035RES100mN2727700E4189000,47.6492802,8.2446369,55,31,85,62,50,50
CRS3035RES100mN2724700E4178300,Raster CRS3035RES100mN2724700E4178300,47.6199138,8.1033385,55,30,74,75,50,50
CRS3035RES100mN2727400E4180700,Raster CRS3035RES100mN2727400E4180700,47.6447537,8.1343578,55,31,72,78,50,50
CRS3035RES100mN2725100E4193700,Raster CRS3035RES100mN2725100E4193700,47.6268729,8.3079105,55,30,78,70,50,50
CRS3035RES100mN2727200E4196500,Raster CRS3035RES100mN2727200E4196500,47.6463372,8.3445254,55,30,84,64,50,50
CRS3035RES100mN2728400E4197800,Raster CRS3035RES100mN2728400E4197800,47.6573943,8.3614701,55,33,67,79,50,50
CRS3035RES100mN2731000E4185700,Raster CRS3035RES100mN2731000E4185700,47.6782563,8.1997139,55,46,45,86,50,50
CRS3035RES100mN2724700E4184600,Raster CRS3035RES100mN2724700E4184600,47.6213347,8.1870724,55,29,73,77,50,50
CRS3035RES100mN2726700E4188800,Raster CRS3035RES100mN2726700E4188800,47.6402405,8.242284,55,50,72,48,50,50
CRS3035RES100mN2725200E4193800,Raster CRS3035RES100mN2725200E4193800,47.6277932,8.3092103,55,29,81,70,50,50
CRS3035RES100mN2727600E4180300,Raster CRS3035RES100mN2727600E4180300,47.6464621,8.1289736,55,31,72,78,50,50
CRS3035RES100mN2721600E4194500,Raster CRS3035RES100mN2721600E4194500,47.5955461,8.3195712,55,36,82,58,50,50
CRS3035RES100mN2719300E4198900,Raster CRS3035RES100mN2719300E4198900,47.5757349,8.3786771,55,50,63,57,50,50
CRS3035RES100mN2725000E4194900,Raster CRS3035RES100mN2725000E4194900,47.6262189,8.3238918,55,30,80,68,50,50
CRS3035RES100mN2726200E4190200,Raster CRS3035RES100mN2726200E4190200,47.6360396,8.2610509,55,31,74,74,50,50
CRS3035RES100mN2724700E4184500,Raster CRS3035RES100mN2724700E4184500,47.6213127,8.1857433,55,17,88,77,50,50
CRS3035RES100mN2719000E4198700,Raster CRS3035RES100mN2719000E4198700,47.5729961,8.3761059,55,29,91,57,50,50
CRS3035RES100mN2727500E4180800,Raster CRS3035RES100mN2727500E4180800,47.645676,8.135655,55,30,71,78,50,50
CRS3035RES100mN2722700E4183500,Raster CRS3035RES100mN2722700E4183500,47.6030974,8.1730892,55,46,52,77,50,50
CRS3035RES100mN2726200E4192500,Raster CRS3035RES100mN2726200E4192500,47.6365217,8.2916308,55,30,76,74,50,50
CRS3035RES100mN2730000E4199200,Raster CRS3035RES100mN2730000E4199200,47.6720675,8.3796392,55,30,83,62,50,50
CRS3035RES100mN2725700E4192700,Raster CRS3035RES100mN2725700E4192700,47.6320647,8.2944387,55,32,79,65,50,50
CRS3035RES100mN2725300E4193400,Raster CRS3035RES100mN2725300E4193400,47.6286105,8.3038634,55,30,79,70,50,50
CRS3035RES100mN2728400E4197700,Raster CRS3035RES100mN2728400E4197700,47.6573744,8.36014,55,33,66,79,50,50
CRS3035RES100mN2723800E4192800,Raster CRS3035RES100mN2723800E4192800,47.6149906,8.296333,55,32,79,68,50,50
CRS3035RES100mN2721100E4180000,Raster CRS3035RES100mN2721100E4180000,47.5879151,8.1271089,55,28,85,66,50,50
CRS3035RES100mN2725200E4193700,Raster CRS3035RES100mN2725200E4193700,47.6277726,8.307881,55,28,81,70,50,50
CRS3035RES100mN2725000E4186000,Raster CRS3035RES100mN2725000E4186000,47.6243409,8.2055866,55,43,77,51,50,50
CRS3035RES100mN2730700E4199000,Raster CRS3035RES100mN2730700E4199000,47.6783261,8.3767797,55,29,85,62,50,50
CRS3035RES100mN2720700E4193200,Raster CRS3035RES100mN2720700E4193200,47.5871814,8.3025667,55,30,89,56,50,50
CRS3035RES100mN2728700E4187400,Raster CRS3035RES100mN2728700E4187400,47.6579335,8.2230486,55,30,90,55,50,50
CRS3035RES100mN2726000E4191800,Raster CRS3035RES100mN2726000E4191800,47.6345765,8.2823838,54,46,52,71,50,50
CRS3035RES100mN2724300E4178100,Raster CRS3035RES100mN2724300E4178100,47.6162689,8.1008128,54,46,51,75,50,50
CRS3035RES100mN2726900E4189200,Raster CRS3035RES100mN2726900E4189200,47.6421253,8.2475414,54,29,79,65,50,50
CRS3035RES100mN2725300E4193800,Raster CRS3035RES100mN2725300E4193800,47.6286929,8.3091808,54,27,79,70,50,50
CRS3035RES100mN2723100E4193100,Raster CRS3035RES100mN2723100E4193100,47.6087545,8.3005276,54,46,65,58,50,50
CRS3035RES100mN2725700E4193100,Raster CRS3035RES100mN2725700E4193100,47.6321475,8.2997566,54,33,72,70,50,50
CRS3035RES100mN2726200E4192300,Raster CRS3035RES100mN2726200E4192300,47.6364802,8.2889716,54,30,72,74,50,50
CRS3035RES100mN2724900E4195200,Raster CRS3035RES100mN2724900E4195200,47.6253803,8.3279089,54,33,74,63,50,50
CRS3035RES100mN2722900E4193200,Raster CRS3035RES100mN2722900E4193200,47.6069757,8.3019156,54,28,81,66,50,50
CRS3035RES100mN2727500E4183400,Raster CRS3035RES100mN2727500E4183400,47.64626,8.1702289,54,37,68,65,50,50
CRS3035RES100mN2728800E4198100,Raster CRS3035RES100mN2728800E4198100,47.661053,8.3653463,54,6,93,80,50,50
CRS3035RES100mN2727300E4196600,Raster CRS3035RES100mN2727300E4196600,47.647257,8.3458264,54,27,83,64,50,50
CRS3035RES100mN2726300E4197300,Raster CRS3035RES100mN2726300E4197300,47.6384001,8.3554225,54,29,85,59,50,50
CRS3035RES100mN2721800E4180200,Raster CRS3035RES100mN2721800E4180200,47.5942584,8.1295372,54,29,80,66,50,50
CRS3035RES100mN2725800E4193100,Raster CRS3035RES100mN2725800E4193100,47.6330472,8.2997269,54,15,90,70,50,50
CRS3035RES100mN2726700E4197300,Raster CRS3035RES100mN2726700E4197300,47.641999,8.3553077,54,33,80,59,50,50
CRS3035RES100mN2726700E4192200,Raster CRS3035RES100mN2726700E4192200,47.6409579,8.2874926,54,17,85,74,50,50
CRS3035RES100mN2725100E4193600,Raster CRS3035RES100mN2725100E4193600,47.6268523,8.3065812,54,27,79,70,50,50
CRS3035RES100mN2728500E4198300,Raster CRS3035RES100mN2728500E4198300,47.6583935,8.3680923,54,10,89,80,50,50
CRS3035RES100mN2726600E4197200,Raster CRS3035RES100mN2726600E4197200,47.6410793,8.3540067,54,35,76,59,50,50
CRS3035RES100mN2725000E4194700,Raster CRS3035RES100mN2725000E4194700,47.6261781,8.3212331,54,27,78,68,50,50
CRS3035RES100mN2726400E4184000,Raster CRS3035RES100mN2726400E4184000,47.6364968,8.1785573,54,46,69,50,50,50
CRS3035RES100mN2724700E4180400,Raster CRS3035RES100mN2724700E4180400,47.6203945,8.1312493,54,31,69,73,50,50
CRS3035RES100mN2727600E4196900,Raster CRS3035RES100mN2727600E4196900,47.6500165,8.3497295,54,29,82,64,50,50
CRS3035RES100mN2730800E4182000,Raster CRS3035RES100mN2730800E4182000,47.6756358,8.1505464,54,31,58,86,50,50
CRS3035RES100mN2725900E4191600,Raster CRS3035RES100mN2725900E4191600,47.633635,8.2797547,54,35,73,63,50,50
CRS3035RES100mN2728400E4197900,Raster CRS3035RES100mN2728400E4197900,47.6574143,8.3628002,54,15,83,79,50,50
CRS3035RES100mN2721800E4194400,Raster CRS3035RES100mN2721800E4194400,47.5973252,8.318184,54,31,82,58,50,50
CRS3035RES100mN2723600E4183700,Raster CRS3035RES100mN2723600E4183700,47.6112391,8.1754602,54,31,67,78,50,50
CRS3035RES100mN2728600E4198200,Raster CRS3035RES100mN2728600E4198200,47.6592734,8.3667336,54,2,99,80,50,50
CRS3035RES100mN2726300E4192300,Raster CRS3035RES100mN2726300E4192300,47.6373799,8.2889418,54,39,60,74,50,50
CRS3035RES100mN2726100E4192400,Raster CRS3035RES100mN2726100E4192400,47.6356012,8.290331,54,29,71,74,50,50
CRS3035RES100mN2724800E4187100,Raster CRS3035RES100mN2724800E4187100,47.6227805,8.2202702,54,50,48,71,50,50
CRS3035RES100mN2721100E4180200,Raster CRS3035RES100mN2721100E4180200,47.5879606,8.1297654,54,31,77,66,50,50
CRS3035RES100mN2725800E4193300,Raster CRS3035RES100mN2725800E4193300,47.6330885,8.3023859,54,30,76,70,50,50
CRS3035RES100mN2721700E4180400,Raster CRS3035RES100mN2721700E4180400,47.5934042,8.1322266,54,35,72,66,50,50
CRS3035RES100mN2723100E4183100,Raster CRS3035RES100mN2723100E4183100,47.6066072,8.1676468,54,28,70,78,50,50
CRS3035RES100mN2724900E4186000,Raster CRS3035RES100mN2724900E4186000,47.6234412,8.2056179,54,50,51,71,50,50
CRS3035RES100mN2726200E4191000,Raster CRS3035RES100mN2726200E4191000,47.6362083,8.2716873,54,30,73,71,50,50
CRS3035RES100mN2732400E4181700,Raster CRS3035RES100mN2732400E4181700,47.6899626,8.1460365,54,29,64,84,50,50
CRS3035RES100mN2726600E4191800,Raster CRS3035RES100mN2726600E4191800,47.6399748,8.2822039,54,29,75,71,50,50
CRS3035RES100mN2726200E4190700,Raster CRS3035RES100mN2726200E4190700,47.6361452,8.2676987,54,39,62,74,50,50
CRS3035RES100mN2721900E4194500,Raster CRS3035RES100mN2721900E4194500,47.5982454,8.3194833,54,30,84,58,50,50
CRS3035RES100mN2721600E4194800,Raster CRS3035RES100mN2721600E4194800,47.5956074,8.3235568,54,29,86,58,50,50
CRS3035RES100mN2724900E4195300,Raster CRS3035RES100mN2724900E4195300,47.6254006,8.3292382,54,30,78,63,50,50
CRS3035RES100mN2729100E4198400,Raster CRS3035RES100mN2729100E4198400,47.6638117,8.3692515,54,28,70,80,50,50
CRS3035RES100mN2725000E4194600,Raster CRS3035RES100mN2725000E4194600,47.6261577,8.3199038,54,28,79,68,50,50
CRS3035RES100mN2724400E4187300,Raster CRS3035RES100mN2724400E4187300,47.619225,8.2230526,54,36,65,71,50,50
CRS3035RES100mN2724000E4188000,Raster CRS3035RES100mN2724000E4188000,47.615777,8.2324797,54,30,74,69,50,50
CRS3035RES100mN2725100E4181600,Raster CRS3035RES100mN2725100E4181600,47.6242648,8.1470693,54,9,92,78,50,50
CRS3035RES100mN2730500E4190300,Raster CRS3035RES100mN2730500E4190300,47.6747479,8.2610752,53,27,69,77,50,50
CRS3035RES100mN2720700E4193400,Raster CRS3035RES100mN2720700E4193400,47.5872227,8.3052233,53,33,78,56,50,50
CRS3035RES100mN2723500E4187600,Raster CRS3035RES100mN2723500E4187600,47.6111923,8.2273182,53,27,76,68,50,50
CRS3035RES100mN2724800E4194800,Raster CRS3035RES100mN2724800E4194800,47.6243991,8.322621,53,31,75,64,50,50
CRS3035RES100mN2723700E4183700,Raster CRS3035RES100mN2723700E4183700,47.6121388,8.1754284,53,28,65,78,50,50
CRS3035RES100mN2721000E4178700,Raster CRS3035RES100mN2721000E4178700,47.586718,8.1098745,53,37,69,62,50,50
CRS3035RES100mN2719200E4195200,Raster CRS3035RES100mN2719200E4195200,47.5740947,8.3295696,53,28,83,57,50,50
CRS3035RES100mN2731000E4182200,Raster CRS3035RES100mN2731000E4182200,47.67748,8.1531429,53,12,78,86,50,50
CRS3035RES100mN2722800E4193100,Raster CRS3035RES100mN2722800E4193100,47.6060553,8.3006165,53,31,72,66,50,50
CRS3035RES100mN2724100E4195100,Raster CRS3035RES100mN2724100E4195100,47.618162,8.3268131,53,27,79,63,50,50
CRS3035RES100mN2721700E4180100,Raster CRS3035RES100mN2721700E4180100,47.593336,8.1282414,53,29,73,66,50,50
CRS3035RES100mN2725100E4186900,Raster CRS3035RES100mN2725100E4186900,47.6254363,8.2175186,53,36,79,51,50,50
CRS3035RES100mN2722200E4196600,Raster CRS3035RES100mN2722200E4196600,47.6013702,8.3472975,53,32,81,52,50,50
CRS3035RES100mN2724100E4187800,Raster CRS3035RES100mN2724100E4187800,47.6166337,8.2297908,53,24,75,71,50,50
CRS3035RES100mN2725400E4190100,Raster CRS3035RES100mN2725400E4190100,47.6288208,8.2599643,53,57,36,73,50,50
CRS3035RES100mN2727400E4196400,Raster CRS3035RES100mN2727400E4196400,47.6481165,8.3431377,53,32,71,64,50,50
CRS3035RES100mN2726500E4197100,Raster CRS3035RES100mN2726500E4197100,47.6401595,8.3527058,53,30,77,59,50,50
CRS3035RES100mN2724700E4186600,Raster CRS3035RES100mN2724700E4186600,47.6217724,8.2136555,53,30,70,71,50,50
CRS3035RES100mN2724500E4187300,Raster CRS3035RES100mN2724500E4187300,47.6201247,8.2230216,53,32,67,71,50,50
CRS3035RES100mN2728800E4188900,Raster CRS3035RES100mN2728800E4188900,47.6591555,8.2429695,53,29,62,81,50,50
CRS3035RES100mN2724100E4187900,Raster CRS3035RES100mN2724100E4187900,47.6166552,8.2311198,53,13,91,71,50,50
CRS3035RES100mN2725400E4186800,Raster CRS3035RES100mN2725400E4186800,47.6281137,8.2160959,53,45,67,51,50,50
CRS3035RES100mN2725200E4190600,Raster CRS3035RES100mN2725200E4190600,47.627127,8.2666716,53,30,68,73,50,50
CRS3035RES100mN2723500E4192600,Raster CRS3035RES100mN2723500E4192600,47.6122499,8.2937643,53,9,98,68,50,50
CRS3035RES100mN2724800E4194700,Raster CRS3035RES100mN2724800E4194700,47.6243787,8.3212917,53,30,73,64,50,50
CRS3035RES100mN2723400E4192600,Raster CRS3035RES100mN2723400E4192600,47.6113502,8.293794,53,30,73,68,50,50
CRS3035RES100mN2727800E4180400,Raster CRS3035RES100mN2727800E4180400,47.6482842,8.130238,53,10,88,78,50,50
CRS3035RES100mN2728500E4188800,Raster CRS3035RES100mN2728500E4188800,47.6564351,8.2417315,53,15,81,81,50,50
CRS3035RES100mN2722500E4196600,Raster CRS3035RES100mN2722500E4196600,47.6040694,8.3472111,53,29,84,52,50,50
CRS3035RES100mN2725000E4186200,Raster CRS3035RES100mN2725000E4186200,47.6243845,8.208245,53,34,81,51,50,50
CRS3035RES100mN2720900E4179100,Raster CRS3035RES100mN2720900E4179100,47.5859101,8.1152203,53,33,75,61,50,50
CRS3035RES100mN2721100E4179700,Raster CRS3035RES100mN2721100E4179700,47.5878467,8.1231241,53,27,75,66,50,50
CRS3035RES100mN2725000E4186500,Raster CRS3035RES100mN2725000E4186500,47.6244498,8.2122327,53,50,63,51,50,50
CRS3035RES100mN2722400E4181200,Raster CRS3035RES100mN2722400E4181200,47.5998832,8.1426273,53,30,67,74,50,50
CRS3035RES100mN2726500E4192300,Raster CRS3035RES100mN2726500E4192300,47.6391793,8.288882,53,46,48,74,50,50
CRS3035RES100mN2726000E4190300,Raster CRS3035RES100mN2726000E4190300,47.6342614,8.2624411,53,27,71,74,50,50
CRS3035RES100mN2727800E4196800,Raster CRS3035RES100mN2727800E4196800,47.6517959,8.3483419,53,31,74,64,50,50
CRS3035RES100mN2727100E4189500,Raster CRS3035RES100mN2727100E4189500,47.6439885,8.2514695,53,32,74,62,50,50
CRS3035RES100mN2723000E4193100,Raster CRS3035RES100mN2723000E4193100,47.6078548,8.3005572,53,34,75,58,50,50
CRS3035RES100mN2725400E4181700,Raster CRS3035RES100mN2725400E4181700,47.6269863,8.1483016,53,29,65,78,50,50
CRS3035RES100mN2729000E4188700,Raster CRS3035RES100mN2729000E4188700,47.6609121,8.2402478,53,29,78,60,50,50
CRS3035RES100mN2726300E4192000,Raster CRS3035RES100mN2726300E4192000,47.6373174,8.284953,53,28,71,74,50,50
CRS3035RES100mN2726900E4197600,Raster CRS3035RES100mN2726900E4197600,47.6438584,8.3592396,53,31,79,59,50,50
CRS3035RES100mN2725700E4190900,Raster CRS3035RES100mN2725700E4190900,47.6316887,8.2705087,53,15,85,73,50,50
CRS3035RES100mN2725100E4195000,Raster CRS3035RES100mN2725100E4195000,47.627139,8.3251918,53,30,72,67,50,50
CRS3035RES100mN2727300E4196400,Raster CRS3035RES100mN2727300E4196400,47.6472168,8.3431666,53,27,79,64,50,50
CRS3035RES100mN2722200E4180600,Raster CRS3035RES100mN2722200E4180600,47.597948,8.1347209,53,29,76,66,50,50
CRS3035RES100mN2725600E4190600,Raster CRS3035RES100mN2725600E4190600,47.6307258,8.2665506,53,7,95,73,50,50
CRS3035RES100mN2725800E4193600,Raster CRS3035RES100mN2725800E4193600,47.6331504,8.3063743,53,30,70,70,50,50
CRS3035RES100mN2720600E4193500,Raster CRS3035RES100mN2720600E4193500,47.5863435,8.3065812,53,27,84,56,50,50
CRS3035RES100mN2723200E4182900,Raster CRS3035RES100mN2723200E4182900,47.6074623,8.1649573,53,27,67,77,50,50
CRS3035RES100mN2723400E4192300,Raster CRS3035RES100mN2723400E4192300,47.6112879,8.2898073,53,27,74,68,50,50
CRS3035RES100mN2729200E4198600,Raster CRS3035RES100mN2729200E4198600,47.6647511,8.3718837,52,11,81,80,50,50
CRS3035RES100mN2724600E4184800,Raster CRS3035RES100mN2724600E4184800,47.6204791,8.1897623,52,29,60,77,50,50
CRS3035RES100mN2728800E4188700,Raster CRS3035RES100mN2728800E4188700,47.6591127,8.2403092,52,5,86,81,50,50
CRS3035RES100mN2728100E4193700,Raster CRS3035RES100mN2728100E4193700,47.6538646,8.3070242,52,29,61,76,50,50
CRS3035RES100mN2726400E4197000,Raster CRS3035RES100mN2726400E4197000,47.6392397,8.3514048,52,30,73,59,50,50
CRS3035RES100mN2726400E4197100,Raster CRS3035RES100mN2726400E4197100,47.6392598,8.3527345,52,30,73,59,50,50
CRS3035RES100mN2725100E4185700,Raster CRS3035RES100mN2725100E4185700,47.625175,8.2015675,52,28,77,61,50,50
CRS3035RES100mN2728000E4197900,Raster CRS3035RES100mN2728000E4197900,47.6538153,8.3629146,52,13,78,79,50,50
CRS3035RES100mN2726200E4192000,Raster CRS3035RES100mN2726200E4192000,47.6364177,8.2849829,52,15,80,74,50,50
CRS3035RES100mN2721600E4180100,Raster CRS3035RES100mN2721600E4180100,47.5924363,8.128274,52,46,48,66,50,50
CRS3035RES100mN2723400E4192900,Raster CRS3035RES100mN2723400E4192900,47.6114124,8.2977808,52,7,95,68,50,50
CRS3035RES100mN2727300E4180100,Raster CRS3035RES100mN2727300E4180100,47.6437176,8.1264121,52,39,48,78,50,50
CRS3035RES100mN2719300E4198800,Raster CRS3035RES100mN2719300E4198800,47.5757152,8.3773491,52,32,72,57,50,50
CRS3035RES100mN2724900E4194800,Raster CRS3035RES100mN2724900E4194800,47.6252988,8.3225917,52,30,72,64,50,50
CRS3035RES100mN2726500E4197200,Raster CRS3035RES100mN2726500E4197200,47.6401796,8.3540354,52,29,75,59,50,50
CRS3035RES100mN2724200E4194900,Raster CRS3035RES100mN2724200E4194900,47.619021,8.3241257,52,30,72,64,50,50
CRS3035RES100mN2721900E4195100,Raster CRS3035RES100mN2721900E4195100,47.5983677,8.3274549,52,29,79,53,50,50
CRS3035RES100mN2726400E4191300,Raster CRS3035RES100mN2726400E4191300,47.6380707,8.2756158,52,50,43,71,50,50
CRS3035RES100mN2724400E4195000,Raster CRS3035RES100mN2724400E4195000,47.6208409,8.3253964,52,17,87,63,50,50
CRS3035RES100mN2726300E4191000,Raster CRS3035RES100mN2726300E4191000,47.637108,8.2716572,52,13,86,71,50,50
CRS3035RES100mN2725500E4193300,Raster CRS3035RES100mN2725500E4193300,47.6303894,8.3024747,52,8,91,70,50,50
CRS3035RES100mN2730200E4178400,Raster CRS3035RES100mN2730200E4178400,47.6694177,8.1028469,52,46,36,81,50,50
CRS3035RES100mN2721700E4194800,Raster CRS3035RES100mN2721700E4194800,47.5965071,8.3235275,52,11,99,58,50,50
CRS3035RES100mN2722800E4181600,Raster CRS3035RES100mN2722800E4181600,47.6035721,8.1478124,52,13,82,74,50,50
CRS3035RES100mN2728300E4198000,Raster CRS3035RES100mN2728300E4198000,47.6565344,8.3641589,52,15,75,80,50,50
CRS3035RES100mN2723600E4193000,Raster CRS3035RES100mN2723600E4193000,47.6132325,8.2990504,52,30,76,58,50,50
CRS3035RES100mN2726600E4192300,Raster CRS3035RES100mN2726600E4192300,47.640079,8.2888522,52,13,82,74,50,50
CRS3035RES100mN2724200E4195100,Raster CRS3035RES100mN2724200E4195100,47.6190618,8.3267839,52,30,71,63,50,50
CRS3035RES100mN2727900E4196800,Raster CRS3035RES100mN2727900E4196800,47.6526956,8.3483131,52,30,69,64,50,50
CRS3035RES100mN2723000E4183200,Raster CRS3035RES100mN2723000E4183200,47.6057298,8.1690074,52,14,77,78,50,50
CRS3035RES100mN2722900E4181400,Raster CRS3035RES100mN2722900E4181400,47.6044267,8.1451227,52,30,63,74,50,50
CRS3035RES100mN2728800E4198000,Raster CRS3035RES100mN2728800E4198000,47.6610331,8.3640161,52,9,84,80,50,50
CRS3035RES100mN2726100E4190500,Raster CRS3035RES100mN2726100E4190500,47.6352033,8.2650698,52,10,85,74,50,50
CRS3035RES100mN2725300E4193300,Raster CRS3035RES100mN2725300E4193300,47.6285899,8.302534,52,8,93,70,50,50
CRS3035RES100mN2720900E4178500,Raster CRS3035RES100mN2720900E4178500,47.5857723,8.107251,52,30,76,60,50,50
CRS3035RES100mN2725600E4191300,Raster CRS3035RES100mN2725600E4191300,47.630873,8.2758565,52,46,52,63,50,50
CRS3035RES100mN2724800E4185500,Raster CRS3035RES100mN2724800E4185500,47.6224322,8.1990033,52,29,61,78,50,50
CRS3035RES100mN2721700E4194600,Raster CRS3035RES100mN2721700E4194600,47.5964663,8.3208704,52,31,75,58,50,50
CRS3035RES100mN2725800E4191700,Raster CRS3035RES100mN2725800E4191700,47.6327562,8.2811142,52,10,94,63,50,50
CRS3035RES100mN2729000E4188800,Raster CRS3035RES100mN2729000E4188800,47.6609335,8.241578,52,29,75,60,50,50
CRS3035RES100mN2724000E4190700,Raster CRS3035RES100mN2724000E4190700,47.6163514,8.2683635,52,30,68,69,50,50
CRS3035RES100mN2723500E4192800,Raster CRS3035RES100mN2723500E4192800,47.6122914,8.2964222,52,8,92,68,50,50
CRS3035RES100mN2721300E4179800,Raster CRS3035RES100mN2721300E4179800,47.5896689,8.124387,52,28,71,66,50,50
CRS3035RES100mN2725200E4194000,Raster CRS3035RES100mN2725200E4194000,47.6278343,8.311869,52,9,93,68,50,50
CRS3035RES100mN2723700E4187600,Raster CRS3035RES100mN2723700E4187600,47.6129918,8.2272564,52,50,44,68,50,50
CRS3035RES100mN2724500E4185100,Raster CRS3035RES100mN2724500E4185100,47.6196454,8.1937811,52,28,62,78,50,50
CRS3035RES100mN2723800E4179000,Raster CRS3035RES100mN2723800E4179000,47.6119778,8.1129383,52,29,64,75,50,50
CRS3035RES100mN2725200E4180600,Raster CRS3035RES100mN2725200E4180600,47.6249383,8.1337447,52,11,87,70,50,50
CRS3035RES100mN2725800E4186400,Raster CRS3035RES100mN2725800E4186400,47.6316256,8.2106538,52,41,69,51,50,50
CRS3035RES100mN2725300E4181700,Raster CRS3035RES100mN2725300E4181700,47.6260866,8.1483339,52,9,83,78,50,50
CRS3035RES100mN2728400E4198500,Raster CRS3035RES100mN2728400E4198500,47.6575334,8.370781,52,11,80,80,50,50
CRS3035RES100mN2725900E4193700,Raster CRS3035RES100mN2725900E4193700,47.6340707,8.3076743,52,16,82,70,50,50
CRS3035RES100mN2726100E4190300,Raster CRS3035RES100mN2726100E4190300,47.6351611,8.2624108,52,20,74,74,50,50
CRS3035RES100mN2724400E4184700,Raster CRS3035RES100mN2724400E4184700,47.6186577,8.1884963,52,39,49,77,50,50
CRS3035RES100mN2726500E4192100,Raster CRS3035RES100mN2726500E4192100,47.6391377,8.2862228,51,42,46,74,50,50
CRS3035RES100mN2724000E4187800,Raster CRS3035RES100mN2724000E4187800,47.615734,8.2298217,51,6,91,71,50,50
CRS3035RES100mN2725100E4181500,Raster CRS3035RES100mN2725100E4181500,47.6242422,8.1457401,51,33,52,78,50,50
CRS3035RES100mN2723300E4187700,Raster CRS3035RES100mN2723300E4187700,47.6094145,8.2287089,51,5,94,68,50,50
CRS3035RES100mN2726000E4192000,Raster CRS3035RES100mN2726000E4192000,47.6346182,8.2850428,51,8,86,74,50,50
CRS3035RES100mN2729200E4198500,Raster CRS3035RES100mN2729200E4198500,47.6647313,8.3705534,51,4,85,80,50,50
CRS3035RES100mN2728800E4181700,Raster CRS3035RES100mN2728800E4181700,47.6575751,8.1472023,51,9,80,81,50,50
CRS3035RES100mN2726700E4188900,Raster CRS3035RES100mN2726700E4188900,47.6402619,8.2436136,51,31,78,48,50,50
CRS3035RES100mN2730700E4182900,Raster CRS3035RES100mN2730700E4182900,47.6749379,8.1625533,51,30,49,86,50,50
CRS3035RES100mN2727800E4180300,Raster CRS3035RES100mN2727800E4180300,47.6482614,8.1289082,51,9,80,78,50,50
CRS3035RES100mN2726400E4197300,Raster CRS3035RES100mN2726400E4197300,47.6392998,8.3553938,51,31,69,59,50,50
CRS3035RES100mN2729500E4199200,Raster CRS3035RES100mN2729500E4199200,47.6675688,8.3797808,51,2,87,79,50,50
CRS3035RES100mN2728800E4198200,Raster CRS3035RES100mN2728800E4198200,47.6610729,8.3666765,51,37,44,80,50,50
CRS3035RES100mN2725500E4190300,Raster CRS3035RES100mN2725500E4190300,47.6297628,8.2625927,51,46,42,73,50,50
CRS3035RES100mN2723200E4182500,Raster CRS3035RES100mN2723200E4182500,47.6073729,8.1596421,51,11,79,77,50,50
CRS3035RES100mN2728500E4197700,Raster CRS3035RES100mN2728500E4197700,47.6582741,8.3601113,51,30,54,79,50,50
CRS3035RES100mN2726800E4192400,Raster CRS3035RES100mN2726800E4192400,47.6418993,8.2901221,51,15,75,74,50,50
CRS3035RES100mN2725800E4190800,Raster CRS3035RES100mN2725800E4190800,47.6325674,8.2691491,51,29,61,73,50,50
CRS3035RES100mN2728800E4188800,Raster CRS3035RES100mN2728800E4188800,47.6591341,8.2416394,51,8,80,81,50,50
CRS3035RES100mN2727300E4197600,Raster CRS3035RES100mN2727300E4197600,47.6474574,8.359125,51,46,43,69,50,50
CRS3035RES100mN2725500E4186800,Raster CRS3035RES100mN2725500E4186800,47.6290134,8.2160648,51,31,77,51,50,50
CRS3035RES100mN2725000E4185900,Raster CRS3035RES100mN2725000E4185900,47.624319,8.2042574,51,30,70,61,50,50
CRS3035RES100mN2730600E4190400,Raster CRS3035RES100mN2730600E4190400,47.6756688,8.2623754,51,7,84,77,50,50
CRS3035RES100mN2724300E4188100,Raster CRS3035RES100mN2724300E4188100,47.6184976,8.2337163,51,23,70,69,50,50
CRS3035RES100mN2724800E4184400,Raster CRS3035RES100mN2724800E4184400,47.6221903,8.1843824,51,46,36,77,50,50
CRS3035RES100mN2725900E4190800,Raster CRS3035RES100mN2725900E4190800,47.6334671,8.2691188,51,4,89,73,50,50
CRS3035RES100mN2723400E4187700,Raster CRS3035RES100mN2723400E4187700,47.6103142,8.228678,51,12,84,68,50,50
CRS3035RES100mN2722000E4180600,Raster CRS3035RES100mN2722000E4180600,47.5961486,8.1347859,51,30,67,66,50,50
CRS3035RES100mN2726300E4191900,Raster CRS3035RES100mN2726300E4191900,47.6372965,8.2836234,51,12,81,71,50,50
CRS3035RES100mN2727700E4185900,Raster CRS3035RES100mN2727700E4185900,47.6486107,8.203411,51,30,78,49,50,50
CRS3035RES100mN2731100E4182300,Raster CRS3035RES100mN2731100E4182300,47.6784021,8.1544413,51,4,79,86,50,50
CRS3035RES100mN2725700E4190500,Raster CRS3035RES100mN2725700E4190500,47.6316044,8.2651909,51,11,84,73,50,50
CRS3035RES100mN2723500E4183000,Raster CRS3035RES100mN2723500E4183000,47.6101837,8.1661901,51,8,82,78,50,50
CRS3035RES100mN2726700E4192100,Raster CRS3035RES100mN2726700E4192100,47.6409371,8.2861629,51,7,87,74,50,50
CRS3035RES100mN2723400E4183400,Raster CRS3035RES100mN2723400E4183400,47.609373,8.1715374,51,2,90,78,50,50
CRS3035RES100mN2726800E4192100,Raster CRS3035RES100mN2726800E4192100,47.6418368,8.286133,51,12,81,74,50,50
CRS3035RES100mN2724400E4188000,Raster CRS3035RES100mN2724400E4188000,47.6193758,8.2323564,51,19,75,69,50,50
CRS3035RES100mN2725800E4192800,Raster CRS3035RES100mN2725800E4192800,47.6329851,8.2957385,51,30,65,65,50,50
CRS3035RES100mN2725200E4181600,Raster CRS3035RES100mN2725200E4181600,47.6251644,8.1470369,51,29,57,78,50,50
CRS3035RES100mN2727800E4185900,Raster CRS3035RES100mN2727800E4185900,47.6495104,8.2033796,51,46,58,49,50,50
CRS3035RES100mN2729000E4181600,Raster CRS3035RES100mN2729000E4181600,47.6593518,8.1458074,51,7,79,83,50,50
CRS3035RES100mN2728700E4188900,Raster CRS3035RES100mN2728700E4188900,47.6582558,8.2430002,51,15,72,81,50,50
CRS3035RES100mN2726800E4192200,Raster CRS3035RES100mN2726800E4192200,47.6418576,8.2874627,51,16,77,74,50,50
CRS3035RES100mN2725800E4193800,Raster CRS3035RES100mN2725800E4193800,47.6331916,8.3090333,51,17,76,70,50,50
CRS3035RES100mN2723700E4183500,Raster CRS3035RES100mN2723700E4183500,47.6120943,8.1727706,51,30,55,78,50,50
CRS3035RES100mN2726400E4197200,Raster CRS3035RES100mN2726400E4197200,47.6392798,8.3540642,51,31,69,59,50,50
CRS3035RES100mN2721100E4179600,Raster CRS3035RES100mN2721100E4179600,47.5878239,8.1217958,51,22,76,66,50,50
CRS3035RES100mN2719100E4195200,Raster CRS3035RES100mN2719100E4195200,47.5731949,8.3295987,51,28,75,57,50,50
CRS3035RES100mN2728000E4180400,Raster CRS3035RES100mN2728000E4180400,47.6500835,8.1301728,51,10,77,83,50,50
CRS3035RES100mN2726200E4192400,Raster CRS3035RES100mN2726200E4192400,47.636501,8.2903012,51,13,78,74,50,50
CRS3035RES100mN2731000E4182000,Raster CRS3035RES100mN2731000E4182000,47.6774351,8.1504818,51,14,70,86,50,50
CRS3035RES100mN2723600E4187600,Raster CRS3035RES100mN2723600E4187600,47.612092,8.2272873,51,37,55,68,50,50
CRS3035RES100mN2721000E4193100,Raster CRS3035RES100mN2721000E4193100,47.58986,8.3011496,51,29,75,57,50,50
CRS3035RES100mN2726600E4197100,Raster CRS3035RES100mN2726600E4197100,47.6410593,8.352677,51,28,75,59,50,50
CRS3035RES100mN2729000E4198200,Raster CRS3035RES100mN2729000E4198200,47.6628723,8.3666195,51,7,80,80,50,50
CRS3035RES100mN2724700E4186400,Raster CRS3035RES100mN2724700E4186400,47.6217289,8.2109971,51,31,61,71,50,50
CRS3035RES100mN2726500E4191800,Raster CRS3035RES100mN2726500E4191800,47.6390751,8.2822339,51,30,63,71,50,50
CRS3035RES100mN2730700E4182200,Raster CRS3035RES100mN2730700E4182200,47.6747811,8.1532398,51,9,74,86,50,50
CRS3035RES100mN2722100E4180700,Raster CRS3035RES100mN2722100E4180700,47.597071,8.1360819,50,18,77,66,50,50
CRS3035RES100mN2726700E4191900,Raster CRS3035RES100mN2726700E4191900,47.6408954,8.2835036,50,28,60,71,50,50
CRS3035RES100mN2721800E4194700,Raster CRS3035RES100mN2721800E4194700,47.5973865,8.3221697,50,33,62,58,50,50
CRS3035RES100mN2724100E4178800,Raster CRS3035RES100mN2724100E4178800,47.6146309,8.1101817,50,12,77,75,50,50
CRS3035RES100mN2726000E4190600,Raster CRS3035RES100mN2726000E4190600,47.6343247,8.2664296,50,2,90,74,50,50
CRS3035RES100mN2725900E4193900,Raster CRS3035RES100mN2725900E4193900,47.6341118,8.3103333,50,14,79,70,50,50
CRS3035RES100mN2727900E4180400,Raster CRS3035RES100mN2727900E4180400,47.6491838,8.1302054,50,9,75,78,50,50
CRS3035RES100mN2723700E4183300,Raster CRS3035RES100mN2723700E4183300,47.6120499,8.1701128,50,11,75,78,50,50
CRS3035RES100mN2727000E4188700,Raster CRS3035RES100mN2727000E4188700,47.6429182,8.2408622,50,30,78,47,50,50
CRS3035RES100mN2723300E4182600,Raster CRS3035RES100mN2723300E4182600,47.608295,8.1609389,50,12,72,77,50,50
CRS3035RES100mN2727500E4196500,Raster CRS3035RES100mN2727500E4196500,47.6490364,8.3444387,50,29,62,64,50,50
CRS3035RES100mN2720700E4193700,Raster CRS3035RES100mN2720700E4193700,47.5872844,8.3092083,50,34,64,56,50,50
CRS3035RES100mN2730900E4183000,Raster CRS3035RES100mN2730900E4183000,47.6767595,8.1638197,50,5,75,85,50,50
CRS3035RES100mN2723300E4192500,Raster CRS3035RES100mN2723300E4192500,47.6104297,8.2924949,50,15,79,68,50,50
CRS3035RES100mN2725100E4180600,Raster CRS3035RES100mN2725100E4180600,47.6240386,8.1337773,50,4,89,70,50,50
CRS3035RES100mN2728400E4198000,Raster CRS3035RES100mN2728400E4198000,47.6574342,8.3641304,50,2,84,80,50,50
CRS3035RES100mN2726100E4192100,Raster CRS3035RES100mN2726100E4192100,47.6355388,8.2863424,50,2,89,74,50,50
CRS3035RES100mN2726000E4193900,Raster CRS3035RES100mN2726000E4193900,47.6350116,8.3103038,50,12,80,70,50,50
CRS3035RES100mN2725700E4186800,Raster CRS3035RES100mN2725700E4186800,47.6308128,8.2160026,50,46,56,51,50,50
CRS3035RES100mN2724600E4187400,Raster CRS3035RES100mN2724600E4187400,47.621046,8.2243198,50,50,35,71,50,50
CRS3035RES100mN2727900E4196900,Raster CRS3035RES100mN2727900E4196900,47.6527157,8.3496431,50,27,67,64,50,50
CRS3035RES100mN2728700E4197900,Raster CRS3035RES100mN2728700E4197900,47.6601135,8.3627145,50,4,82,79,50,50
CRS3035RES100mN2726200E4192600,Raster CRS3035RES100mN2726200E4192600,47.6365425,8.2929603,50,15,74,74,50,50
CRS3035RES100mN2730500E4182700,Raster CRS3035RES100mN2730500E4182700,47.6730938,8.1599566,50,5,77,86,50,50
CRS3035RES100mN2726300E4184000,Raster CRS3035RES100mN2726300E4184000,47.6355971,8.1785891,50,29,75,50,50,50
CRS3035RES100mN2725000E4194500,Raster CRS3035RES100mN2725000E4194500,47.6261373,8.3185745,50,31,58,68,50,50
CRS3035RES100mN2728600E4188600,Raster CRS3035RES100mN2728600E4188600,47.657292,8.2390406,50,2,81,81,50,50
CRS3035RES100mN2723300E4182500,Raster CRS3035RES100mN2723300E4182500,47.6082726,8.1596101,50,13,72,77,50,50
CRS3035RES100mN2723200E4182600,Raster CRS3035RES100mN2723200E4182600,47.6073953,8.1609709,50,7,79,77,50,50
CRS3035RES100mN2721200E4180000,Raster CRS3035RES100mN2721200E4180000,47.5888148,8.1270762,50,13,80,66,50,50
CRS3035RES100mN2728500E4188900,Raster CRS3035RES100mN2728500E4188900,47.6564564,8.2430616,50,6,76,81,50,50
CRS3035RES100mN2728900E4181400,Raster CRS3035RES100mN2728900E4181400,47.658407,8.1431797,50,12,70,81,50,50
CRS3035RES100mN2726200E4192200,Raster CRS3035RES100mN2726200E4192200,47.6364593,8.2876421,50,12,78,74,50,50
CRS3035RES100mN2727900E4180200,Raster CRS3035RES100mN2727900E4180200,47.6491383,8.1275457,50,11,75,78,50,50
CRS3035RES100mN2728600E4187400,Raster CRS3035RES100mN2728600E4187400,47.6570338,8.2230796,50,33,67,55,50,50
CRS3035RES100mN2731000E4182300,Raster CRS3035RES100mN2731000E4182300,47.6775025,8.1544735,50,10,71,86,50,50
CRS3035RES100mN2724100E4187700,Raster CRS3035RES100mN2724100E4187700,47.6166121,8.2284617,50,9,83,71,50,50
CRS3035RES100mN2727600E4196800,Raster CRS3035RES100mN2727600E4196800,47.6499964,8.3483996,50,10,86,64,50,50
CRS3035RES100mN2725900E4193600,Raster CRS3035RES100mN2725900E4193600,47.6340501,8.3063448,50,14,76,70,50,50
CRS3035RES100mN2725800E4191100,Raster CRS3035RES100mN2725800E4191100,47.6326304,8.2731374,50,46,46,63,50,50
CRS3035RES100mN2721200E4178600,Raster CRS3035RES100mN2721200E4178600,47.5884944,8.1084804,50,29,67,62,50,50
CRS3035RES100mN2721100E4179500,Raster CRS3035RES100mN2721100E4179500,47.587801,8.1204676,50,19,73,66,50,50
CRS3035RES100mN2724200E4187700,Raster CRS3035RES100mN2724200E4187700,47.6175118,8.2284308,50,14,78,71,50,50
CRS3035RES100mN2728000E4185600,Raster CRS3035RES100mN2728000E4185600,47.6512441,8.1993271,50,9,90,63,50,50
CRS3035RES100mN2724000E4179000,Raster CRS3035RES100mN2724000E4179000,47.6137771,8.1128725,50,9,82,74,50,50
CRS3035RES100mN2723700E4183400,Raster CRS3035RES100mN2723700E4183400,47.6120721,8.1714417,50,8,76,78,50,50
CRS3035RES100mN2730500E4183800,Raster CRS3035RES100mN2730500E4183800,47.673339,8.1745918,50,7,75,85,50,50
CRS3035RES100mN2728700E4188800,Raster CRS3035RES100mN2728700E4188800,47.6582344,8.2416701,50,11,74,81,50,50
CRS3035RES100mN2722000E4194400,Raster CRS3035RES100mN2722000E4194400,47.5991247,8.3181254,50,27,72,59,50,50
CRS3035RES100mN2727700E4180500,Raster CRS3035RES100mN2727700E4180500,47.6474072,8.1316005,50,10,76,78,50,50
CRS3035RES100mN2728200E4197900,Raster CRS3035RES100mN2728200E4197900,47.6556148,8.3628574,50,11,75,79,50,50
CRS3035RES100mN2728900E4198100,Raster CRS3035RES100mN2728900E4198100,47.6619527,8.3653178,50,11,74,80,50,50
CRS3035RES100mN2727700E4197100,Raster CRS3035RES100mN2727700E4197100,47.6509563,8.3523606,50,33,54,69,50,50
CRS3035RES100mN2725700E4193400,Raster CRS3035RES100mN2725700E4193400,47.6322095,8.303745,50,15,76,70,50,50
CRS3035RES100mN2724400E4194900,Raster CRS3035RES100mN2724400E4194900,47.6208205,8.3240672,50,8,88,64,50,50
CRS3035RES100mN2725700E4186600,Raster CRS3035RES100mN2725700E4186600,47.6307694,8.2133438,50,27,76,51,50,50
CRS3035RES100mN2725900E4193100,Raster CRS3035RES100mN2725900E4193100,47.6339469,8.2996972,50,11,80,70,50,50
CRS3035RES100mN2726000E4190700,Raster CRS3035RES100mN2726000E4190700,47.6343457,8.2677591,50,8,81,74,50,50
CRS3035RES100mN2723900E4178900,Raster CRS3035RES100mN2723900E4178900,47.6128545,8.1115765,50,29,74,54,50,50
CRS3035RES100mN2728100E4198000,Raster CRS3035RES100mN2728100E4198000,47.654735,8.3642161,50,10,75,80,50,50
CRS3035RES100mN2728600E4188800,Raster CRS3035RES100mN2728600E4188800,47.6573348,8.2417008,50,13,69,81,50,50
CRS3035RES100mN2725000E4180600,Raster CRS3035RES100mN2725000E4180600,47.623139,8.1338098,49,5,83,70,50,50
CRS3035RES100mN2728200E4193700,Raster CRS3035RES100mN2728200E4193700,47.6547643,8.3069947,49,4,80,76,50,50
CRS3035RES100mN2723000E4182900,Raster CRS3035RES100mN2723000E4182900,47.6056629,8.1650212,49,11,70,77,50,50
CRS3035RES100mN2725000E4195200,Raster CRS3035RES100mN2725000E4195200,47.62628,8.3278797,49,5,86,67,50,50
CRS3035RES100mN2724500E4194600,Raster CRS3035RES100mN2724500E4194600,47.621659,8.3200504,49,9,84,64,50,50
CRS3035RES100mN2718900E4198500,Raster CRS3035RES100mN2718900E4198500,47.5720568,8.3734783,49,12,83,59,50,50
CRS3035RES100mN2731300E4193600,Raster CRS3035RES100mN2731300E4193600,47.6826347,8.3047468,49,8,80,72,50,50
CRS3035RES100mN2727000E4189600,Raster CRS3035RES100mN2727000E4189600,47.6431101,8.2528297,49,14,79,62,50,50
CRS3035RES100mN2727700E4185800,Raster CRS3035RES100mN2727700E4185800,47.6485888,8.2020811,49,37,64,49,50,50
CRS3035RES100mN2727600E4180600,Raster CRS3035RES100mN2727600E4180600,47.6465303,8.1329629,49,9,71,78,50,50
CRS3035RES100mN2725900E4184300,Raster CRS3035RES100mN2725900E4184300,47.6320648,8.1827045,49,30,67,53,50,50
CRS3035RES100mN2719200E4198800,Raster CRS3035RES100mN2719200E4198800,47.5748154,8.3773774,49,17,81,57,50,50
CRS3035RES100mN2724200E4187600,Raster CRS3035RES100mN2724200E4187600,47.6174903,8.2271018,49,7,79,71,50,50
CRS3035RES100mN2723800E4179200,Raster CRS3035RES100mN2723800E4179200,47.6120237,8.115596,49,11,71,75,50,50
CRS3035RES100mN2729600E4199200,Raster CRS3035RES100mN2729600E4199200,47.6684686,8.3797525,49,9,73,79,50,50
CRS3035RES100mN2725200E4193500,Raster CRS3035RES100mN2725200E4193500,47.6277314,8.3052223,49,11,75,70,50,50
CRS3035RES100mN2730700E4199100,Raster CRS3035RES100mN2730700E4199100,47.6783459,8.3781103,49,13,79,62,50,50
CRS3035RES100mN2721000E4179400,Raster CRS3035RES100mN2721000E4179400,47.5868785,8.1191721,49,11,80,66,50,50
CRS3035RES100mN2726000E4193400,Raster CRS3035RES100mN2726000E4193400,47.6349086,8.3036562,49,11,75,70,50,50
CRS3035RES100mN2730500E4199000,Raster CRS3035RES100mN2730500E4199000,47.6765267,8.3768364,49,15,79,62,50,50
CRS3035RES100mN2725500E4186600,Raster CRS3035RES100mN2725500E4186600,47.62897,8.2134061,49,53,42,51,50,50
CRS3035RES100mN2726000E4193700,Raster CRS3035RES100mN2726000E4193700,47.6349704,8.3076448,49,11,77,70,50,50
CRS3035RES100mN2723300E4182800,Raster CRS3035RES100mN2723300E4182800,47.6083397,8.1635965,49,8,75,77,50,50
CRS3035RES100mN2721000E4179500,Raster CRS3035RES100mN2721000E4179500,47.5869014,8.1205003,49,15,77,66,50,50
CRS3035RES100mN2726200E4190600,Raster CRS3035RES100mN2726200E4190600,47.6361241,8.2663691,49,4,82,74,50,50
CRS3035RES100mN2722300E4181200,Raster CRS3035RES100mN2722300E4181200,47.5989835,8.1426596,49,9,76,74,50,50
CRS3035RES100mN2723300E4183500,Raster CRS3035RES100mN2723300E4183500,47.6084956,8.1728981,49,3,79,78,50,50
CRS3035RES100mN2728000E4180300,Raster CRS3035RES100mN2728000E4180300,47.6500607,8.1288429,49,7,70,83,50,50
CRS3035RES100mN2731200E4193600,Raster CRS3035RES100mN2731200E4193600,47.681735,8.3047764,49,2,86,72,50,50
CRS3035RES100mN2723500E4192400,Raster CRS3035RES100mN2723500E4192400,47.6122084,8.2911064,49,13,76,68,50,50
CRS3035RES100mN2725000E4187600,Raster CRS3035RES100mN2725000E4187600,47.6246879,8.2268543,49,2,87,72,50,50
CRS3035RES100mN2725900E4193800,Raster CRS3035RES100mN2725900E4193800,47.6340913,8.3090038,49,11,78,70,50,50
CRS3035RES100mN2723000E4183100,Raster CRS3035RES100mN2723000E4183100,47.6057075,8.1676787,49,12,71,78,50,50
CRS3035RES100mN2726400E4183900,Raster CRS3035RES100mN2726400E4183900,47.6364746,8.1772278,49,33,65,51,50,50
CRS3035RES100mN2723000E4192800,Raster CRS3035RES100mN2723000E4192800,47.6077927,8.2965707,49,9,80,68,50,50
CRS3035RES100mN2723600E4183200,Raster CRS3035RES100mN2723600E4183200,47.6111279,8.1688159,49,2,81,78,50,50
CRS3035RES100mN2725800E4190500,Raster CRS3035RES100mN2725800E4190500,47.6325042,8.2651607,49,9,76,73,50,50
CRS3035RES100mN2726900E4197400,Raster CRS3035RES100mN2726900E4197400,47.6438185,8.3565801,49,11,86,59,50,50
CRS3035RES100mN2722700E4178100,Raster CRS3035RES100mN2722700E4178100,47.6018743,8.1013427,49,4,79,76,50,50
CRS3035RES100mN2731200E4193700,Raster CRS3035RES100mN2731200E4193700,47.6817556,8.3061071,49,3,84,72,50,50
CRS3035RES100mN2727900E4197200,Raster CRS3035RES100mN2727900E4197200,47.6527758,8.3536331,49,10,79,69,50,50
CRS3035RES100mN2725300E4186900,Raster CRS3035RES100mN2725300E4186900,47.6272357,8.2174564,49,28,70,51,50,50
CRS3035RES100mN2723800E4183400,Raster CRS3035RES100mN2723800E4183400,47.6129718,8.1714098,49,6,75,78,50,50
CRS3035RES100mN2719100E4198500,Raster CRS3035RES100mN2719100E4198500,47.5738563,8.3734217,49,10,87,57,50,50
CRS3035RES100mN2724500E4188000,Raster CRS3035RES100mN2724500E4188000,47.6202755,8.2323255,49,11,76,69,50,50
CRS3035RES100mN2724300E4194900,Raster CRS3035RES100mN2724300E4194900,47.6199208,8.3240964,49,12,80,64,50,50
CRS3035RES100mN2719000E4198600,Raster CRS3035RES100mN2719000E4198600,47.5729763,8.374778,49,7,91,57,50,50
CRS3035RES100mN2726100E4193900,Raster CRS3035RES100mN2726100E4193900,47.6359113,8.3102743,49,13,73,70,50,50
CRS3035RES100mN2728200E4193900,Raster CRS3035RES100mN2728200E4193900,47.6548054,8.3096548,49,5,79,76,50,50
CRS3035RES100mN2722300E4181300,Raster CRS3035RES100mN2722300E4181300,47.599006,8.1439882,49,10,74,74,50,50
CRS3035RES100mN2731200E4182100,Raster CRS3035RES100mN2731200E4182100,47.6792569,8.1517478,49,5,70,86,50,50
CRS3035RES100mN2721100E4193400,Raster CRS3035RES100mN2721100E4193400,47.5908217,8.3051052,49,29,66,57,50,50
CRS3035RES100mN2724800E4185200,Raster CRS3035RES100mN2724800E4185200,47.6223664,8.1950158,49,4,77,78,50,50
CRS3035RES100mN2725100E4180400,Raster CRS3035RES100mN2725100E4180400,47.6239932,8.1311189,49,9,80,70,50,50
CRS3035RES100mN2727600E4180500,Raster CRS3035RES100mN2727600E4180500,47.6465076,8.1316331,49,6,75,78,50,50
CRS3035RES100mN2725500E4193500,Raster CRS3035RES100mN2725500E4193500,47.6304306,8.3051336,49,7,80,70,50,50
CRS3035RES100mN2725400E4187000,Raster CRS3035RES100mN2725400E4187000,47.6281571,8.2187546,49,8,77,72,50,50
CRS3035RES100mN2724300E4195100,Raster CRS3035RES100mN2724300E4195100,47.6199615,8.3267547,49,6,88,63,50,50
CRS3035RES100mN2727400E4196300,Raster CRS3035RES100mN2727400E4196300,47.6480963,8.3418078,49,15,78,64,50,50
CRS3035RES100mN2725200E4194600,Raster CRS3035RES100mN2725200E4194600,47.6279572,8.3198452,49,10,81,68,50,50
CRS3035RES100mN2725900E4194000,Raster CRS3035RES100mN2725900E4194000,47.6341324,8.3116628,49,12,77,68,50,50
CRS3035RES100mN2730900E4182100,Raster CRS3035RES100mN2730900E4182100,47.6765579,8.1518447,49,6,71,86,50,50
CRS3035RES100mN2728100E4197900,Raster CRS3035RES100mN2728100E4197900,47.6547151,8.362886,49,6,74,79,50,50
CRS3035RES100mN2725200E4180500,Raster CRS3035RES100mN2725200E4180500,47.6249156,8.1324155,49,6,81,70,50,50
CRS3035RES100mN2725000E4194800,Raster CRS3035RES100mN2725000E4194800,47.6261985,8.3225624,49,6,83,68,50,50
CRS3035RES100mN2723000E4182800,Raster CRS3035RES100mN2723000E4182800,47.6056406,8.1636925,49,10,74,77,50,50
CRS3035RES100mN2725900E4193500,Raster CRS3035RES100mN2725900E4193500,47.6340295,8.3050153,49,15,73,70,50,50
CRS3035RES100mN2728100E4185500,Raster CRS3035RES100mN2728100E4185500,47.6521219,8.1979657,49,30,58,63,50,50
CRS3035RES100mN2726100E4192600,Raster CRS3035RES100mN2726100E4192600,47.6356428,8.2929901,49,3,83,74,50,50
CRS3035RES100mN2721700E4194900,Raster CRS3035RES100mN2721700E4194900,47.5965275,8.3248561,49,7,90,58,50,50
CRS3035RES100mN2726100E4191900,Raster CRS3035RES100mN2726100E4191900,47.6354971,8.2836833,49,2,86,71,50,50
CRS3035RES100mN2719800E4178000,Raster CRS3035RES100mN2719800E4178000,47.5757606,8.100974,49,28,63,61,50,50
CRS3035RES100mN2727800E4197000,Raster CRS3035RES100mN2727800E4197000,47.651836,8.3510019,49,12,75,69,50,50
CRS3035RES100mN2724100E4178900,Raster CRS3035RES100mN2724100E4178900,47.6146538,8.1115106,49,2,84,75,50,50
CRS3035RES100mN2728600E4197800,Raster CRS3035RES100mN2728600E4197800,47.6591938,8.3614129,49,2,82,79,50,50
CRS3035RES100mN2728000E4197800,Raster CRS3035RES100mN2728000E4197800,47.6537954,8.3615846,49,6,74,79,50,50
CRS3035RES100mN2720800E4178800,Raster CRS3035RES100mN2720800E4178800,47.5849416,8.1112686,49,30,61,60,50,50
CRS3035RES100mN2724800E4195200,Raster CRS3035RES100mN2724800E4195200,47.6244805,8.327938,49,46,40,63,50,50
CRS3035RES100mN2726700E4192000,Raster CRS3035RES100mN2726700E4192000,47.6409162,8.2848333,49,6,78,74,50,50
CRS3035RES100mN2724700E4188100,Raster CRS3035RES100mN2724700E4188100,47.6220964,8.233593,49,14,74,69,50,50
CRS3035RES100mN2725100E4195100,Raster CRS3035RES100mN2725100E4195100,47.6271594,8.3265212,49,15,75,67,50,50
CRS3035RES100mN2728500E4198600,Raster CRS3035RES100mN2728500E4198600,47.658453,8.3720828,49,3,78,80,50,50
CRS3035RES100mN2724800E4187200,Raster CRS3035RES100mN2724800E4187200,47.6228021,8.2215994,49,5,85,71,50,50
CRS3035RES100mN2730900E4182000,Raster CRS3035RES100mN2730900E4182000,47.6765354,8.1505141,49,5,73,86,50,50
CRS3035RES100mN2725800E4193500,Raster CRS3035RES100mN2725800E4193500,47.6331298,8.3050448,49,6,84,70,50,50
CRS3035RES100mN2726900E4189000,Raster CRS3035RES100mN2726900E4189000,47.6420826,8.244882,49,8,83,65,50,50
CRS3035RES100mN2728000E4198000,Raster CRS3035RES100mN2728000E4198000,47.6538352,8.3642446,49,6,76,80,50,50
CRS3035RES100mN2727700E4188900,Raster CRS3035RES100mN2727700E4188900,47.6492589,8.243307,48,46,48,47,50,50
CRS3035RES100mN2727300E4197500,Raster CRS3035RES100mN2727300E4197500,47.6474374,8.3577952,48,9,76,69,50,50
CRS3035RES100mN2721200E4180200,Raster CRS3035RES100mN2721200E4180200,47.5888603,8.1297328,48,7,80,66,50,50
CRS3035RES100mN2725400E4180600,Raster CRS3035RES100mN2725400E4180600,47.6267377,8.1336796,48,5,82,70,50,50
CRS3035RES100mN2724900E4194700,Raster CRS3035RES100mN2724900E4194700,47.6252784,8.3212624,48,8,83,64,50,50
CRS3035RES100mN2728300E4198100,Raster CRS3035RES100mN2728300E4198100,47.6565543,8.365489,48,8,70,80,50,50
CRS3035RES100mN2720900E4178700,Raster CRS3035RES100mN2720900E4178700,47.5858183,8.1099074,48,12,78,60,50,50
CRS3035RES100mN2730800E4181800,Raster CRS3035RES100mN2730800E4181800,47.6755907,8.1478854,48,8,64,84,50,50
CRS3035RES100mN2723900E4188000,Raster CRS3035RES100mN2723900E4188000,47.6148773,8.2325105,48,28,68,50,50,50
CRS3035RES100mN2722700E4178000,Raster CRS3035RES100mN2722700E4178000,47.6018512,8.100014,48,4,77,76,50,50
CRS3035RES100mN2730800E4181900,Raster CRS3035RES100mN2730800E4181900,47.6756133,8.1492159,48,2,72,84,50,50
CRS3035RES100mN2726100E4191000,Raster CRS3035RES100mN2726100E4191000,47.6353086,8.2717175,48,50,26,71,50,50
CRS3035RES100mN2728500E4197100,Raster CRS3035RES100mN2728500E4197100,47.6581542,8.3521304,48,7,69,79,50,50
CRS3035RES100mN2725600E4193600,Raster CRS3035RES100mN2725600E4193600,47.6313509,8.3064334,48,11,74,70,50,50
CRS3035RES100mN2728300E4197700,Raster CRS3035RES100mN2728300E4197700,47.6564747,8.3601686,48,7,70,79,50,50
CRS3035RES100mN2726300E4192400,Raster CRS3035RES100mN2726300E4192400,47.6374007,8.2902714,48,11,69,74,50,50
CRS3035RES100mN2719100E4198800,Raster CRS3035RES100mN2719100E4198800,47.5739156,8.3774056,48,10,85,57,50,50
CRS3035RES100mN2725900E4190600,Raster CRS3035RES100mN2725900E4190600,47.633425,8.2664599,48,11,69,73,50,50
CRS3035RES100mN2725600E4193400,Raster CRS3035RES100mN2725600E4193400,47.6313097,8.3037746,48,12,73,70,50,50
CRS3035RES100mN2725200E4180700,Raster CRS3035RES100mN2725200E4180700,47.624961,8.1350739,48,4,83,70,50,50
CRS3035RES100mN2731000E4182100,Raster CRS3035RES100mN2731000E4182100,47.6774575,8.1518124,48,6,67,86,50,50
CRS3035RES100mN2724400E4194800,Raster CRS3035RES100mN2724400E4194800,47.6208001,8.322738,48,4,85,64,50,50
CRS3035RES100mN2726200E4190900,Raster CRS3035RES100mN2726200E4190900,47.6361873,8.2703578,48,8,75,74,50,50
CRS3035RES100mN2726800E4197400,Raster CRS3035RES100mN2726800E4197400,47.6429188,8.3566088,48,13,79,59,50,50
CRS3035RES100mN2723400E4187500,Raster CRS3035RES100mN2723400E4187500,47.6102711,8.2260203,48,31,49,68,50,50
CRS3035RES100mN2727400E4196600,Raster CRS3035RES100mN2727400E4196600,47.6481568,8.3457975,48,15,73,64,50,50
CRS3035RES100mN2727000E4197600,Raster CRS3035RES100mN2727000E4197600,47.6447582,8.359211,48,6,78,69,50,50
CRS3035RES100mN2730400E4189100,Raster CRS3035RES100mN2730400E4189100,47.6735933,8.2451394,48,6,75,73,50,50
CRS3035RES100mN2727500E4180900,Raster CRS3035RES100mN2727500E4180900,47.6456987,8.1369847,48,5,74,78,50,50
CRS3035RES100mN2729100E4198500,Raster CRS3035RES100mN2729100E4198500,47.6638316,8.3705818,48,5,71,80,50,50
CRS3035RES100mN2727500E4196700,Raster CRS3035RES100mN2727500E4196700,47.6490766,8.3470985,48,5,84,64,50,50
CRS3035RES100mN2722900E4178100,Raster CRS3035RES100mN2722900E4178100,47.6036736,8.1012764,48,6,75,76,50,50
CRS3035RES100mN2725000E4187700,Raster CRS3035RES100mN2725000E4187700,47.6247095,8.2281836,48,6,78,72,50,50
CRS3035RES100mN2723400E4182900,Raster CRS3035RES100mN2723400E4182900,47.6092617,8.1648933,48,7,74,77,50,50
CRS3035RES100mN2723000E4183000,Raster CRS3035RES100mN2723000E4183000,47.6056852,8.16635,48,13,66,78,50,50
CRS3035RES100mN2725100E4194600,Raster CRS3035RES100mN2725100E4194600,47.6270574,8.3198745,48,3,83,68,50,50
CRS3035RES100mN2726100E4190200,Raster CRS3035RES100mN2726100E4190200,47.6351399,8.2610813,48,9,73,74,50,50
CRS3035RES100mN2721800E4194800,Raster CRS3035RES100mN2721800E4194800,47.5974068,8.3234983,48,9,83,58,50,50
CRS3035RES100mN2726900E4197200,Raster CRS3035RES100mN2726900E4197200,47.6437785,8.3539205,48,15,75,59,50,50
CRS3035RES100mN2723300E4182900,Raster CRS3035RES100mN2723300E4182900,47.608362,8.1649253,48,6,75,77,50,50
CRS3035RES100mN2728500E4198200,Raster CRS3035RES100mN2728500E4198200,47.6583737,8.3667621,48,2,75,80,50,50
CRS3035RES100mN2723100E4192800,Raster CRS3035RES100mN2723100E4192800,47.6086925,8.296541,48,2,85,68,50,50
CRS3035RES100mN2728200E4198000,Raster CRS3035RES100mN2728200E4198000,47.6556347,8.3641875,48,6,69,80,50,50
CRS3035RES100mN2724800E4195400,Raster CRS3035RES100mN2724800E4195400,47.6245212,8.3305966,48,12,77,63,50,50
CRS3035RES100mN2725200E4194700,Raster CRS3035RES100mN2725200E4194700,47.6279776,8.3211745,48,11,75,68,50,50
CRS3035RES100mN2725600E4193500,Raster CRS3035RES100mN2725600E4193500,47.6313303,8.305104,48,12,72,70,50,50
CRS3035RES100mN2728100E4197800,Raster CRS3035RES100mN2728100E4197800,47.6546951,8.3615559,48,10,68,79,50,50
CRS3035RES100mN2728300E4197900,Raster CRS3035RES100mN2728300E4197900,47.6565145,8.3628288,48,9,70,79,50,50
CRS3035RES100mN2731100E4182200,Raster CRS3035RES100mN2731100E4182200,47.6783797,8.1531107,48,3,68,86,50,50
CRS3035RES100mN2726900E4189300,Raster CRS3035RES100mN2726900E4189300,47.6421466,8.2488711,48,2,87,65,50,50
CRS3035RES100mN2726000E4193600,Raster CRS3035RES100mN2726000E4193600,47.6349498,8.3063152,48,9,75,70,50,50
CRS3035RES100mN2728600E4198600,Raster CRS3035RES100mN2728600E4198600,47.6593527,8.3720543,48,9,66,80,50,50
CRS3035RES100mN2725200E4193900,Raster CRS3035RES100mN2725200E4193900,47.6278137,8.3105397,48,9,76,70,50,50
CRS3035RES100mN2721200E4179900,Raster CRS3035RES100mN2721200E4179900,47.588792,8.1257479,48,9,79,66,50,50
CRS3035RES100mN2731300E4194100,Raster CRS3035RES100mN2731300E4194100,47.6827376,8.3114006,48,46,28,75,50,50
CRS3035RES100mN2724100E4195000,Raster CRS3035RES100mN2724100E4195000,47.6181417,8.325484,48,12,79,63,50,50
CRS3035RES100mN2725000E4187800,Raster CRS3035RES100mN2725000E4187800,47.624731,8.2295128,48,9,75,72,50,50
CRS3035RES100mN2724500E4187900,Raster CRS3035RES100mN2724500E4187900,47.620254,8.2309964,48,10,74,71,50,50
CRS3035RES100mN2726900E4197700,Raster CRS3035RES100mN2726900E4197700,47.6438784,8.3605694,48,46,39,59,50,50
CRS3035RES100mN2725300E4187000,Raster CRS3035RES100mN2725300E4187000,47.6272574,8.2187857,48,10,72,72,50,50
CRS3035RES100mN2724600E4195200,Raster CRS3035RES100mN2724600E4195200,47.6226811,8.3279964,48,6,84,63,50,50
CRS3035RES100mN2726800E4189100,Raster CRS3035RES100mN2726800E4189100,47.6412043,8.2462423,48,4,84,65,50,50
CRS3035RES100mN2721300E4180000,Raster CRS3035RES100mN2721300E4180000,47.5897145,8.1270436,48,13,74,66,50,50
CRS3035RES100mN2727900E4197000,Raster CRS3035RES100mN2727900E4197000,47.6527358,8.3509731,48,10,73,69,50,50
CRS3035RES100mN2724100E4195200,Raster CRS3035RES100mN2724100E4195200,47.6181824,8.3281422,48,8,81,63,50,50
CRS3035RES100mN2728200E4197800,Raster CRS3035RES100mN2728200E4197800,47.6555949,8.3615273,48,5,74,79,50,50
CRS3035RES100mN2729900E4199200,Raster CRS3035RES100mN2729900E4199200,47.6711678,8.3796675,48,9,70,79,50,50
CRS3035RES100mN2726000E4193800,Raster CRS3035RES100mN2726000E4193800,47.634991,8.3089743,48,10,73,70,50,50
CRS3035RES100mN2725700E4191500,Raster CRS3035RES100mN2725700E4191500,47.6318146,8.2784853,48,46,38,63,50,50
CRS3035RES100mN2727800E4196900,Raster CRS3035RES100mN2727800E4196900,47.651816,8.3496719,48,10,77,64,50,50
CRS3035RES100mN2721900E4194400,Raster CRS3035RES100mN2721900E4194400,47.5982249,8.3181547,48,11,83,58,50,50
CRS3035RES100mN2726000E4191600,Raster CRS3035RES100mN2726000E4191600,47.6345347,8.2797247,48,9,73,71,50,50
CRS3035RES100mN2727900E4198000,Raster CRS3035RES100mN2727900E4198000,47.6529355,8.3642732,48,5,73,80,50,50
CRS3035RES100mN2722000E4180400,Raster CRS3035RES100mN2722000E4180400,47.5961032,8.1321289,48,10,76,66,50,50
CRS3035RES100mN2728600E4198100,Raster CRS3035RES100mN2728600E4198100,47.6592535,8.3654034,48,2,75,80,50,50
CRS3035RES100mN2721000E4178600,Raster CRS3035RES100mN2721000E4178600,47.586695,8.1085463,48,46,36,62,50,50
CRS3035RES100mN2725400E4181800,Raster CRS3035RES100mN2725400E4181800,47.6270088,8.1496308,48,10,68,78,50,50
CRS3035RES100mN2729100E4186900,Raster CRS3035RES100mN2729100E4186900,47.661424,8.2162735,48,30,62,56,50,50
CRS3035RES100mN2726000E4190400,Raster CRS3035RES100mN2726000E4190400,47.6342825,8.2637706,48,11,71,74,50,50
CRS3035RES100mN2724700E4195300,Raster CRS3035RES100mN2724700E4195300,47.6236011,8.3292965,47,10,77,63,50,50
CRS3035RES100mN2730500E4182800,Raster CRS3035RES100mN2730500E4182800,47.6731162,8.1612871,47,5,62,86,50,50
CRS3035RES100mN2727400E4189100,Raster CRS3035RES100mN2727400E4189100,47.6466025,8.2460586,47,7,80,62,50,50
CRS3035RES100mN2727900E4197100,Raster CRS3035RES100mN2727900E4197100,47.6527558,8.3523031,47,10,72,69,50,50
CRS3035RES100mN2725100E4185800,Raster CRS3035RES100mN2725100E4185800,47.6251969,8.2028968,47,11,75,61,50,50
CRS3035RES100mN2718900E4198400,Raster CRS3035RES100mN2718900E4198400,47.572037,8.3721504,47,11,76,59,50,50
CRS3035RES100mN2730500E4190500,Raster CRS3035RES100mN2730500E4190500,47.6747902,8.2637363,47,6,69,77,50,50
CRS3035RES100mN2727100E4188800,Raster CRS3035RES100mN2727100E4188800,47.6438393,8.2421612,47,29,67,47,50,50
CRS3035RES100mN2721100E4179800,Raster CRS3035RES100mN2721100E4179800,47.5878695,8.1244524,47,12,72,66,50,50
CRS3035RES100mN2726000E4193500,Raster CRS3035RES100mN2726000E4193500,47.6349292,8.3049857,47,8,74,70,50,50
CRS3035RES100mN2725000E4185400,Raster CRS3035RES100mN2725000E4185400,47.6242096,8.1976112,47,5,85,61,50,50
CRS3035RES100mN2723100E4182500,Raster CRS3035RES100mN2723100E4182500,47.6064732,8.1596742,47,7,69,77,50,50
CRS3035RES100mN2721400E4194600,Raster CRS3035RES100mN2721400E4194600,47.5937671,8.3209582,47,14,75,58,50,50
CRS3035RES100mN2726900E4197500,Raster CRS3035RES100mN2726900E4197500,47.6438385,8.3579098,47,4,86,59,50,50
CRS3035RES100mN2722800E4178200,Raster CRS3035RES100mN2722800E4178200,47.602797,8.1026382,47,3,74,76,50,50
CRS3035RES100mN2723900E4192900,Raster CRS3035RES100mN2723900E4192900,47.615911,8.2976323,47,20,59,68,50,50
CRS3035RES100mN2725200E4193600,Raster CRS3035RES100mN2725200E4193600,47.627752,8.3065516,47,11,69,70,50,50
CRS3035RES100mN2725100E4181800,Raster CRS3035RES100mN2725100E4181800,47.6243098,8.1497277,47,4,72,78,50,50
CRS3035RES100mN2728800E4187300,Raster CRS3035RES100mN2728800E4187300,47.6588115,8.2216874,47,31,56,55,50,50
CRS3035RES100mN2725900E4193000,Raster CRS3035RES100mN2725900E4193000,47.6339263,8.2983677,47,9,71,70,50,50
CRS3035RES100mN2722300E4180700,Raster CRS3035RES100mN2722300E4180700,47.5988703,8.1360169,47,6,77,66,50,50
CRS3035RES100mN2724100E4180500,Raster CRS3035RES100mN2724100E4180500,47.6150192,8.1327738,47,7,73,73,50,50
CRS3035RES100mN2721800E4180100,Raster CRS3035RES100mN2721800E4180100,47.5942357,8.1282088,47,7,75,66,50,50
CRS3035RES100mN2721900E4180100,Raster CRS3035RES100mN2721900E4180100,47.5951353,8.1281762,47,7,77,66,50,50
CRS3035RES100mN2725800E4194000,Raster CRS3035RES100mN2725800E4194000,47.6332327,8.3116923,47,11,69,68,50,50
CRS3035RES100mN2729200E4188800,Raster CRS3035RES100mN2729200E4188800,47.6627329,8.2415165,47,14,73,60,50,50
CRS3035RES100mN2724600E4194700,Raster CRS3035RES100mN2724600E4194700,47.6225792,8.3213503,47,11,74,64,50,50
CRS3035RES100mN2723400E4182800,Raster CRS3035RES100mN2723400E4182800,47.6092394,8.1635644,47,9,67,77,50,50
CRS3035RES100mN2730500E4190200,Raster CRS3035RES100mN2730500E4190200,47.6747268,8.2597447,47,9,66,77,50,50
CRS3035RES100mN2723100E4182800,Raster CRS3035RES100mN2723100E4182800,47.6065403,8.1636605,47,3,71,77,50,50
CRS3035RES100mN2728700E4198100,Raster CRS3035RES100mN2728700E4198100,47.6601533,8.3653749,47,3,70,80,50,50
CRS3035RES100mN2727200E4189400,Raster CRS3035RES100mN2727200E4189400,47.644867,8.2501092,47,36,45,62,50,50
CRS3035RES100mN2731400E4193500,Raster CRS3035RES100mN2731400E4193500,47.6835138,8.3033864,47,28,47,72,50,50
CRS3035RES100mN2724400E4194700,Raster CRS3035RES100mN2724400E4194700,47.6207797,8.3214088,47,5,80,64,50,50
CRS3035RES100mN2721000E4179300,Raster CRS3035RES100mN2721000E4179300,47.5868556,8.1178439,47,11,72,66,50,50
CRS3035RES100mN2724700E4195000,Raster CRS3035RES100mN2724700E4195000,47.6235401,8.3253087,47,2,86,63,50,50
CRS3035RES100mN2725000E4186100,Raster CRS3035RES100mN2725000E4186100,47.6243627,8.2069158,47,11,83,51,50,50
CRS3035RES100mN2726000E4194000,Raster CRS3035RES100mN2726000E4194000,47.6350321,8.3116334,47,8,74,70,50,50
CRS3035RES100mN2724700E4194900,Raster CRS3035RES100mN2724700E4194900,47.6235197,8.3239795,47,7,78,64,50,50
CRS3035RES100mN2724700E4184800,Raster CRS3035RES100mN2724700E4184800,47.6213788,8.1897307,47,29,43,77,50,50
CRS3035RES100mN2726300E4191700,Raster CRS3035RES100mN2726300E4191700,47.6372547,8.2809642,47,2,80,71,50,50
CRS3035RES100mN2726300E4191500,Raster CRS3035RES100mN2726300E4191500,47.6372129,8.2783051,47,46,25,71,50,50
CRS3035RES100mN2721100E4193300,Raster CRS3035RES100mN2721100E4193300,47.5908011,8.3037768,47,11,78,57,50,50
CRS3035RES100mN2727600E4196400,Raster CRS3035RES100mN2727600E4196400,47.6499159,8.3430798,47,11,74,64,50,50
CRS3035RES100mN2719000E4195300,Raster CRS3035RES100mN2719000E4195300,47.5723154,8.3309558,47,4,86,57,50,50
CRS3035RES100mN2723900E4187900,Raster CRS3035RES100mN2723900E4187900,47.6148558,8.2311815,47,6,76,68,50,50
CRS3035RES100mN2724700E4188200,Raster CRS3035RES100mN2724700E4188200,47.6221179,8.2349222,47,8,72,69,50,50
CRS3035RES100mN2730600E4190300,Raster CRS3035RES100mN2730600E4190300,47.6756476,8.2610448,47,5,70,77,50,50
CRS3035RES100mN2728200E4198100,Raster CRS3035RES100mN2728200E4198100,47.6556546,8.3655176,47,7,67,80,50,50
CRS3035RES100mN2725600E4193700,Raster CRS3035RES100mN2725600E4193700,47.6313715,8.3077629,47,11,70,70,50,50
CRS3035RES100mN2721000E4193200,Raster CRS3035RES100mN2721000E4193200,47.5898807,8.302478,47,11,78,57,50,50
CRS3035RES100mN2730400E4189000,Raster CRS3035RES100mN2730400E4189000,47.6735719,8.2438089,47,2,78,73,50,50
CRS3035RES100mN2724000E4190600,Raster CRS3035RES100mN2724000E4190600,47.6163303,8.2670344,47,10,70,69,50,50
CRS3035RES100mN2722000E4180300,Raster CRS3035RES100mN2722000E4180300,47.5960805,8.1308005,47,11,71,66,50,50
CRS3035RES100mN2727700E4196900,Raster CRS3035RES100mN2727700E4196900,47.6509162,8.3497007,47,9,77,64,50,50
CRS3035RES100mN2725700E4193200,Raster CRS3035RES100mN2725700E4193200,47.6321682,8.301086,47,5,77,70,50,50
CRS3035RES100mN2724600E4188100,Raster CRS3035RES100mN2724600E4188100,47.6211967,8.2336238,47,11,69,69,50,50
CRS3035RES100mN2725900E4193400,Raster CRS3035RES100mN2725900E4193400,47.6340089,8.3036858,47,9,70,70,50,50
CRS3035RES100mN2725100E4185600,Raster CRS3035RES100mN2725100E4185600,47.6251531,8.2002383,47,50,30,61,50,50
CRS3035RES100mN2724600E4184600,Raster CRS3035RES100mN2724600E4184600,47.620435,8.187104,47,30,39,77,50,50
CRS3035RES100mN2723200E4182400,Raster CRS3035RES100mN2723200E4182400,47.6073505,8.1583134,47,6,70,77,50,50
CRS3035RES100mN2723000E4178200,Raster CRS3035RES100mN2723000E4178200,47.6045964,8.102572,47,28,61,54,50,50
CRS3035RES100mN2720600E4193700,Raster CRS3035RES100mN2720600E4193700,47.5863847,8.3092377,47,7,83,56,50,50
CRS3035RES100mN2723600E4183000,Raster CRS3035RES100mN2723600E4183000,47.6110834,8.1661581,47,4,71,78,50,50
CRS3035RES100mN2724500E4195300,Raster CRS3035RES100mN2724500E4195300,47.6218016,8.3293548,47,5,82,63,50,50
CRS3035RES100mN2727500E4196400,Raster CRS3035RES100mN2727500E4196400,47.6490162,8.3431088,47,16,69,64,50,50
CRS3035RES100mN2719200E4198900,Raster CRS3035RES100mN2719200E4198900,47.5748351,8.3787054,47,10,81,57,50,50
CRS3035RES100mN2727000E4189200,Raster CRS3035RES100mN2727000E4189200,47.643025,8.2475108,47,12,73,62,50,50
CRS3035RES100mN2724600E4180200,Raster CRS3035RES100mN2724600E4180200,47.6194494,8.1286238,47,5,75,73,50,50
CRS3035RES100mN2722400E4196700,Raster CRS3035RES100mN2722400E4196700,47.6031898,8.3485686,47,29,63,52,50,50
CRS3035RES100mN2721300E4178600,Raster CRS3035RES100mN2721300E4178600,47.5893941,8.1084474,47,10,76,62,50,50
CRS3035RES100mN2723100E4182600,Raster CRS3035RES100mN2723100E4182600,47.6064956,8.161003,47,7,68,77,50,50
CRS3035RES100mN2722200E4180700,Raster CRS3035RES100mN2722200E4180700,47.5979707,8.1360494,47,8,77,66,50,50
CRS3035RES100mN2728600E4188700,Raster CRS3035RES100mN2728600E4188700,47.6573134,8.2403707,47,2,70,81,50,50
CRS3035RES100mN2725100E4181700,Raster CRS3035RES100mN2725100E4181700,47.6242873,8.1483985,47,5,70,78,50,50
CRS3035RES100mN2725900E4191800,Raster CRS3035RES100mN2725900E4191800,47.6336768,8.2824137,47,29,54,63,50,50
CRS3035RES100mN2726000E4193300,Raster CRS3035RES100mN2726000E4193300,47.634888,8.3023266,47,10,70,70,50,50
CRS3035RES100mN2721700E4195000,Raster CRS3035RES100mN2721700E4195000,47.5965478,8.3261846,47,10,85,53,50,50
CRS3035RES100mN2729100E4198300,Raster CRS3035RES100mN2729100E4198300,47.6637919,8.3679212,47,5,69,80,50,50
CRS3035RES100mN2728400E4198200,Raster CRS3035RES100mN2728400E4198200,47.6574739,8.3667906,47,2,70,80,50,50
CRS3035RES100mN2727000E4189000,Raster CRS3035RES100mN2727000E4189000,47.6429823,8.2448514,47,5,83,62,50,50
CRS3035RES100mN2727900E4196700,Raster CRS3035RES100mN2727900E4196700,47.6526755,8.3469831,47,8,77,64,50,50
CRS3035RES100mN2724200E4195000,Raster CRS3035RES100mN2724200E4195000,47.6190414,8.3254548,47,14,72,63,50,50
CRS3035RES100mN2726100E4192700,Raster CRS3035RES100mN2726100E4192700,47.6356635,8.2943197,47,5,74,74,50,50
CRS3035RES100mN2724100E4195300,Raster CRS3035RES100mN2724100E4195300,47.6182027,8.3294713,47,28,54,63,50,50
CRS3035RES100mN2722900E4178200,Raster CRS3035RES100mN2722900E4178200,47.6036967,8.1026051,47,7,68,76,50,50
CRS3035RES100mN2730700E4182300,Raster CRS3035RES100mN2730700E4182300,47.6748035,8.1545703,47,8,60,86,50,50
CRS3035RES100mN2722000E4180200,Raster CRS3035RES100mN2722000E4180200,47.5960578,8.129472,46,7,72,66,50,50
CRS3035RES100mN2723500E4183200,Raster CRS3035RES100mN2723500E4183200,47.6102282,8.1688478,46,3,67,78,50,50
CRS3035RES100mN2721500E4180400,Raster CRS3035RES100mN2721500E4180400,47.5916048,8.1322917,46,3,78,66,50,50
CRS3035RES100mN2728500E4198500,Raster CRS3035RES100mN2728500E4198500,47.6584332,8.3707526,46,10,56,80,50,50
CRS3035RES100mN2721800E4195100,Raster CRS3035RES100mN2721800E4195100,47.5974679,8.327484,46,8,80,53,50,50
CRS3035RES100mN2726800E4189700,Raster CRS3035RES100mN2726800E4189700,47.6413319,8.2542204,46,7,75,65,50,50
CRS3035RES100mN2719200E4198700,Raster CRS3035RES100mN2719200E4198700,47.5747956,8.3760494,46,7,79,57,50,50
CRS3035RES100mN2724000E4190500,Raster CRS3035RES100mN2724000E4190500,47.6163093,8.2657054,46,14,64,69,50,50
CRS3035RES100mN2721100E4193200,Raster CRS3035RES100mN2721100E4193200,47.5907804,8.3024484,46,10,76,57,50,50
CRS3035RES100mN2731300E4193800,Raster CRS3035RES100mN2731300E4193800,47.6826759,8.3074083,46,3,72,72,50,50
CRS3035RES100mN2728600E4188500,Raster CRS3035RES100mN2728600E4188500,47.6572705,8.2377105,46,7,61,81,50,50
CRS3035RES100mN2720800E4178900,Raster CRS3035RES100mN2720800E4178900,47.5849646,8.1125967,46,8,75,60,50,50
CRS3035RES100mN2721200E4179800,Raster CRS3035RES100mN2721200E4179800,47.5887692,8.1244197,46,11,70,66,50,50
CRS3035RES100mN2729000E4181400,Raster CRS3035RES100mN2729000E4181400,47.6593067,8.1431472,46,7,58,83,50,50
CRS3035RES100mN2727600E4180700,Raster CRS3035RES100mN2727600E4180700,47.646553,8.1342926,46,2,70,78,50,50
CRS3035RES100mN2725400E4186900,Raster CRS3035RES100mN2725400E4186900,47.6281354,8.2174253,46,16,72,51,50,50
CRS3035RES100mN2722100E4180600,Raster CRS3035RES100mN2722100E4180600,47.5970483,8.1347534,46,9,72,66,50,50
CRS3035RES100mN2731300E4193900,Raster CRS3035RES100mN2731300E4193900,47.6826965,8.3087391,46,2,72,72,50,50
CRS3035RES100mN2720900E4178400,Raster CRS3035RES100mN2720900E4178400,47.5857493,8.1059228,46,6,78,60,50,50
CRS3035RES100mN2727700E4196800,Raster CRS3035RES100mN2727700E4196800,47.6508962,8.3483707,46,9,71,64,50,50
CRS3035RES100mN2732300E4181700,Raster CRS3035RES100mN2732300E4181700,47.689063,8.1460689,46,8,56,84,50,50
CRS3035RES100mN2723900E4179000,Raster CRS3035RES100mN2723900E4179000,47.6128775,8.1129054,46,6,68,75,50,50
CRS3035RES100mN2722200E4181300,Raster CRS3035RES100mN2722200E4181300,47.5981064,8.1440206,46,8,64,74,50,50
CRS3035RES100mN2728700E4198000,Raster CRS3035RES100mN2728700E4198000,47.6601334,8.3640447,46,5,63,80,50,50
CRS3035RES100mN2722100E4180400,Raster CRS3035RES100mN2722100E4180400,47.5970029,8.1320964,46,28,47,66,50,50
CRS3035RES100mN2723500E4183300,Raster CRS3035RES100mN2723500E4183300,47.6102505,8.1701766,46,7,63,78,50,50
CRS3035RES100mN2721100E4193000,Raster CRS3035RES100mN2721100E4193000,47.5907391,8.2997916,46,11,75,57,50,50
CRS3035RES100mN2724000E4178900,Raster CRS3035RES100mN2724000E4178900,47.6137542,8.1115435,46,7,65,75,50,50
CRS3035RES100mN2725800E4193000,Raster CRS3035RES100mN2725800E4193000,47.6330265,8.2983974,46,4,73,70,50,50
CRS3035RES100mN2727800E4196500,Raster CRS3035RES100mN2727800E4196500,47.6517356,8.344352,46,13,69,64,50,50
CRS3035RES100mN2730000E4186600,Raster CRS3035RES100mN2730000E4186600,47.6694559,8.2120019,46,10,57,79,50,50
CRS3035RES100mN2727100E4189200,Raster CRS3035RES100mN2727100E4189200,47.6439247,8.2474802,46,8,73,62,50,50
CRS3035RES100mN2725100E4180700,Raster CRS3035RES100mN2725100E4180700,47.6240613,8.1351065,46,3,75,70,50,50
CRS3035RES100mN2724300E4190400,Raster CRS3035RES100mN2724300E4190400,47.6189873,8.2642855,46,29,44,69,50,50
CRS3035RES100mN2726400E4191000,Raster CRS3035RES100mN2726400E4191000,47.6380077,8.271627,46,12,64,71,50,50
CRS3035RES100mN2721900E4180200,Raster CRS3035RES100mN2721900E4180200,47.5951581,8.1295046,46,8,72,66,50,50
CRS3035RES100mN2720800E4193400,Raster CRS3035RES100mN2720800E4193400,47.5881224,8.3051938,46,6,81,56,50,50
CRS3035RES100mN2724300E4187700,Raster CRS3035RES100mN2724300E4187700,47.6184115,8.2283999,46,10,67,71,50,50
CRS3035RES100mN2723500E4193000,Raster CRS3035RES100mN2723500E4193000,47.6123328,8.2990801,46,33,49,58,50,50
CRS3035RES100mN2721900E4180300,Raster CRS3035RES100mN2721900E4180300,47.5951808,8.1308331,46,2,79,66,50,50
CRS3035RES100mN2725900E4194100,Raster CRS3035RES100mN2725900E4194100,47.6341529,8.3129923,46,6,71,68,50,50
CRS3035RES100mN2726800E4192300,Raster CRS3035RES100mN2726800E4192300,47.6418785,8.2887924,46,6,66,74,50,50
CRS3035RES100mN2726800E4192000,Raster CRS3035RES100mN2726800E4192000,47.641816,8.2848033,46,11,63,74,50,50
CRS3035RES100mN2728400E4197100,Raster CRS3035RES100mN2728400E4197100,47.6572545,8.3521592,46,7,64,79,50,50
CRS3035RES100mN2727800E4196600,Raster CRS3035RES100mN2727800E4196600,47.6517557,8.3456819,46,5,75,64,50,50
CRS3035RES100mN2721700E4194400,Raster CRS3035RES100mN2721700E4194400,47.5964254,8.3182133,46,7,78,58,50,50
CRS3035RES100mN2724200E4195300,Raster CRS3035RES100mN2724200E4195300,47.6191024,8.3294422,46,9,74,63,50,50
CRS3035RES100mN2726800E4197200,Raster CRS3035RES100mN2726800E4197200,47.6428788,8.3539492,46,9,78,59,50,50
CRS3035RES100mN2726600E4192400,Raster CRS3035RES100mN2726600E4192400,47.6400998,8.2901818,46,4,72,74,50,50
CRS3035RES100mN2724800E4180400,Raster CRS3035RES100mN2724800E4180400,47.6212942,8.1312167,46,9,64,73,50,50
CRS3035RES100mN2723500E4187700,Raster CRS3035RES100mN2723500E4187700,47.6112139,8.2286471,46,6,73,68,50,50
CRS3035RES100mN2728800E4181800,Raster CRS3035RES100mN2728800E4181800,47.6575976,8.1485323,46,4,63,81,50,50
CRS3035RES100mN2727400E4196200,Raster CRS3035RES100mN2727400E4196200,47.6480762,8.3404779,46,11,70,64,50,50
CRS3035RES100mN2728800E4188400,Raster CRS3035RES100mN2728800E4188400,47.6590485,8.2363188,46,7,60,81,50,50
CRS3035RES100mN2730800E4182100,Raster CRS3035RES100mN2730800E4182100,47.6756582,8.151877,46,7,56,86,50,50
CRS3035RES100mN2727600E4196500,Raster CRS3035RES100mN2727600E4196500,47.6499361,8.3444098,46,14,67,64,50,50
CRS3035RES100mN2727300E4180600,Raster CRS3035RES100mN2727300E4180600,47.6438313,8.1330607,46,2,71,78,50,50
CRS3035RES100mN2724900E4194600,Raster CRS3035RES100mN2724900E4194600,47.625258,8.3199331,46,11,70,64,50,50
CRS3035RES100mN2724100E4190600,Raster CRS3035RES100mN2724100E4190600,47.6172301,8.2670042,46,9,68,69,50,50
CRS3035RES100mN2725400E4193500,Raster CRS3035RES100mN2725400E4193500,47.6295309,8.3051632,46,7,68,70,50,50
CRS3035RES100mN2724300E4178200,Raster CRS3035RES100mN2724300E4178200,47.616292,8.1021418,46,7,65,75,50,50
CRS3035RES100mN2727900E4196600,Raster CRS3035RES100mN2727900E4196600,47.6526554,8.3456531,46,5,75,64,50,50
CRS3035RES100mN2728000E4196800,Raster CRS3035RES100mN2728000E4196800,47.6535953,8.3482842,46,7,64,79,50,50
CRS3035RES100mN2723200E4182800,Raster CRS3035RES100mN2723200E4182800,47.60744,8.1636285,46,3,70,77,50,50
CRS3035RES100mN2721800E4194900,Raster CRS3035RES100mN2721800E4194900,47.5974272,8.3248269,46,6,82,58,50,50
CRS3035RES100mN2727800E4193600,Raster CRS3035RES100mN2727800E4193600,47.6511448,8.305783,46,10,64,72,50,50
CRS3035RES100mN2723600E4192800,Raster CRS3035RES100mN2723600E4192800,47.6131911,8.2963924,46,12,65,68,50,50
CRS3035RES100mN2724100E4188000,Raster CRS3035RES100mN2724100E4188000,47.6166767,8.2324489,46,11,64,69,50,50
CRS3035RES100mN2729000E4187000,Raster CRS3035RES100mN2729000E4187000,47.660546,8.2176348,46,30,54,56,50,50
CRS3035RES100mN2726000E4184200,Raster CRS3035RES100mN2726000E4184200,47.6329423,8.1813434,46,11,81,50,50,50
CRS3035RES100mN2725300E4187100,Raster CRS3035RES100mN2725300E4187100,47.627279,8.220115,46,31,41,72,50,50
CRS3035RES100mN2720900E4193200,Raster CRS3035RES100mN2720900E4193200,47.5889809,8.3025076,46,11,77,56,50,50
CRS3035RES100mN2722900E4193100,Raster CRS3035RES100mN2722900E4193100,47.6069551,8.3005868,46,9,71,66,50,50
CRS3035RES100mN2726900E4188800,Raster CRS3035RES100mN2726900E4188800,47.6420399,8.2422226,46,13,78,48,50,50
CRS3035RES100mN2728300E4185300,Raster CRS3035RES100mN2728300E4185300,47.6538774,8.1952428,46,31,46,63,50,50
CRS3035RES100mN2723900E4190600,Raster CRS3035RES100mN2723900E4190600,47.6154306,8.2670647,46,8,69,68,50,50
CRS3035RES100mN2730600E4183900,Raster CRS3035RES100mN2730600E4183900,47.6742609,8.1758904,46,7,59,85,50,50
CRS3035RES100mN2728700E4181700,Raster CRS3035RES100mN2728700E4181700,47.6566754,8.1472346,46,6,64,81,50,50
CRS3035RES100mN2723300E4182400,Raster CRS3035RES100mN2723300E4182400,47.6082502,8.1582813,46,10,59,77,50,50
CRS3035RES100mN2724900E4185700,Raster CRS3035RES100mN2724900E4185700,47.6233756,8.2016303,46,3,70,78,50,50
CRS3035RES100mN2721400E4194500,Raster CRS3035RES100mN2721400E4194500,47.5937466,8.3196298,46,8,80,58,50,50
CRS3035RES100mN2721100E4179400,Raster CRS3035RES100mN2721100E4179400,47.5877782,8.1191393,46,2,77,66,50,50
CRS3035RES100mN2724200E4188100,Raster CRS3035RES100mN2724200E4188100,47.6175979,8.2337471,46,7,72,69,50,50
CRS3035RES100mN2726600E4197300,Raster CRS3035RES100mN2726600E4197300,47.6410993,8.3553364,46,10,75,59,50,50
CRS3035RES100mN2724600E4195000,Raster CRS3035RES100mN2724600E4195000,47.6226404,8.3253379,46,11,69,63,50,50
CRS3035RES100mN2724400E4188100,Raster CRS3035RES100mN2724400E4188100,47.6193973,8.2336855,45,7,65,69,50,50
CRS3035RES100mN2720900E4179000,Raster CRS3035RES100mN2720900E4179000,47.5858872,8.113892,45,11,69,61,50,50
CRS3035RES100mN2726900E4192100,Raster CRS3035RES100mN2726900E4192100,47.6427365,8.2861031,45,9,59,74,50,50
CRS3035RES100mN2724600E4194600,Raster CRS3035RES100mN2724600E4194600,47.6225588,8.3200211,45,2,76,64,50,50
CRS3035RES100mN2721000E4193300,Raster CRS3035RES100mN2721000E4193300,47.5899013,8.3038064,45,7,77,57,50,50
CRS3035RES100mN2720900E4179400,Raster CRS3035RES100mN2720900E4179400,47.5859788,8.1192049,45,11,67,61,50,50
CRS3035RES100mN2723900E4190700,Raster CRS3035RES100mN2723900E4190700,47.6154517,8.2683937,45,9,65,68,50,50
CRS3035RES100mN2730700E4184900,Raster CRS3035RES100mN2730700E4184900,47.6753816,8.1891639,45,2,61,85,50,50
CRS3035RES100mN2731000E4181900,Raster CRS3035RES100mN2731000E4181900,47.6774126,8.1491512,45,2,61,83,50,50
CRS3035RES100mN2719100E4198700,Raster CRS3035RES100mN2719100E4198700,47.5738959,8.3760776,45,2,82,57,50,50
CRS3035RES100mN2725400E4190700,Raster CRS3035RES100mN2725400E4190700,47.6289475,8.2679405,45,7,65,73,50,50
CRS3035RES100mN2720800E4193600,Raster CRS3035RES100mN2720800E4193600,47.5881636,8.3078505,45,9,75,56,50,50
CRS3035RES100mN2727700E4180300,Raster CRS3035RES100mN2727700E4180300,47.6473618,8.1289409,45,8,58,78,50,50
CRS3035RES100mN2724100E4190700,Raster CRS3035RES100mN2724100E4190700,47.6172511,8.2683333,45,6,66,69,50,50
CRS3035RES100mN2728900E4181600,Raster CRS3035RES100mN2728900E4181600,47.6584522,8.1458398,45,8,54,81,50,50
CRS3035RES100mN2721200E4179700,Raster CRS3035RES100mN2721200E4179700,47.5887464,8.1230914,45,6,69,66,50,50
CRS3035RES100mN2721500E4194700,Raster CRS3035RES100mN2721500E4194700,47.5946872,8.3222575,45,8,75,58,50,50
CRS3035RES100mN2723400E4192700,Raster CRS3035RES100mN2723400E4192700,47.6113709,8.2951229,45,5,71,68,50,50
CRS3035RES100mN2729900E4195000,Raster CRS3035RES100mN2729900E4195000,47.6703258,8.3237877,45,9,75,55,50,50
CRS3035RES100mN2724200E4178100,Raster CRS3035RES100mN2724200E4178100,47.6153693,8.100846,45,6,64,75,50,50
CRS3035RES100mN2725200E4187100,Raster CRS3035RES100mN2725200E4187100,47.6263793,8.220146,45,9,60,72,50,50
CRS3035RES100mN2730100E4186700,Raster CRS3035RES100mN2730100E4186700,47.6703773,8.2133011,45,7,58,79,50,50
CRS3035RES100mN2719100E4198900,Raster CRS3035RES100mN2719100E4198900,47.5739353,8.3787336,45,9,75,57,50,50
CRS3035RES100mN2729500E4199100,Raster CRS3035RES100mN2729500E4199100,47.6675491,8.3784504,45,2,63,79,50,50
CRS3035RES100mN2731200E4182000,Raster CRS3035RES100mN2731200E4182000,47.6792344,8.1504171,45,2,58,86,50,50
CRS3035RES100mN2723000E4178100,Raster CRS3035RES100mN2723000E4178100,47.6045733,8.1012433,45,15,70,54,50,50
CRS3035RES100mN2721100E4193100,Raster CRS3035RES100mN2721100E4193100,47.5907598,8.30112,45,7,77,57,50,50
CRS3035RES100mN2727000E4188800,Raster CRS3035RES100mN2727000E4188800,47.6429396,8.2421919,45,30,56,47,50,50
CRS3035RES100mN2725600E4186800,Raster CRS3035RES100mN2725600E4186800,47.6299131,8.2160337,45,8,81,51,50,50
CRS3035RES100mN2724900E4195100,Raster CRS3035RES100mN2724900E4195100,47.6253599,8.3265796,45,3,76,63,50,50
CRS3035RES100mN2724800E4195100,Raster CRS3035RES100mN2724800E4195100,47.6244602,8.3266088,45,3,75,63,50,50
CRS3035RES100mN2725600E4186700,Raster CRS3035RES100mN2725600E4186700,47.6298914,8.2147043,45,10,76,51,50,50
CRS3035RES100mN2728900E4181700,Raster CRS3035RES100mN2728900E4181700,47.6584747,8.1471699,45,5,59,81,50,50
CRS3035RES100mN2726500E4188800,Raster CRS3035RES100mN2726500E4188800,47.6384411,8.2423453,45,29,58,48,50,50
CRS3035RES100mN2729100E4188800,Raster CRS3035RES100mN2729100E4188800,47.6618332,8.2415472,45,7,74,60,50,50
CRS3035RES100mN2724500E4184900,Raster CRS3035RES100mN2724500E4184900,47.6196014,8.1911229,45,3,64,77,50,50
CRS3035RES100mN2722300E4180800,Raster CRS3035RES100mN2722300E4180800,47.598893,8.1373454,45,7,67,66,50,50
CRS3035RES100mN2722100E4180500,Raster CRS3035RES100mN2722100E4180500,47.5970256,8.1334249,45,2,76,66,50,50
CRS3035RES100mN2724800E4178400,Raster CRS3035RES100mN2724800E4178400,47.6208365,8.1046345,45,7,60,75,50,50
CRS3035RES100mN2724800E4185600,Raster CRS3035RES100mN2724800E4185600,47.6224541,8.2003325,45,4,64,78,50,50
CRS3035RES100mN2724600E4180600,Raster CRS3035RES100mN2724600E4180600,47.6195403,8.1339401,45,10,58,73,50,50
CRS3035RES100mN2724700E4195400,Raster CRS3035RES100mN2724700E4195400,47.6236214,8.3306257,45,6,74,63,50,50
CRS3035RES100mN2727000E4192300,Raster CRS3035RES100mN2727000E4192300,47.6436779,8.2887327,45,6,65,71,50,50
CRS3035RES100mN2723900E4190500,Raster CRS3035RES100mN2723900E4190500,47.6154095,8.2657356,45,10,64,68,50,50
CRS3035RES100mN2725800E4186500,Raster CRS3035RES100mN2725800E4186500,47.6316473,8.2119832,45,11,76,51,50,50
CRS3035RES100mN2725300E4194500,Raster CRS3035RES100mN2725300E4194500,47.6288365,8.3184865,45,6,67,68,50,50
CRS3035RES100mN2727200E4188900,Raster CRS3035RES100mN2727200E4188900,47.6447604,8.2434603,45,13,75,47,50,50
CRS3035RES100mN2724200E4180400,Raster CRS3035RES100mN2724200E4180400,47.6158962,8.1314123,45,7,63,73,50,50
CRS3035RES100mN2730100E4178300,Raster CRS3035RES100mN2730100E4178300,47.6684949,8.1015497,45,7,58,81,50,50
CRS3035RES100mN2721800E4180300,Raster CRS3035RES100mN2721800E4180300,47.5942811,8.1308656,45,9,68,66,50,50
CRS3035RES100mN2730900E4182300,Raster CRS3035RES100mN2730900E4182300,47.6766028,8.1545058,45,4,58,86,50,50
CRS3035RES100mN2723300E4192800,Raster CRS3035RES100mN2723300E4192800,47.6104919,8.2964816,45,2,73,68,50,50
CRS3035RES100mN2725500E4187000,Raster CRS3035RES100mN2725500E4187000,47.6290568,8.2187235,45,7,64,72,50,50
CRS3035RES100mN2724200E4180500,Raster CRS3035RES100mN2724200E4180500,47.6159189,8.1327413,45,2,69,73,50,50
CRS3035RES100mN2727900E4197900,Raster CRS3035RES100mN2727900E4197900,47.6529156,8.3629432,45,3,73,69,50,50
CRS3035RES100mN2730600E4182900,Raster CRS3035RES100mN2730600E4182900,47.6740382,8.1625855,45,7,53,86,50,50
CRS3035RES100mN2732200E4179200,Raster CRS3035RES100mN2732200E4179200,47.6875945,8.1128303,45,2,62,84,50,50
CRS3035RES100mN2722500E4181300,Raster CRS3035RES100mN2722500E4181300,47.6008054,8.1439235,45,12,56,74,50,50
CRS3035RES100mN2731200E4193900,Raster CRS3035RES100mN2731200E4193900,47.6817968,8.3087686,45,4,66,72,50,50
CRS3035RES100mN2725000E4181800,Raster CRS3035RES100mN2725000E4181800,47.6234101,8.14976,45,5,62,78,50,50
CRS3035RES100mN2727100E4188900,Raster CRS3035RES100mN2727100E4188900,47.6438607,8.243491,44,15,72,47,50,50
CRS3035RES100mN2723800E4193000,Raster CRS3035RES100mN2723800E4193000,47.615032,8.2989911,44,8,70,58,50,50
CRS3035RES100mN2729600E4194800,Raster CRS3035RES100mN2729600E4194800,47.6675858,8.3212148,44,7,73,55,50,50
CRS3035RES100mN2730500E4184000,Raster CRS3035RES100mN2730500E4184000,47.6733834,8.1772528,44,3,56,85,50,50
CRS3035RES100mN2728500E4188700,Raster CRS3035RES100mN2728500E4188700,47.6564137,8.2404014,44,7,52,81,50,50
CRS3035RES100mN2720900E4193100,Raster CRS3035RES100mN2720900E4193100,47.5889603,8.3011792,44,6,75,56,50,50
CRS3035RES100mN2724200E4184700,Raster CRS3035RES100mN2724200E4184700,47.6168583,8.1885595,44,5,59,77,50,50
CRS3035RES100mN2727900E4185600,Raster CRS3035RES100mN2727900E4185600,47.6503444,8.1993585,44,3,83,49,50,50
CRS3035RES100mN2728500E4198700,Raster CRS3035RES100mN2728500E4198700,47.6584728,8.3734129,44,5,57,80,50,50
CRS3035RES100mN2720500E4193700,Raster CRS3035RES100mN2720500E4193700,47.5854849,8.3092672,44,10,71,56,50,50
CRS3035RES100mN2722900E4183100,Raster CRS3035RES100mN2722900E4183100,47.6048078,8.1677107,44,9,52,77,50,50
CRS3035RES100mN2725000E4181900,Raster CRS3035RES100mN2725000E4181900,47.6234326,8.1510892,44,5,56,78,50,50
CRS3035RES100mN2730800E4184900,Raster CRS3035RES100mN2730800E4184900,47.6762813,8.1891323,44,2,56,85,50,50
CRS3035RES100mN2726100E4192800,Raster CRS3035RES100mN2726100E4192800,47.6356843,8.2956492,44,7,57,74,50,50
CRS3035RES100mN2726600E4188800,Raster CRS3035RES100mN2726600E4188800,47.6393408,8.2423146,44,9,77,48,50,50
CRS3035RES100mN2727800E4197900,Raster CRS3035RES100mN2727800E4197900,47.6520159,8.3629718,44,5,66,69,50,50
CRS3035RES100mN2721500E4194400,Raster CRS3035RES100mN2721500E4194400,47.5946259,8.318272,44,30,43,58,50,50
CRS3035RES100mN2727400E4180500,Raster CRS3035RES100mN2727400E4180500,47.6447083,8.1316983,44,5,56,78,50,50
CRS3035RES100mN2722700E4178400,Raster CRS3035RES100mN2722700E4178400,47.6019435,8.1053285,44,8,56,76,50,50
CRS3035RES100mN2724900E4187300,Raster CRS3035RES100mN2724900E4187300,47.6237235,8.2228976,44,11,56,71,50,50
CRS3035RES100mN2726700E4197200,Raster CRS3035RES100mN2726700E4197200,47.641979,8.353978,44,9,66,59,50,50
CRS3035RES100mN2725000E4185700,Raster CRS3035RES100mN2725000E4185700,47.6242753,8.2015989,44,8,69,61,50,50
CRS3035RES100mN2727000E4189500,Raster CRS3035RES100mN2727000E4189500,47.6430888,8.2515,44,10,66,62,50,50
CRS3035RES100mN2729000E4188900,Raster CRS3035RES100mN2729000E4188900,47.6609549,8.2429081,44,8,67,60,50,50
CRS3035RES100mN2721200E4179600,Raster CRS3035RES100mN2721200E4179600,47.5887236,8.1217631,44,4,68,66,50,50
CRS3035RES100mN2724600E4180300,Raster CRS3035RES100mN2724600E4180300,47.6194721,8.1299528,44,11,56,73,50,50
CRS3035RES100mN2725700E4190700,Raster CRS3035RES100mN2725700E4190700,47.6316466,8.2678498,44,2,66,73,50,50
CRS3035RES100mN2724300E4180500,Raster CRS3035RES100mN2724300E4180500,47.6168186,8.1327087,44,5,63,73,50,50
CRS3035RES100mN2726800E4197700,Raster CRS3035RES100mN2726800E4197700,47.6429787,8.360598,44,7,70,59,50,50
CRS3035RES100mN2725700E4186700,Raster CRS3035RES100mN2725700E4186700,47.6307911,8.2146732,44,11,71,51,50,50
CRS3035RES100mN2724600E4188000,Raster CRS3035RES100mN2724600E4188000,47.6211752,8.2322947,44,2,68,69,50,50
CRS3035RES100mN2721700E4180000,Raster CRS3035RES100mN2721700E4180000,47.5933132,8.126913,44,5,67,66,50,50
CRS3035RES100mN2732300E4181800,Raster CRS3035RES100mN2732300E4181800,47.6890855,8.1473998,44,8,50,84,50,50
CRS3035RES100mN2721600E4194400,Raster CRS3035RES100mN2721600E4194400,47.5955257,8.3182427,44,7,72,58,50,50
CRS3035RES100mN2724000E4195400,Raster CRS3035RES100mN2724000E4195400,47.6173233,8.3308296,44,7,69,63,50,50
CRS3035RES100mN2721000E4179600,Raster CRS3035RES100mN2721000E4179600,47.5869242,8.1218286,44,6,64,66,50,50
CRS3035RES100mN2728900E4181900,Raster CRS3035RES100mN2728900E4181900,47.6585197,8.1498301,44,2,59,81,50,50
CRS3035RES100mN2723700E4192800,Raster CRS3035RES100mN2723700E4192800,47.6140909,8.2963627,44,9,61,68,50,50
CRS3035RES100mN2730900E4182200,Raster CRS3035RES100mN2730900E4182200,47.6765804,8.1531752,44,4,51,86,50,50
CRS3035RES100mN2727100E4189000,Raster CRS3035RES100mN2727100E4189000,47.643882,8.2448207,44,11,62,62,50,50
CRS3035RES100mN2720900E4193300,Raster CRS3035RES100mN2720900E4193300,47.5890016,8.3038359,44,10,69,56,50,50
CRS3035RES100mN2727300E4180200,Raster CRS3035RES100mN2727300E4180200,47.6437404,8.1277418,44,2,60,78,50,50
CRS3035RES100mN2723300E4192900,Raster CRS3035RES100mN2723300E4192900,47.6105126,8.2978105,44,6,63,68,50,50
CRS3035RES100mN2729200E4198700,Raster CRS3035RES100mN2729200E4198700,47.6647709,8.373214,44,5,58,80,50,50
CRS3035RES100mN2729500E4194700,Raster CRS3035RES100mN2729500E4194700,47.6666657,8.3199137,44,3,78,55,50,50
CRS3035RES100mN2722900E4181600,Raster CRS3035RES100mN2722900E4181600,47.6044718,8.1477801,44,4,64,74,50,50
CRS3035RES100mN2726200E4197300,Raster CRS3035RES100mN2726200E4197300,47.6375003,8.3554512,44,7,69,59,50,50
CRS3035RES100mN2731100E4182100,Raster CRS3035RES100mN2731100E4182100,47.6783572,8.1517801,44,5,52,86,50,50
CRS3035RES100mN2732400E4181600,Raster CRS3035RES100mN2732400E4181600,47.68994,8.1447056,44,4,56,84,50,50
CRS3035RES100mN2724000E4195300,Raster CRS3035RES100mN2724000E4195300,47.6173029,8.3295005,44,7,69,63,50,50
CRS3035RES100mN2724800E4185000,Raster CRS3035RES100mN2724800E4185000,47.6223225,8.1923574,44,2,61,78,50,50
CRS3035RES100mN2726100E4193800,Raster CRS3035RES100mN2726100E4193800,47.6358907,8.3089448,44,4,66,70,50,50
CRS3035RES100mN2726000E4191900,Raster CRS3035RES100mN2726000E4191900,47.6345974,8.2837133,44,3,65,71,50,50
CRS3035RES100mN2731800E4178500,Raster CRS3035RES100mN2731800E4178500,47.6838349,8.1036471,44,5,54,84,50,50
CRS3035RES100mN2729200E4188700,Raster CRS3035RES100mN2729200E4188700,47.6627115,8.2401863,44,12,62,60,50,50
CRS3035RES100mN2729300E4199200,Raster CRS3035RES100mN2729300E4199200,47.6657694,8.3798374,44,3,58,79,50,50
CRS3035RES100mN2726300E4197200,Raster CRS3035RES100mN2726300E4197200,47.6383801,8.3540929,44,8,71,59,50,50
CRS3035RES100mN2727700E4196600,Raster CRS3035RES100mN2727700E4196600,47.6508559,8.3457108,44,10,64,64,50,50
CRS3035RES100mN2730600E4198900,Raster CRS3035RES100mN2730600E4198900,47.6774067,8.3754774,44,10,68,60,50,50
CRS3035RES100mN2726700E4197400,Raster CRS3035RES100mN2726700E4197400,47.642019,8.3566374,44,5,73,59,50,50
CRS3035RES100mN2727400E4196500,Raster CRS3035RES100mN2727400E4196500,47.6481366,8.3444676,44,6,69,64,50,50
CRS3035RES100mN2729800E4194900,Raster CRS3035RES100mN2729800E4194900,47.6694057,8.3224865,44,8,74,55,50,50
CRS3035RES100mN2726600E4192000,Raster CRS3035RES100mN2726600E4192000,47.6400165,8.2848632,44,5,61,74,50,50
CRS3035RES100mN2723100E4193000,Raster CRS3035RES100mN2723100E4193000,47.6087339,8.2991987,44,7,73,58,50,50
CRS3035RES100mN2728100E4196800,Raster CRS3035RES100mN2728100E4196800,47.6544951,8.3482554,44,4,57,79,50,50
CRS3035RES100mN2724000E4179300,Raster CRS3035RES100mN2724000E4179300,47.6138459,8.1168592,44,10,53,74,50,50
CRS3035RES100mN2725700E4184300,Raster CRS3035RES100mN2725700E4184300,47.6302654,8.1827679,43,5,74,53,50,50
CRS3035RES100mN2721000E4180200,Raster CRS3035RES100mN2721000E4180200,47.5870609,8.129798,43,3,67,66,50,50
CRS3035RES100mN2729000E4183400,Raster CRS3035RES100mN2729000E4183400,47.6597551,8.1697496,43,3,70,62,50,50
CRS3035RES100mN2722100E4181100,Raster CRS3035RES100mN2722100E4181100,47.5971615,8.1413959,43,7,55,74,50,50
CRS3035RES100mN2719400E4198800,Raster CRS3035RES100mN2719400E4198800,47.5766149,8.3773208,43,29,41,57,50,50
CRS3035RES100mN2729000E4198300,Raster CRS3035RES100mN2729000E4198300,47.6628922,8.3679498,43,2,54,80,50,50
CRS3035RES100mN2730500E4189100,Raster CRS3035RES100mN2730500E4189100,47.674493,8.2451087,43,2,63,73,50,50
CRS3035RES100mN2726600E4188700,Raster CRS3035RES100mN2726600E4188700,47.6393194,8.240985,43,33,43,48,50,50
CRS3035RES100mN2723100E4187700,Raster CRS3035RES100mN2723100E4187700,47.607615,8.2287707,43,2,66,68,50,50
CRS3035RES100mN2721500E4194800,Raster CRS3035RES100mN2721500E4194800,47.5947076,8.323586,43,5,71,58,50,50
CRS3035RES100mN2730500E4198900,Raster CRS3035RES100mN2730500E4198900,47.6765069,8.3755058,43,8,65,60,50,50
CRS3035RES100mN2730700E4198900,Raster CRS3035RES100mN2730700E4198900,47.6783064,8.375449,43,2,70,60,50,50
CRS3035RES100mN2729600E4194700,Raster CRS3035RES100mN2729600E4194700,47.6675654,8.3198844,43,3,73,55,50,50
CRS3035RES100mN2725100E4186300,Raster CRS3035RES100mN2725100E4186300,47.625306,8.209543,43,12,65,51,50,50
CRS3035RES100mN2727200E4196200,Raster CRS3035RES100mN2727200E4196200,47.6462767,8.3405359,43,5,63,64,50,50
CRS3035RES100mN2722300E4196600,Raster CRS3035RES100mN2722300E4196600,47.6022699,8.3472687,43,5,74,52,50,50
CRS3035RES100mN2720800E4178400,Raster CRS3035RES100mN2720800E4178400,47.5848496,8.1059558,43,8,64,60,50,50
CRS3035RES100mN2724600E4195100,Raster CRS3035RES100mN2724600E4195100,47.6226607,8.3266672,43,7,65,63,50,50
CRS3035RES100mN2722600E4181500,Raster CRS3035RES100mN2722600E4181500,47.6017502,8.1465484,43,7,54,74,50,50
CRS3035RES100mN2730000E4178400,Raster CRS3035RES100mN2730000E4178400,47.6676184,8.1029132,43,2,56,81,50,50
CRS3035RES100mN2730600E4190600,Raster CRS3035RES100mN2730600E4190600,47.675711,8.2650365,43,6,53,77,50,50
CRS3035RES100mN2727600E4189100,Raster CRS3035RES100mN2727600E4189100,47.6484019,8.2459974,43,7,65,62,50,50
CRS3035RES100mN2725400E4193200,Raster CRS3035RES100mN2725400E4193200,47.629469,8.301175,43,3,61,70,50,50
CRS3035RES100mN2731100E4182400,Raster CRS3035RES100mN2731100E4182400,47.6784246,8.1557719,43,3,48,86,50,50
CRS3035RES100mN2721000E4193000,Raster CRS3035RES100mN2721000E4193000,47.5898394,8.2998212,43,6,71,57,50,50
CRS3035RES100mN2730600E4199100,Raster CRS3035RES100mN2730600E4199100,47.6774462,8.3781387,43,5,67,62,50,50
CRS3035RES100mN2721800E4194600,Raster CRS3035RES100mN2721800E4194600,47.597366,8.3208412,43,2,73,58,50,50
CRS3035RES100mN2727800E4196700,Raster CRS3035RES100mN2727800E4196700,47.6517758,8.3470119,43,9,60,64,50,50
CRS3035RES100mN2723300E4192400,Raster CRS3035RES100mN2723300E4192400,47.6104089,8.291166,43,4,64,68,50,50
CRS3035RES100mN2725700E4191000,Raster CRS3035RES100mN2725700E4191000,47.6317097,8.2718381,43,4,66,63,50,50
CRS3035RES100mN2727800E4197100,Raster CRS3035RES100mN2727800E4197100,47.6518561,8.3523319,43,9,56,69,50,50
CRS3035RES100mN2723700E4183200,Raster CRS3035RES100mN2723700E4183200,47.6120276,8.1687839,43,7,53,78,50,50
CRS3035RES100mN2728800E4197900,Raster CRS3035RES100mN2728800E4197900,47.6610132,8.3626859,43,7,52,79,50,50
CRS3035RES100mN2720700E4193500,Raster CRS3035RES100mN2720700E4193500,47.5872433,8.3065517,43,5,73,56,50,50
CRS3035RES100mN2724600E4195300,Raster CRS3035RES100mN2724600E4195300,47.6227014,8.3293256,43,5,66,63,50,50
CRS3035RES100mN2725300E4190700,Raster CRS3035RES100mN2725300E4190700,47.6280477,8.2679707,43,5,56,73,50,50
CRS3035RES100mN2726800E4197800,Raster CRS3035RES100mN2726800E4197800,47.6429986,8.3619278,43,8,65,59,50,50
CRS3035RES100mN2723000E4192900,Raster CRS3035RES100mN2723000E4192900,47.6078134,8.2978995,43,3,65,68,50,50
CRS3035RES100mN2725000E4187900,Raster CRS3035RES100mN2725000E4187900,47.6247525,8.2308421,43,11,53,72,50,50
CRS3035RES100mN2726200E4197400,Raster CRS3035RES100mN2726200E4197400,47.6375203,8.3567809,43,30,38,59,50,50
CRS3035RES100mN2724500E4188100,Raster CRS3035RES100mN2724500E4188100,47.620297,8.2336547,43,4,63,69,50,50
CRS3035RES100mN2728100E4193600,Raster CRS3035RES100mN2728100E4193600,47.653844,8.3056942,43,7,54,76,50,50
CRS3035RES100mN2724800E4195500,Raster CRS3035RES100mN2724800E4195500,47.6245415,8.3319259,43,6,64,63,50,50
CRS3035RES100mN2726700E4197100,Raster CRS3035RES100mN2726700E4197100,47.641959,8.3526482,43,6,68,59,50,50
CRS3035RES100mN2722600E4196600,Raster CRS3035RES100mN2722600E4196600,47.6049692,8.3471823,43,8,71,52,50,50
CRS3035RES100mN2720800E4179000,Raster CRS3035RES100mN2720800E4179000,47.5849875,8.1139249,43,9,63,61,50,50
CRS3035RES100mN2722500E4196700,Raster CRS3035RES100mN2722500E4196700,47.6040895,8.3485398,43,9,70,52,50,50
CRS3035RES100mN2724800E4195300,Raster CRS3035RES100mN2724800E4195300,47.6245009,8.3292673,43,3,67,63,50,50
CRS3035RES100mN2723500E4182900,Raster CRS3035RES100mN2723500E4182900,47.6101614,8.1648612,43,3,57,77,50,50
CRS3035RES100mN2730600E4182800,Raster CRS3035RES100mN2730600E4182800,47.6740159,8.161255,43,3,48,86,50,50
CRS3035RES100mN2727700E4197000,Raster CRS3035RES100mN2727700E4197000,47.6509363,8.3510307,42,2,61,69,50,50
CRS3035RES100mN2721200E4193300,Raster CRS3035RES100mN2721200E4193300,47.5917008,8.3037472,42,8,63,57,50,50
CRS3035RES100mN2728700E4197800,Raster CRS3035RES100mN2728700E4197800,47.6600935,8.3613843,42,7,48,79,50,50
CRS3035RES100mN2722700E4178200,Raster CRS3035RES100mN2722700E4178200,47.6018974,8.1026713,42,7,50,76,50,50
CRS3035RES100mN2722700E4178300,Raster CRS3035RES100mN2722700E4178300,47.6019204,8.1039999,42,7,48,76,50,50
CRS3035RES100mN2721300E4197900,Raster CRS3035RES100mN2721300E4197900,47.5935322,8.3648271,42,7,75,41,50,50
CRS3035RES100mN2725800E4192700,Raster CRS3035RES100mN2725800E4192700,47.6329644,8.294409,42,6,60,65,50,50
CRS3035RES100mN2722300E4180600,Raster CRS3035RES100mN2722300E4180600,47.5988477,8.1346884,42,8,57,66,50,50
CRS3035RES100mN2728800E4181600,Raster CRS3035RES100mN2728800E4181600,47.6575525,8.1458722,42,3,50,81,50,50
CRS3035RES100mN2729100E4188700,Raster CRS3035RES100mN2729100E4188700,47.6618118,8.240217,42,6,62,60,50,50
CRS3035RES100mN2727200E4189000,Raster CRS3035RES100mN2727200E4189000,47.6447817,8.2447901,42,8,58,62,50,50
CRS3035RES100mN2729000E4181500,Raster CRS3035RES100mN2729000E4181500,47.6593293,8.1444773,42,4,48,83,50,50
CRS3035RES100mN2727600E4180400,Raster CRS3035RES100mN2727600E4180400,47.6464849,8.1303033,42,7,48,78,50,50
CRS3035RES100mN2728100E4193800,Raster CRS3035RES100mN2728100E4193800,47.6538852,8.3083542,42,2,56,76,50,50
CRS3035RES100mN2727300E4180400,Raster CRS3035RES100mN2727300E4180400,47.6437859,8.1304012,42,5,51,78,50,50
CRS3035RES100mN2726500E4197000,Raster CRS3035RES100mN2726500E4197000,47.6401395,8.3513761,42,6,62,59,50,50
CRS3035RES100mN2721500E4194500,Raster CRS3035RES100mN2721500E4194500,47.5946464,8.3196005,42,5,64,58,50,50
CRS3035RES100mN2725200E4194100,Raster CRS3035RES100mN2725200E4194100,47.6278548,8.3131984,42,3,62,68,50,50
CRS3035RES100mN2729700E4194700,Raster CRS3035RES100mN2729700E4194700,47.6684651,8.319855,42,5,69,55,50,50
CRS3035RES100mN2726800E4188900,Raster CRS3035RES100mN2726800E4188900,47.6411616,8.243583,42,6,73,48,50,50
CRS3035RES100mN2721900E4180400,Raster CRS3035RES100mN2721900E4180400,47.5952035,8.1321615,42,3,60,66,50,50
CRS3035RES100mN2724600E4188200,Raster CRS3035RES100mN2724600E4188200,47.6212182,8.234953,42,4,59,69,50,50
CRS3035RES100mN2730600E4183800,Raster CRS3035RES100mN2730600E4183800,47.6742387,8.1745599,42,7,40,85,50,50
CRS3035RES100mN2726100E4194000,Raster CRS3035RES100mN2726100E4194000,47.6359318,8.3116039,42,2,59,70,50,50
CRS3035RES100mN2728600E4198000,Raster CRS3035RES100mN2728600E4198000,47.6592336,8.3640732,42,5,46,80,50,50
CRS3035RES100mN2719300E4198700,Raster CRS3035RES100mN2719300E4198700,47.5756954,8.3760211,42,9,62,57,50,50
CRS3035RES100mN2721200E4193200,Raster CRS3035RES100mN2721200E4193200,47.5916802,8.3024188,42,5,67,57,50,50
CRS3035RES100mN2727900E4196500,Raster CRS3035RES100mN2727900E4196500,47.6526353,8.3443231,42,5,59,64,50,50
CRS3035RES100mN2725100E4194800,Raster CRS3035RES100mN2725100E4194800,47.6270983,8.3225332,42,7,55,68,50,50
CRS3035RES100mN2725400E4192700,Raster CRS3035RES100mN2725400E4192700,47.6293655,8.294528,42,2,63,65,50,50
CRS3035RES100mN2727100E4197500,Raster CRS3035RES100mN2727100E4197500,47.645638,8.3578525,42,3,58,69,50,50
CRS3035RES100mN2725700E4194000,Raster CRS3035RES100mN2725700E4194000,47.6323329,8.3117218,42,7,56,68,50,50
CRS3035RES100mN2730100E4178500,Raster CRS3035RES100mN2730100E4178500,47.6685411,8.1042104,42,2,52,81,50,50
CRS3035RES100mN2723800E4195500,Raster CRS3035RES100mN2723800E4195500,47.6155441,8.3322168,42,2,73,52,50,50
CRS3035RES100mN2728300E4198200,Raster CRS3035RES100mN2728300E4198200,47.6565742,8.3668192,42,2,50,80,50,50
CRS3035RES100mN2728700E4198500,Raster CRS3035RES100mN2728700E4198500,47.6602326,8.3706957,42,7,44,80,50,50
CRS3035RES100mN2720500E4193800,Raster CRS3035RES100mN2720500E4193800,47.5855055,8.3105955,42,30,37,56,50,50
CRS3035RES100mN2726800E4189600,Raster CRS3035RES100mN2726800E4189600,47.6413107,8.2528907,42,11,52,65,50,50
CRS3035RES100mN2724000E4179100,Raster CRS3035RES100mN2724000E4179100,47.6138001,8.1142014,42,2,57,74,50,50
CRS3035RES100mN2723900E4192700,Raster CRS3035RES100mN2723900E4192700,47.6158696,8.2949743,42,4,58,68,50,50
CRS3035RES100mN2724700E4180600,Raster CRS3035RES100mN2724700E4180600,47.62044,8.1339075,42,5,54,73,50,50
CRS3035RES100mN2719000E4195400,Raster CRS3035RES100mN2719000E4195400,47.5723357,8.3322837,42,11,58,57,50,50
CRS3035RES100mN2727800E4198000,Raster CRS3035RES100mN2727800E4198000,47.6520358,8.3643018,42,2,50,80,50,50
CRS3035RES100mN2723700E4193000,Raster CRS3035RES100mN2723700E4193000,47.6141323,8.2990207,42,4,67,58,50,50
CRS3035RES100mN2731200E4193800,Raster CRS3035RES100mN2731200E4193800,47.6817762,8.3074379,42,3,55,72,50,50
CRS3035RES100mN2722200E4180800,Raster CRS3035RES100mN2722200E4180800,47.5979933,8.1373779,42,5,61,66,50,50
CRS3035RES100mN2726200E4186300,Raster CRS3035RES100mN2726200E4186300,47.6352026,8.2091993,42,27,48,46,50,50
CRS3035RES100mN2725200E4194300,Raster CRS3035RES100mN2725200E4194300,47.6278958,8.3158571,42,2,62,68,50,50
CRS3035RES100mN2726800E4189300,Raster CRS3035RES100mN2726800E4189300,47.6412469,8.2489017,42,5,61,65,50,50
CRS3035RES100mN2728800E4182000,Raster CRS3035RES100mN2728800E4182000,47.6576426,8.1511925,42,6,45,83,50,50
CRS3035RES100mN2721400E4197900,Raster CRS3035RES100mN2721400E4197900,47.594432,8.3647986,42,11,73,41,50,50
CRS3035RES100mN2724300E4188600,Raster CRS3035RES100mN2724300E4188600,47.6186048,8.2403617,42,3,61,69,50,50
CRS3035RES100mN2721700E4194500,Raster CRS3035RES100mN2721700E4194500,47.5964459,8.3195419,42,5,66,58,50,50
CRS3035RES100mN2731400E4194000,Raster CRS3035RES100mN2731400E4194000,47.6836167,8.3100403,42,9,48,75,50,50
CRS3035RES100mN2726000E4193100,Raster CRS3035RES100mN2726000E4193100,47.6348467,8.2996676,42,8,51,70,50,50
CRS3035RES100mN2727300E4189100,Raster CRS3035RES100mN2727300E4189100,47.6457028,8.2460892,42,8,60,62,50,50
CRS3035RES100mN2724000E4190800,Raster CRS3035RES100mN2724000E4190800,47.6163725,8.2696925,42,6,54,69,50,50
CRS3035RES100mN2728000E4185700,Raster CRS3035RES100mN2728000E4185700,47.651266,8.200657,42,5,62,63,50,50
CRS3035RES100mN2726500E4197300,Raster CRS3035RES100mN2726500E4197300,47.6401996,8.3553651,42,9,61,59,50,50
CRS3035RES100mN2724500E4180200,Raster CRS3035RES100mN2724500E4180200,47.6185497,8.1286564,42,4,55,73,50,50
CRS3035RES100mN2728800E4182100,Raster CRS3035RES100mN2728800E4182100,47.6576651,8.1525225,42,5,44,83,50,50
CRS3035RES100mN2727300E4189500,Raster CRS3035RES100mN2727300E4189500,47.645788,8.2514084,42,7,61,62,50,50
CRS3035RES100mN2730900E4181900,Raster CRS3035RES100mN2730900E4181900,47.6765129,8.1491836,42,4,44,84,50,50
CRS3035RES100mN2727600E4180100,Raster CRS3035RES100mN2727600E4180100,47.6464166,8.126314,42,2,55,78,50,50
CRS3035RES100mN2724300E4190500,Raster CRS3035RES100mN2724300E4190500,47.6190084,8.2656146,42,11,48,69,50,50
CRS3035RES100mN2726900E4192300,Raster CRS3035RES100mN2726900E4192300,47.6427782,8.2887626,42,3,57,74,50,50
CRS3035RES100mN2721800E4180400,Raster CRS3035RES100mN2721800E4180400,47.5943039,8.1321941,42,2,64,66,50,50
CRS3035RES100mN2732200E4189900,Raster CRS3035RES100mN2732200E4189900,47.6899579,8.2552347,42,4,44,85,50,50
CRS3035RES100mN2731200E4182300,Raster CRS3035RES100mN2731200E4182300,47.6793018,8.154409,42,7,41,86,50,50
CRS3035RES100mN2722800E4181800,Raster CRS3035RES100mN2722800E4181800,47.6036171,8.1504698,42,2,58,74,50,50
CRS3035RES100mN2720900E4179500,Raster CRS3035RES100mN2720900E4179500,47.5860017,8.1205331,41,5,59,61,50,50
CRS3035RES100mN2724800E4185800,Raster CRS3035RES100mN2724800E4185800,47.6224978,8.2029908,41,2,51,78,50,50
CRS3035RES100mN2723900E4183500,Raster CRS3035RES100mN2723900E4183500,47.6138937,8.1727069,41,2,50,78,50,50
CRS3035RES100mN2726900E4192200,Raster CRS3035RES100mN2726900E4192200,47.6427574,8.2874328,41,8,47,74,50,50
CRS3035RES100mN2728000E4180200,Raster CRS3035RES100mN2728000E4180200,47.650038,8.127513,41,6,41,83,50,50
CRS3035RES100mN2722300E4181400,Raster CRS3035RES100mN2722300E4181400,47.5990286,8.1453168,41,3,50,74,50,50
CRS3035RES100mN2724900E4185300,Raster CRS3035RES100mN2724900E4185300,47.623288,8.1963135,41,2,49,78,50,50
CRS3035RES100mN2729900E4186600,Raster CRS3035RES100mN2729900E4186600,47.6685562,8.2120331,41,5,65,56,50,50
CRS3035RES100mN2721000E4178400,Raster CRS3035RES100mN2721000E4178400,47.586649,8.1058898,41,5,58,62,50,50
CRS3035RES100mN2728800E4181300,Raster CRS3035RES100mN2728800E4181300,47.6574848,8.141882,41,5,43,81,50,50
CRS3035RES100mN2720400E4178400,Raster CRS3035RES100mN2720400E4178400,47.5812509,8.1060878,41,3,64,60,50,50
CRS3035RES100mN2720800E4178700,Raster CRS3035RES100mN2720800E4178700,47.5849187,8.1099404,41,4,61,60,50,50
CRS3035RES100mN2724400E4194600,Raster CRS3035RES100mN2724400E4194600,47.6207593,8.3200797,41,2,61,64,50,50
CRS3035RES100mN2727900E4193600,Raster CRS3035RES100mN2727900E4193600,47.6520445,8.3057534,41,4,51,72,50,50
CRS3035RES100mN2729700E4199200,Raster CRS3035RES100mN2729700E4199200,47.6693683,8.3797242,41,6,42,79,50,50
CRS3035RES100mN2724800E4195000,Raster CRS3035RES100mN2724800E4195000,47.6244398,8.3252795,41,2,62,63,50,50
CRS3035RES100mN2726400E4191100,Raster CRS3035RES100mN2726400E4191100,47.6380287,8.2729566,41,4,51,71,50,50
CRS3035RES100mN2727400E4180400,Raster CRS3035RES100mN2727400E4180400,47.6446855,8.1303686,41,7,43,78,50,50
CRS3035RES100mN2723800E4192900,Raster CRS3035RES100mN2723800E4192900,47.6150113,8.297662,41,5,53,68,50,50
CRS3035RES100mN2721900E4180800,Raster CRS3035RES100mN2721900E4180800,47.5952943,8.1374753,41,7,54,66,50,50
CRS3035RES100mN2722200E4196500,Raster CRS3035RES100mN2722200E4196500,47.6013501,8.3459689,41,3,69,52,50,50
CRS3035RES100mN2730600E4184000,Raster CRS3035RES100mN2730600E4184000,47.6742831,8.1772209,41,3,44,85,50,50
CRS3035RES100mN2723200E4183500,Raster CRS3035RES100mN2723200E4183500,47.6075959,8.1729299,41,6,45,78,50,50
CRS3035RES100mN2725200E4194500,Raster CRS3035RES100mN2725200E4194500,47.6279367,8.3185158,41,2,58,68,50,50
CRS3035RES100mN2731200E4182200,Raster CRS3035RES100mN2731200E4182200,47.6792793,8.1530784,41,2,43,86,50,50
CRS3035RES100mN2726500E4191700,Raster CRS3035RES100mN2726500E4191700,47.6390542,8.2809042,41,2,56,71,50,50
CRS3035RES100mN2722600E4196700,Raster CRS3035RES100mN2722600E4196700,47.6049893,8.348511,41,5,65,52,50,50
CRS3035RES100mN2729400E4199200,Raster CRS3035RES100mN2729400E4199200,47.6666691,8.3798091,41,2,48,79,50,50
CRS3035RES100mN2727600E4196700,Raster CRS3035RES100mN2727600E4196700,47.6499763,8.3470696,41,2,60,64,50,50
CRS3035RES100mN2719200E4195100,Raster CRS3035RES100mN2719200E4195100,47.5740743,8.3282417,41,8,58,57,50,50
CRS3035RES100mN2722700E4178500,Raster CRS3035RES100mN2722700E4178500,47.6019665,8.1066571,41,2,51,76,50,50
CRS3035RES100mN2724200E4188500,Raster CRS3035RES100mN2724200E4188500,47.6176837,8.2390633,41,5,53,69,50,50
CRS3035RES100mN2728700E4182100,Raster CRS3035RES100mN2728700E4182100,47.6567654,8.1525548,41,5,41,83,50,50
CRS3035RES100mN2727200E4189500,Raster CRS3035RES100mN2727200E4189500,47.6448882,8.2514389,41,2,61,62,50,50
CRS3035RES100mN2732100E4178800,Raster CRS3035RES100mN2732100E4178800,47.686603,8.1075401,41,5,45,80,50,50
CRS3035RES100mN2721600E4194600,Raster CRS3035RES100mN2721600E4194600,47.5955666,8.3208997,41,8,59,58,50,50
CRS3035RES100mN2724700E4188000,Raster CRS3035RES100mN2724700E4188000,47.6220749,8.2322639,41,7,50,69,50,50
CRS3035RES100mN2730800E4185000,Raster CRS3035RES100mN2730800E4185000,47.6763033,8.1904628,41,2,43,86,50,50
CRS3035RES100mN2728300E4198400,Raster CRS3035RES100mN2728300E4198400,47.6566139,8.3694794,41,2,48,80,50,50
CRS3035RES100mN2729500E4186500,Raster CRS3035RES100mN2729500E4186500,47.6649358,8.2108278,41,7,60,56,50,50
CRS3035RES100mN2730200E4178300,Raster CRS3035RES100mN2730200E4178300,47.6693946,8.1015165,41,2,46,81,50,50
CRS3035RES100mN2721600E4194300,Raster CRS3035RES100mN2721600E4194300,47.5955052,8.3169141,41,8,58,58,50,50
CRS3035RES100mN2722000E4180500,Raster CRS3035RES100mN2722000E4180500,47.5961259,8.1334574,41,4,55,66,50,50
CRS3035RES100mN2728200E4185400,Raster CRS3035RES100mN2728200E4185400,47.6529996,8.1966043,41,2,62,63,50,50
CRS3035RES100mN2722800E4182000,Raster CRS3035RES100mN2722800E4182000,47.6036621,8.1531271,41,2,50,77,50,50
CRS3035RES100mN2723500E4188200,Raster CRS3035RES100mN2723500E4188200,47.6113214,8.2352916,41,31,38,50,50,50
CRS3035RES100mN2725200E4185800,Raster CRS3035RES100mN2725200E4185800,47.6260966,8.2028654,41,9,56,61,50,50
CRS3035RES100mN2730900E4188800,Raster CRS3035RES100mN2730900E4188800,47.6780276,8.2409942,41,9,49,67,50,50
CRS3035RES100mN2724600E4180500,Raster CRS3035RES100mN2724600E4180500,47.6195176,8.132611,41,2,55,73,50,50
CRS3035RES100mN2722000E4180100,Raster CRS3035RES100mN2722000E4180100,47.596035,8.1281435,41,6,54,66,50,50
CRS3035RES100mN2721200E4178700,Raster CRS3035RES100mN2721200E4178700,47.5885174,8.1098086,41,5,57,62,50,50
CRS3035RES100mN2723000E4193000,Raster CRS3035RES100mN2723000E4193000,47.6078341,8.2992284,41,9,58,58,50,50
CRS3035RES100mN2726200E4182400,Raster CRS3035RES100mN2726200E4182400,47.634341,8.1573493,40,3,64,54,50,50
CRS3035RES100mN2723800E4183300,Raster CRS3035RES100mN2723800E4183300,47.6129496,8.1700809,40,2,45,78,50,50
CRS3035RES100mN2727100E4188600,Raster CRS3035RES100mN2727100E4188600,47.6437965,8.2395018,40,10,62,47,50,50
CRS3035RES100mN2730600E4184800,Raster CRS3035RES100mN2730600E4184800,47.6744599,8.187865,40,5,35,85,50,50
CRS3035RES100mN2721400E4197800,Raster CRS3035RES100mN2721400E4197800,47.5944121,8.36347,40,3,75,41,50,50
CRS3035RES100mN2728000E4197200,Raster CRS3035RES100mN2728000E4197200,47.6536756,8.3536043,40,3,42,79,50,50
CRS3035RES100mN2725400E4181900,Raster CRS3035RES100mN2725400E4181900,47.6270313,8.1509601,40,2,45,78,50,50
CRS3035RES100mN2726300E4183900,Raster CRS3035RES100mN2726300E4183900,47.635575,8.1772596,40,8,58,51,50,50
CRS3035RES100mN2726800E4197500,Raster CRS3035RES100mN2726800E4197500,47.6429387,8.3579385,40,4,59,59,50,50
CRS3035RES100mN2726800E4197600,Raster CRS3035RES100mN2726800E4197600,47.6429587,8.3592683,40,4,59,59,50,50
CRS3035RES100mN2728400E4185200,Raster CRS3035RES100mN2728400E4185200,47.6547551,8.1938813,40,4,55,63,50,50
CRS3035RES100mN2727500E4189100,Raster CRS3035RES100mN2727500E4189100,47.6475022,8.246028,40,10,47,62,50,50
CRS3035RES100mN2729800E4195000,Raster CRS3035RES100mN2729800E4195000,47.6694261,8.323817,40,4,63,55,50,50
CRS3035RES100mN2722200E4180500,Raster CRS3035RES100mN2722200E4180500,47.5979253,8.1333923,40,8,48,66,50,50
CRS3035RES100mN2723800E4183500,Raster CRS3035RES100mN2723800E4183500,47.612994,8.1727388,40,2,45,78,50,50
CRS3035RES100mN2727800E4189000,Raster CRS3035RES100mN2727800E4189000,47.6501799,8.2446062,40,5,56,62,50,50
CRS3035RES100mN2719300E4195400,Raster CRS3035RES100mN2719300E4195400,47.575035,8.3321965,40,7,55,57,50,50
CRS3035RES100mN2727600E4183600,Raster CRS3035RES100mN2727600E4183600,47.6472042,8.1728565,40,5,50,65,50,50
CRS3035RES100mN2727100E4196500,Raster CRS3035RES100mN2727100E4196500,47.6454374,8.3445543,40,9,50,64,50,50
CRS3035RES100mN2728100E4180400,Raster CRS3035RES100mN2728100E4180400,47.6509832,8.1301401,40,5,37,83,50,50
CRS3035RES100mN2725800E4184300,Raster CRS3035RES100mN2725800E4184300,47.6311651,8.1827362,40,7,60,53,50,50
CRS3035RES100mN2726400E4197400,Raster CRS3035RES100mN2726400E4197400,47.6393198,8.3567235,40,3,58,59,50,50
CRS3035RES100mN2722900E4181500,Raster CRS3035RES100mN2722900E4181500,47.6044493,8.1464514,40,5,43,74,50,50
CRS3035RES100mN2721600E4180200,Raster CRS3035RES100mN2721600E4180200,47.592459,8.1296024,40,7,50,66,50,50
CRS3035RES100mN2727400E4180600,Raster CRS3035RES100mN2727400E4180600,47.644731,8.1330281,40,2,47,78,50,50
CRS3035RES100mN2723500E4188000,Raster CRS3035RES100mN2723500E4188000,47.6112784,8.2326338,40,6,62,50,50,50
CRS3035RES100mN2727900E4197700,Raster CRS3035RES100mN2727900E4197700,47.6528757,8.3602832,40,2,52,69,50,50
CRS3035RES100mN2729300E4198500,Raster CRS3035RES100mN2729300E4198500,47.665631,8.3705249,40,4,43,80,50,50
CRS3035RES100mN2729400E4199100,Raster CRS3035RES100mN2729400E4199100,47.6666494,8.3784787,40,3,42,79,50,50
CRS3035RES100mN2730100E4178400,Raster CRS3035RES100mN2730100E4178400,47.668518,8.10288,40,2,41,81,50,50
CRS3035RES100mN2727700E4189100,Raster CRS3035RES100mN2727700E4189100,47.6493016,8.2459667,40,8,49,62,50,50
CRS3035RES100mN2726900E4189700,Raster CRS3035RES100mN2726900E4189700,47.6422316,8.2541899,40,6,51,65,50,50
CRS3035RES100mN2730900E4183100,Raster CRS3035RES100mN2730900E4183100,47.6767819,8.1651503,40,5,38,85,50,50
CRS3035RES100mN2724100E4190800,Raster CRS3035RES100mN2724100E4190800,47.6172722,8.2696623,40,4,49,69,50,50
CRS3035RES100mN2730800E4183500,Raster CRS3035RES100mN2730800E4183500,47.6759713,8.1705045,40,2,39,85,50,50
CRS3035RES100mN2725600E4192700,Raster CRS3035RES100mN2725600E4192700,47.6311649,8.2944685,40,2,56,65,50,50
CRS3035RES100mN2718800E4198600,Raster CRS3035RES100mN2718800E4198600,47.5711768,8.3748346,40,2,60,59,50,50
CRS3035RES100mN2731000E4182400,Raster CRS3035RES100mN2731000E4182400,47.6775249,8.1558041,40,2,39,86,50,50
CRS3035RES100mN2728900E4188900,Raster CRS3035RES100mN2728900E4188900,47.6600552,8.2429388,40,5,40,81,50,50
CRS3035RES100mN2719000E4195100,Raster CRS3035RES100mN2719000E4195100,47.5722748,8.3282999,40,3,59,57,50,50
CRS3035RES100mN2721600E4194900,Raster CRS3035RES100mN2721600E4194900,47.5956277,8.3248853,39,6,54,58,50,50
CRS3035RES100mN2724400E4187600,Raster CRS3035RES100mN2724400E4187600,47.6192897,8.2270399,39,5,42,71,50,50
CRS3035RES100mN2721100E4178800,Raster CRS3035RES100mN2721100E4178800,47.5876407,8.1111698,39,2,53,62,50,50
CRS3035RES100mN2727100E4197700,Raster CRS3035RES100mN2727100E4197700,47.6456779,8.3605122,39,7,42,69,50,50
CRS3035RES100mN2727400E4180200,Raster CRS3035RES100mN2727400E4180200,47.64464,8.1277092,39,2,40,78,50,50
CRS3035RES100mN2727700E4196700,Raster CRS3035RES100mN2727700E4196700,47.6508761,8.3470408,39,8,45,64,50,50
CRS3035RES100mN2726300E4186200,Raster CRS3035RES100mN2726300E4186200,47.6360805,8.2078385,39,6,63,46,50,50
CRS3035RES100mN2729200E4186900,Raster CRS3035RES100mN2729200E4186900,47.6623236,8.2162424,39,3,56,56,50,50
CRS3035RES100mN2729000E4186900,Raster CRS3035RES100mN2729000E4186900,47.6605243,8.2163047,39,3,59,56,50,50
CRS3035RES100mN2726500E4192000,Raster CRS3035RES100mN2726500E4192000,47.6391168,8.2848931,39,3,44,74,50,50
CRS3035RES100mN2728400E4189700,Raster CRS3035RES100mN2728400E4189700,47.6557272,8.2537326,39,2,52,64,50,50
CRS3035RES100mN2727800E4197800,Raster CRS3035RES100mN2727800E4197800,47.6519959,8.3616418,39,3,47,69,50,50
CRS3035RES100mN2724500E4187400,Raster CRS3035RES100mN2724500E4187400,47.6201463,8.2243508,39,2,45,71,50,50
CRS3035RES100mN2727100E4197000,Raster CRS3035RES100mN2727100E4197000,47.6455379,8.3512034,39,2,48,69,50,50
CRS3035RES100mN2723700E4179200,Raster CRS3035RES100mN2723700E4179200,47.611124,8.1156289,39,2,42,75,50,50
CRS3035RES100mN2726700E4192400,Raster CRS3035RES100mN2726700E4192400,47.6409995,8.290152,39,2,43,74,50,50
CRS3035RES100mN2725700E4190800,Raster CRS3035RES100mN2725700E4190800,47.6316677,8.2691793,39,3,45,73,50,50
CRS3035RES100mN2726900E4192400,Raster CRS3035RES100mN2726900E4192400,47.642799,8.2900923,39,4,41,74,50,50
CRS3035RES100mN2726100E4184100,Raster CRS3035RES100mN2726100E4184100,47.6338199,8.1799822,39,7,57,50,50,50
CRS3035RES100mN2725800E4193700,Raster CRS3035RES100mN2725800E4193700,47.633171,8.3077038,39,2,48,70,50,50
CRS3035RES100mN2720300E4178300,Raster CRS3035RES100mN2720300E4178300,47.5803282,8.1047928,39,5,53,60,50,50
CRS3035RES100mN2723900E4195300,Raster CRS3035RES100mN2723900E4195300,47.6164032,8.3295296,39,7,56,52,50,50
CRS3035RES100mN2722300E4196700,Raster CRS3035RES100mN2722300E4196700,47.60229,8.3485974,39,6,56,52,50,50
CRS3035RES100mN2725300E4181900,Raster CRS3035RES100mN2725300E4181900,47.6261317,8.1509924,39,4,40,78,50,50
CRS3035RES100mN2721400E4194700,Raster CRS3035RES100mN2721400E4194700,47.5937875,8.3222867,39,6,54,58,50,50
CRS3035RES100mN2724900E4185200,Raster CRS3035RES100mN2724900E4185200,47.6232661,8.1949843,39,2,40,78,50,50
CRS3035RES100mN2724700E4194600,Raster CRS3035RES100mN2724700E4194600,47.6234585,8.3199917,39,5,48,64,50,50
CRS3035RES100mN2723800E4178900,Raster CRS3035RES100mN2723800E4178900,47.6119548,8.1116094,39,3,60,54,50,50
CRS3035RES100mN2724700E4184700,Raster CRS3035RES100mN2724700E4184700,47.6213568,8.1884015,39,3,41,77,50,50
CRS3035RES100mN2730900E4182500,Raster CRS3035RES100mN2730900E4182500,47.6766477,8.1571669,39,5,33,86,50,50
CRS3035RES100mN2728200E4198200,Raster CRS3035RES100mN2728200E4198200,47.6556745,8.3668477,39,2,40,80,50,50
CRS3035RES100mN2720600E4193300,Raster CRS3035RES100mN2720600E4193300,47.5863023,8.3039246,39,5,56,56,50,50
CRS3035RES100mN2719300E4195200,Raster CRS3035RES100mN2719300E4195200,47.5749944,8.3295405,39,3,57,57,50,50
CRS3035RES100mN2729300E4198700,Raster CRS3035RES100mN2729300E4198700,47.6656706,8.3731856,39,7,34,80,50,50
CRS3035RES100mN2727100E4189600,Raster CRS3035RES100mN2727100E4189600,47.6440098,8.2527992,39,5,52,62,50,50
CRS3035RES100mN2724300E4190600,Raster CRS3035RES100mN2724300E4190600,47.6190295,8.2669437,39,2,48,69,50,50
CRS3035RES100mN2727800E4185800,Raster CRS3035RES100mN2727800E4185800,47.6494885,8.2020497,39,3,63,49,50,50
CRS3035RES100mN2720100E4178000,Raster CRS3035RES100mN2720100E4178000,47.5784596,8.1008748,39,4,53,60,50,50
CRS3035RES100mN2728000E4193600,Raster CRS3035RES100mN2728000E4193600,47.6529443,8.3057238,39,2,43,76,50,50
CRS3035RES100mN2722800E4193200,Raster CRS3035RES100mN2722800E4193200,47.606076,8.3019452,38,2,47,66,50,50
CRS3035RES100mN2730600E4188900,Raster CRS3035RES100mN2730600E4188900,47.6753499,8.2424169,38,7,42,67,50,50
CRS3035RES100mN2720600E4178600,Raster CRS3035RES100mN2720600E4178600,47.5830963,8.1086781,38,6,45,60,50,50
CRS3035RES100mN2724100E4195400,Raster CRS3035RES100mN2724100E4195400,47.618223,8.3308004,38,5,44,63,50,50
CRS3035RES100mN2727900E4180500,Raster CRS3035RES100mN2727900E4180500,47.6492066,8.1315352,38,2,39,78,50,50
CRS3035RES100mN2730900E4183200,Raster CRS3035RES100mN2730900E4183200,47.6768042,8.1664808,38,5,27,85,50,50
CRS3035RES100mN2724200E4184500,Raster CRS3035RES100mN2724200E4184500,47.6168142,8.1859015,38,2,36,77,50,50
CRS3035RES100mN2727400E4189300,Raster CRS3035RES100mN2727400E4189300,47.6466451,8.2487182,38,5,46,62,50,50
CRS3035RES100mN2724500E4185200,Raster CRS3035RES100mN2724500E4185200,47.6196673,8.1951102,38,2,37,78,50,50
CRS3035RES100mN2725500E4186900,Raster CRS3035RES100mN2725500E4186900,47.6290351,8.2173942,38,4,56,51,50,50
CRS3035RES100mN2725100E4186200,Raster CRS3035RES100mN2725100E4186200,47.6252842,8.2082138,38,7,52,51,50,50
CRS3035RES100mN2723000E4187500,Raster CRS3035RES100mN2723000E4187500,47.6066722,8.226144,38,2,44,68,50,50
CRS3035RES100mN2728500E4197000,Raster CRS3035RES100mN2728500E4197000,47.6581341,8.3508003,38,2,38,79,50,50
CRS3035RES100mN2727300E4189300,Raster CRS3035RES100mN2727300E4189300,47.6457454,8.2487488,38,2,48,62,50,50
CRS3035RES100mN2718900E4198800,Raster CRS3035RES100mN2718900E4198800,47.5721161,8.3774622,38,4,50,59,50,50
CRS3035RES100mN2724300E4187600,Raster CRS3035RES100mN2724300E4187600,47.61839,8.2270709,38,5,41,71,50,50
CRS3035RES100mN2725000E4190600,Raster CRS3035RES100mN2725000E4190600,47.6253275,8.2667321,38,2,42,73,50,50
CRS3035RES100mN2726100E4184200,Raster CRS3035RES100mN2726100E4184200,47.633842,8.1813116,38,5,58,50,50,50
CRS3035RES100mN2728400E4185300,Raster CRS3035RES100mN2728400E4185300,47.654777,8.1952113,38,3,48,63,50,50
CRS3035RES100mN2719100E4198400,Raster CRS3035RES100mN2719100E4198400,47.5738366,8.3720937,38,2,53,57,50,50
CRS3035RES100mN2729000E4181700,Raster CRS3035RES100mN2729000E4181700,47.6593744,8.1471375,38,5,30,83,50,50
CRS3035RES100mN2725700E4184200,Raster CRS3035RES100mN2725700E4184200,47.6302433,8.1814386,38,8,50,53,50,50
CRS3035RES100mN2728300E4193900,Raster CRS3035RES100mN2728300E4193900,47.6557052,8.3096252,38,2,38,76,50,50
CRS3035RES100mN2725100E4185900,Raster CRS3035RES100mN2725100E4185900,47.6252187,8.204226,38,10,41,61,50,50
CRS3035RES100mN2722800E4178300,Raster CRS3035RES100mN2722800E4178300,47.6028201,8.1039668,38,4,36,76,50,50
CRS3035RES100mN2732300E4181600,Raster CRS3035RES100mN2732300E4181600,47.6890404,8.144738,38,2,32,84,50,50
CRS3035RES100mN2728400E4189600,Raster CRS3035RES100mN2728400E4189600,47.6557059,8.2524026,38,5,46,64,50,50
CRS3035RES100mN2727300E4183300,Raster CRS3035RES100mN2727300E4183300,47.6444384,8.168963,38,7,42,65,50,50
CRS3035RES100mN2729700E4194800,Raster CRS3035RES100mN2729700E4194800,47.6684856,8.3211854,38,2,57,55,50,50
CRS3035RES100mN2724900E4193600,Raster CRS3035RES100mN2724900E4193600,47.6250529,8.3066403,38,3,47,63,50,50
CRS3035RES100mN2728500E4182000,Raster CRS3035RES100mN2728500E4182000,47.6549436,8.1512893,38,5,30,83,50,50
CRS3035RES100mN2726800E4191900,Raster CRS3035RES100mN2726800E4191900,47.6417951,8.2834736,38,3,42,71,50,50
CRS3035RES100mN2724400E4190600,Raster CRS3035RES100mN2724400E4190600,47.6199292,8.2669135,38,2,44,69,50,50
CRS3035RES100mN2730800E4183400,Raster CRS3035RES100mN2730800E4183400,47.6759491,8.169174,38,2,30,85,50,50
CRS3035RES100mN2730900E4188900,Raster CRS3035RES100mN2730900E4188900,47.678049,8.2423248,38,2,44,67,50,50
CRS3035RES100mN2725000E4195400,Raster CRS3035RES100mN2725000E4195400,47.6263206,8.3305383,38,7,41,67,50,50
CRS3035RES100mN2730500E4182900,Raster CRS3035RES100mN2730500E4182900,47.6731386,8.1626176,38,2,31,86,50,50
CRS3035RES100mN2728300E4185400,Raster CRS3035RES100mN2728300E4185400,47.6538993,8.1965728,38,6,46,63,50,50
CRS3035RES100mN2729800E4195100,Raster CRS3035RES100mN2729800E4195100,47.6694465,8.3251474,38,3,56,55,50,50
CRS3035RES100mN2724000E4195100,Raster CRS3035RES100mN2724000E4195100,47.6172623,8.3268423,38,2,51,63,50,50
CRS3035RES100mN2720700E4178800,Raster CRS3035RES100mN2720700E4178800,47.5840419,8.1113015,38,2,51,60,50,50
CRS3035RES100mN2727900E4185700,Raster CRS3035RES100mN2727900E4185700,47.6503663,8.2006884,38,3,60,49,50,50
CRS3035RES100mN2723900E4195400,Raster CRS3035RES100mN2723900E4195400,47.6164235,8.3308587,38,3,56,52,50,50
CRS3035RES100mN2721600E4180500,Raster CRS3035RES100mN2721600E4180500,47.5925272,8.1335876,38,5,44,66,50,50
CRS3035RES100mN2730000E4196700,Raster CRS3035RES100mN2730000E4196700,47.6715698,8.3463766,38,2,36,82,50,50
CRS3035RES100mN2726400E4191700,Raster CRS3035RES100mN2726400E4191700,47.6381545,8.2809342,38,5,41,71,50,50
CRS3035RES100mN2724800E4188100,Raster CRS3035RES100mN2724800E4188100,47.6229961,8.2335622,37,2,41,69,50,50
CRS3035RES100mN2719000E4198400,Raster CRS3035RES100mN2719000E4198400,47.5729368,8.372122,37,2,51,57,50,50
CRS3035RES100mN2720800E4193100,Raster CRS3035RES100mN2720800E4193100,47.5880605,8.3012088,37,2,49,56,50,50
CRS3035RES100mN2729700E4194900,Raster CRS3035RES100mN2729700E4194900,47.668506,8.3225158,37,2,50,55,50,50
CRS3035RES100mN2724100E4190500,Raster CRS3035RES100mN2724100E4190500,47.617209,8.2656751,37,3,38,69,50,50
CRS3035RES100mN2726800E4188800,Raster CRS3035RES100mN2726800E4188800,47.6411402,8.2422533,37,5,54,48,50,50
CRS3035RES100mN2726500E4192400,Raster CRS3035RES100mN2726500E4192400,47.6392001,8.2902117,37,4,35,74,50,50
CRS3035RES100mN2726200E4183900,Raster CRS3035RES100mN2726200E4183900,47.6346753,8.1772914,37,8,48,51,50,50
CRS3035RES100mN2722900E4193300,Raster CRS3035RES100mN2722900E4193300,47.6069964,8.3032444,37,7,37,66,50,50
CRS3035RES100mN2721300E4197800,Raster CRS3035RES100mN2721300E4197800,47.5935123,8.3634986,37,3,61,41,50,50
CRS3035RES100mN2731300E4179800,Raster CRS3035RES100mN2731300E4179800,47.6796352,8.1211109,37,2,53,51,50,50
CRS3035RES100mN2726200E4184000,Raster CRS3035RES100mN2726200E4184000,47.6346974,8.1786209,37,3,53,50,50,50
CRS3035RES100mN2728100E4198100,Raster CRS3035RES100mN2728100E4198100,47.6547549,8.3655461,37,2,31,80,50,50
CRS3035RES100mN2721200E4193400,Raster CRS3035RES100mN2721200E4193400,47.5917214,8.3050757,37,5,47,57,50,50
CRS3035RES100mN2723000E4183300,Raster CRS3035RES100mN2723000E4183300,47.605752,8.1703362,37,2,33,78,50,50
CRS3035RES100mN2726500E4192200,Raster CRS3035RES100mN2726500E4192200,47.6391585,8.2875524,37,7,32,74,50,50
CRS3035RES100mN2726700E4189600,Raster CRS3035RES100mN2726700E4189600,47.640411,8.2529212,37,2,43,65,50,50
CRS3035RES100mN2721500E4194600,Raster CRS3035RES100mN2721500E4194600,47.5946668,8.320929,37,2,49,58,50,50
CRS3035RES100mN2720000E4178100,Raster CRS3035RES100mN2720000E4178100,47.577583,8.1022359,37,2,46,60,50,50
CRS3035RES100mN2724200E4188600,Raster CRS3035RES100mN2724200E4188600,47.6177051,8.2403924,37,3,40,69,50,50
CRS3035RES100mN2724900E4179100,Raster CRS3035RES100mN2724900E4179100,47.6218971,8.1139053,37,2,38,74,50,50
CRS3035RES100mN2729700E4199000,Raster CRS3035RES100mN2729700E4199000,47.6693289,8.3770633,37,2,33,79,50,50
CRS3035RES100mN2722400E4181100,Raster CRS3035RES100mN2722400E4181100,47.5998606,8.1412987,37,2,37,74,50,50
CRS3035RES100mN2720800E4179100,Raster CRS3035RES100mN2720800E4179100,47.5850104,8.1152531,37,5,43,61,50,50
CRS3035RES100mN2721400E4197700,Raster CRS3035RES100mN2721400E4197700,47.5943922,8.3621415,37,6,58,41,50,50
CRS3035RES100mN2720900E4178300,Raster CRS3035RES100mN2720900E4178300,47.5857263,8.1045946,37,6,44,60,50,50
CRS3035RES100mN2724200E4178900,Raster CRS3035RES100mN2724200E4178900,47.6155535,8.1114777,37,2,36,75,50,50
CRS3035RES100mN2727000E4192200,Raster CRS3035RES100mN2727000E4192200,47.6436571,8.2874029,37,2,40,71,50,50
CRS3035RES100mN2725400E4181600,Raster CRS3035RES100mN2725400E4181600,47.6269638,8.1469723,37,2,34,78,50,50
CRS3035RES100mN2721200E4193100,Raster CRS3035RES100mN2721200E4193100,47.5916595,8.3010904,37,7,44,57,50,50
CRS3035RES100mN2726400E4182400,Raster CRS3035RES100mN2726400E4182400,47.6361403,8.157285,37,2,51,54,50,50
CRS3035RES100mN2722900E4183000,Raster CRS3035RES100mN2722900E4183000,47.6047855,8.1663819,37,2,34,77,50,50
CRS3035RES100mN2725000E4180700,Raster CRS3035RES100mN2725000E4180700,47.6231617,8.135139,36,5,31,70,50,50
CRS3035RES100mN2728100E4185400,Raster CRS3035RES100mN2728100E4185400,47.6520999,8.1966358,36,4,37,63,50,50
CRS3035RES100mN2724900E4180500,Raster CRS3035RES100mN2724900E4180500,47.6222166,8.1325133,36,2,34,73,50,50
CRS3035RES100mN2727700E4196400,Raster CRS3035RES100mN2727700E4196400,47.6508157,8.3430509,36,3,41,64,50,50
CRS3035RES100mN2725300E4180500,Raster CRS3035RES100mN2725300E4180500,47.6258153,8.1323829,36,2,37,70,50,50
CRS3035RES100mN2728500E4188600,Raster CRS3035RES100mN2728500E4188600,47.6563923,8.2390714,36,5,24,81,50,50
CRS3035RES100mN2726100E4193700,Raster CRS3035RES100mN2726100E4193700,47.6358702,8.3076152,36,2,37,70,50,50
CRS3035RES100mN2719900E4178000,Raster CRS3035RES100mN2719900E4178000,47.5766603,8.100941,36,7,36,61,50,50
CRS3035RES100mN2721900E4195200,Raster CRS3035RES100mN2721900E4195200,47.598388,8.3287835,36,2,51,53,50,50
CRS3035RES100mN2725000E4183800,Raster CRS3035RES100mN2725000E4183800,47.6238569,8.1763438,36,11,44,45,50,50
CRS3035RES100mN2724700E4184400,Raster CRS3035RES100mN2724700E4184400,47.6212906,8.1844141,36,5,26,77,50,50
CRS3035RES100mN2721000E4193400,Raster CRS3035RES100mN2721000E4193400,47.5899219,8.3051347,36,3,46,57,50,50
CRS3035RES100mN2720900E4179200,Raster CRS3035RES100mN2720900E4179200,47.585933,8.1165485,36,2,44,61,50,50
CRS3035RES100mN2725300E4190600,Raster CRS3035RES100mN2725300E4190600,47.6280267,8.2666414,36,2,35,73,50,50
CRS3035RES100mN2724000E4190400,Raster CRS3035RES100mN2724000E4190400,47.6162882,8.2643764,36,2,35,69,50,50
CRS3035RES100mN2731300E4186600,Raster CRS3035RES100mN2731300E4186600,47.6811517,8.2115957,36,3,31,75,50,50
CRS3035RES100mN2723900E4195500,Raster CRS3035RES100mN2723900E4195500,47.6164438,8.3321877,36,7,42,52,50,50
CRS3035RES100mN2719000E4198500,Raster CRS3035RES100mN2719000E4198500,47.5729566,8.37345,36,2,47,57,50,50
CRS3035RES100mN2726300E4192500,Raster CRS3035RES100mN2726300E4192500,47.6374215,8.291601,36,2,32,74,50,50
CRS3035RES100mN2730400E4199000,Raster CRS3035RES100mN2730400E4199000,47.675627,8.3768648,36,2,44,62,50,50
CRS3035RES100mN2724000E4178800,Raster CRS3035RES100mN2724000E4178800,47.6137312,8.1102146,36,2,32,75,50,50
CRS3035RES100mN2724100E4194900,Raster CRS3035RES100mN2724100E4194900,47.6181213,8.3241549,36,3,39,64,50,50
CRS3035RES100mN2726700E4189700,Raster CRS3035RES100mN2726700E4189700,47.6404322,8.2542509,36,2,40,65,50,50
CRS3035RES100mN2721300E4194600,Raster CRS3035RES100mN2721300E4194600,47.5928673,8.3209875,36,3,42,58,50,50
CRS3035RES100mN2726000E4184300,Raster CRS3035RES100mN2726000E4184300,47.6329644,8.1826728,36,3,52,50,50,50
CRS3035RES100mN2724000E4192700,Raster CRS3035RES100mN2724000E4192700,47.6167693,8.2949445,36,3,42,58,50,50
CRS3035RES100mN2722900E4193000,Raster CRS3035RES100mN2722900E4193000,47.6069344,8.299258,36,3,39,66,50,50
CRS3035RES100mN2725200E4186400,Raster CRS3035RES100mN2725200E4186400,47.6262274,8.2108411,36,3,50,51,50,50
CRS3035RES100mN2727600E4197000,Raster CRS3035RES100mN2727600E4197000,47.6500366,8.3510595,36,2,36,69,50,50
CRS3035RES100mN2719000E4198900,Raster CRS3035RES100mN2719000E4198900,47.5730356,8.3787619,36,2,48,57,50,50
CRS3035RES100mN2727800E4185700,Raster CRS3035RES100mN2727800E4185700,47.6494666,8.2007198,36,3,53,49,50,50
CRS3035RES100mN2721600E4179800,Raster CRS3035RES100mN2721600E4179800,47.5923679,8.1242889,36,4,38,66,50,50
CRS3035RES100mN2724200E4178400,Raster CRS3035RES100mN2724200E4178400,47.6154385,8.1048328,35,2,27,75,50,50
CRS3035RES100mN2726700E4191200,Raster CRS3035RES100mN2726700E4191200,47.6407489,8.2741958,35,2,32,71,50,50
CRS3035RES100mN2723600E4192600,Raster CRS3035RES100mN2723600E4192600,47.6131497,8.2937345,35,2,32,68,50,50
CRS3035RES100mN2725800E4184200,Raster CRS3035RES100mN2725800E4184200,47.631143,8.1814068,35,5,43,53,50,50
CRS3035RES100mN2726300E4182400,Raster CRS3035RES100mN2726300E4182400,47.6352406,8.1573171,35,2,46,54,50,50
CRS3035RES100mN2722200E4196700,Raster CRS3035RES100mN2722200E4196700,47.6013903,8.3486262,35,7,39,52,50,50
CRS3035RES100mN2723600E4188100,Raster CRS3035RES100mN2723600E4188100,47.6121996,8.2339319,35,4,44,50,50,50
CRS3035RES100mN2724700E4185600,Raster CRS3035RES100mN2724700E4185600,47.6215544,8.2003639,35,2,27,78,50,50
CRS3035RES100mN2726800E4197900,Raster CRS3035RES100mN2726800E4197900,47.6430185,8.3632575,35,2,40,59,50,50
CRS3035RES100mN2723600E4192400,Raster CRS3035RES100mN2723600E4192400,47.6131081,8.2910766,35,2,32,68,50,50
CRS3035RES100mN2725400E4184200,Raster CRS3035RES100mN2725400E4184200,47.6275442,8.1815338,35,3,44,53,50,50
CRS3035RES100mN2722600E4196500,Raster CRS3035RES100mN2722600E4196500,47.6049491,8.3458535,35,2,47,52,50,50
CRS3035RES100mN2725900E4190400,Raster CRS3035RES100mN2725900E4190400,47.6333828,8.2638009,35,2,30,73,50,50
CRS3035RES100mN2727100E4188700,Raster CRS3035RES100mN2727100E4188700,47.6438179,8.2408315,35,2,51,47,50,50
CRS3035RES100mN2720200E4178100,Raster CRS3035RES100mN2720200E4178100,47.5793824,8.1021697,35,4,38,60,50,50
CRS3035RES100mN2719200E4195400,Raster CRS3035RES100mN2719200E4195400,47.5741353,8.3322256,35,5,40,57,50,50
CRS3035RES100mN2729400E4186700,Raster CRS3035RES100mN2729400E4186700,47.6640796,8.2135195,35,3,41,56,50,50
CRS3035RES100mN2727800E4188900,Raster CRS3035RES100mN2727800E4188900,47.6501586,8.2432763,35,6,46,47,50,50
CRS3035RES100mN2725500E4184200,Raster CRS3035RES100mN2725500E4184200,47.6284439,8.181502,34,2,43,53,50,50
CRS3035RES100mN2718900E4195300,Raster CRS3035RES100mN2718900E4195300,47.5714157,8.3309848,34,2,48,47,50,50
CRS3035RES100mN2726400E4184100,Raster CRS3035RES100mN2726400E4184100,47.6365189,8.1798869,34,3,41,50,50,50
CRS3035RES100mN2725600E4194200,Raster CRS3035RES100mN2725600E4194200,47.6314742,8.3144101,34,5,25,68,50,50
CRS3035RES100mN2725200E4180400,Raster CRS3035RES100mN2725200E4180400,47.6248929,8.1310863,34,5,26,70,50,50
CRS3035RES100mN2725500E4182600,Raster CRS3035RES100mN2725500E4182600,47.628088,8.160233,34,2,39,58,50,50
CRS3035RES100mN2728900E4187200,Raster CRS3035RES100mN2728900E4187200,47.6596896,8.2203262,34,7,35,55,50,50
CRS3035RES100mN2720600E4193800,Raster CRS3035RES100mN2720600E4193800,47.5864052,8.310566,34,3,36,56,50,50
CRS3035RES100mN2723100E4192600,Raster CRS3035RES100mN2723100E4192600,47.608651,8.2938833,34,2,31,68,50,50
CRS3035RES100mN2721600E4194200,Raster CRS3035RES100mN2721600E4194200,47.5954848,8.3155856,34,2,37,58,50,50
CRS3035RES100mN2723700E4195600,Raster CRS3035RES100mN2723700E4195600,47.6146646,8.3335749,34,2,41,52,50,50
CRS3035RES100mN2725200E4186500,Raster CRS3035RES100mN2725200E4186500,47.6262492,8.2121704,34,7,35,51,50,50
CRS3035RES100mN2723800E4179300,Raster CRS3035RES100mN2723800E4179300,47.6120466,8.1169249,34,2,23,75,50,50
CRS3035RES100mN2726300E4184200,Raster CRS3035RES100mN2726300E4184200,47.6356414,8.1812482,34,7,39,50,50,50
CRS3035RES100mN2726400E4188800,Raster CRS3035RES100mN2726400E4188800,47.6375414,8.242376,34,8,38,48,50,50
CRS3035RES100mN2726400E4191900,Raster CRS3035RES100mN2726400E4191900,47.6381962,8.2835935,34,2,27,71,50,50
CRS3035RES100mN2726100E4186300,Raster CRS3035RES100mN2726100E4186300,47.6343029,8.2092306,34,9,38,46,50,50
CRS3035RES100mN2722100E4196400,Raster CRS3035RES100mN2722100E4196400,47.6004302,8.344669,34,2,41,52,50,50
CRS3035RES100mN2724500E4184400,Raster CRS3035RES100mN2724500E4184400,47.6194912,8.1844775,34,2,21,77,50,50
CRS3035RES100mN2729900E4194900,Raster CRS3035RES100mN2729900E4194900,47.6703054,8.3224572,34,2,40,55,50,50
CRS3035RES100mN2721300E4194500,Raster CRS3035RES100mN2721300E4194500,47.5928469,8.3196591,34,2,37,58,50,50
CRS3035RES100mN2720900E4193000,Raster CRS3035RES100mN2720900E4193000,47.5889396,8.2998509,34,3,38,56,50,50
CRS3035RES100mN2724900E4195400,Raster CRS3035RES100mN2724900E4195400,47.6254209,8.3305675,34,2,32,63,50,50
CRS3035RES100mN2723100E4181200,Raster CRS3035RES100mN2723100E4181200,47.6061809,8.1424006,34,2,27,73,50,50
CRS3035RES100mN2726500E4188700,Raster CRS3035RES100mN2726500E4188700,47.6384197,8.2410157,34,5,42,48,50,50
CRS3035RES100mN2729300E4188800,Raster CRS3035RES100mN2729300E4188800,47.6636326,8.2414858,34,2,34,60,50,50
CRS3035RES100mN2721900E4194600,Raster CRS3035RES100mN2721900E4194600,47.5982658,8.3208119,34,5,32,58,50,50
CRS3035RES100mN2724200E4190600,Raster CRS3035RES100mN2724200E4190600,47.6181298,8.266974,33,2,23,69,50,50
CRS3035RES100mN2727600E4183700,Raster CRS3035RES100mN2727600E4183700,47.6472264,8.1741864,33,2,29,65,50,50
CRS3035RES100mN2723100E4178200,Raster CRS3035RES100mN2723100E4178200,47.605496,8.1025389,33,5,33,54,50,50
CRS3035RES100mN2725600E4186900,Raster CRS3035RES100mN2725600E4186900,47.6299348,8.2173631,33,3,37,51,50,50
CRS3035RES100mN2726200E4184100,Raster CRS3035RES100mN2726200E4184100,47.6347196,8.1799504,33,5,36,50,50,50
CRS3035RES100mN2726100E4193600,Raster CRS3035RES100mN2726100E4193600,47.6358496,8.3062857,33,2,25,70,50,50
CRS3035RES100mN2725600E4184300,Raster CRS3035RES100mN2725600E4184300,47.6293657,8.1827997,33,3,35,53,50,50
CRS3035RES100mN2721000E4179700,Raster CRS3035RES100mN2721000E4179700,47.586947,8.1231568,33,4,26,66,50,50
CRS3035RES100mN2723800E4178800,Raster CRS3035RES100mN2723800E4178800,47.6119319,8.1102805,33,2,35,54,50,50
CRS3035RES100mN2728300E4189700,Raster CRS3035RES100mN2728300E4189700,47.6548275,8.2537631,33,3,27,64,50,50
CRS3035RES100mN2726700E4197800,Raster CRS3035RES100mN2726700E4197800,47.6420988,8.3619564,33,2,34,59,50,50
CRS3035RES100mN2725800E4194100,Raster CRS3035RES100mN2725800E4194100,47.6332532,8.3130218,33,2,27,68,50,50
CRS3035RES100mN2725200E4195100,Raster CRS3035RES100mN2725200E4195100,47.6280591,8.326492,32,2,24,67,50,50
CRS3035RES100mN2731300E4179700,Raster CRS3035RES100mN2731300E4179700,47.6796123,8.1197802,32,2,36,51,50,50
CRS3035RES100mN2727100E4196600,Raster CRS3035RES100mN2727100E4196600,47.6454576,8.3458841,32,5,21,64,50,50
CRS3035RES100mN2725500E4184300,Raster CRS3035RES100mN2725500E4184300,47.628466,8.1828314,32,2,32,53,50,50
CRS3035RES100mN2724400E4197200,Raster CRS3035RES100mN2724400E4197200,47.621285,8.3546385,32,2,23,67,50,50
CRS3035RES100mN2719000E4195500,Raster CRS3035RES100mN2719000E4195500,47.572356,8.3336116,31,3,24,57,50,50
CRS3035RES100mN2727800E4197700,Raster CRS3035RES100mN2727800E4197700,47.651976,8.3603118,31,2,18,69,50,50
CRS3035RES100mN2726300E4184100,Raster CRS3035RES100mN2726300E4184100,47.6356193,8.1799186,31,2,32,50,50,50
CRS3035RES100mN2722100E4194400,Raster CRS3035RES100mN2722100E4194400,47.6000244,8.3180961,31,2,25,59,50,50
CRS3035RES100mN2726300E4197100,Raster CRS3035RES100mN2726300E4197100,47.6383601,8.3527633,31,2,24,59,50,50
CRS3035RES100mN2725800E4184400,Raster CRS3035RES100mN2725800E4184400,47.6311872,8.1840656,30,2,26,53,50,50
CRS3035RES100mN2726500E4184000,Raster CRS3035RES100mN2726500E4184000,47.6373965,8.1785256,30,3,25,50,50,50
CRS3035RES100mN2721300E4198000,Raster CRS3035RES100mN2721300E4198000,47.5935521,8.3661555,29,2,48,20,50,50
CRS3035RES100mN2726300E4186300,Raster CRS3035RES100mN2726300E4186300,47.6361023,8.2091681,27,2,20,46,50,50
