cell_id,latitude,longitude,building_count,total_footprint_m2,avg_footprint_m2,coverage_ratio,building_fit,source
CRS3035RES100mN2722000E4180800,47.5961940,8.1374429,21,3833.2,182.5,0.3833,0.9981,LGL BW / ALKIS Gebäude
CRS3035RES100mN2723700E4192900,47.6141116,8.2976917,21,3775.6,179.8,0.3776,0.9978,LGL BW / ALKIS Gebäude
CRS3035RES100mN2724300E4187800,47.6184331,8.2297290,20,3765.0,188.2,0.3765,0.9968,LGL BW / ALKIS Gebäude
CRS3035RES100mN2726600E4192200,47.6400582,8.2875225,22,3749.9,170.5,0.3750,0.9954,LGL BW / ALKIS Gebäude
CRS3035RES100mN2724200E4188000,47.6175764,8.2324180,37,3724.3,100.7,0.3724,0.9930,LGL BW / ALKIS Gebäude
CRS3035RES100mN2726100E4191600,47.6354344,8.2796947,29,3943.2,136.0,0.3943,0.9919,LGL BW / ALKIS Gebäude
CRS3035RES100mN2726200E4191700,47.6363550,8.2809942,20,3695.7,184.8,0.3696,0.9904,LGL BW / ALKIS Gebäude
CRS3035RES100mN2724400E4195100,47.6208612,8.3267255,26,3981.5,153.1,0.3981,0.9898,LGL BW / ALKIS Gebäude
CRS3035RES100mN2725300E4186800,47.6272140,8.2161271,20,4028.6,201.4,0.4029,0.9871,LGL BW / ALKIS Gebäude
CRS3035RES100mN2728600E4198200,47.6592734,8.3667336,20,3655.5,182.8,0.3655,0.9867,LGL BW / ALKIS Gebäude
CRS3035RES100mN2725000E4186400,47.6244280,8.2109035,27,4045.4,149.8,0.4045,0.9861,LGL BW / ALKIS Gebäude
CRS3035RES100mN2721700E4194800,47.5965071,8.3235275,32,3644.3,113.9,0.3644,0.9857,LGL BW / ALKIS Gebäude
CRS3035RES100mN2726000E4191100,47.6344299,8.2730772,19,3637.9,191.5,0.3638,0.9851,LGL BW / ALKIS Gebäude
CRS3035RES100mN2723500E4192600,47.6122499,8.2937643,20,3601.1,180.1,0.3601,0.9817,LGL BW / ALKIS Gebäude
CRS3035RES100mN2726100E4191200,47.6353506,8.2743766,21,4140.6,197.2,0.4141,0.9808,LGL BW / ALKIS Gebäude
CRS3035RES100mN2725600E4193100,47.6312478,8.2997862,26,4144.8,159.4,0.4145,0.9805,LGL BW / ALKIS Gebäude
CRS3035RES100mN2724700E4187300,47.6219241,8.2229596,18,4164.1,231.3,0.4164,0.9794,LGL BW / ALKIS Gebäude
CRS3035RES100mN2724700E4186500,47.6217507,8.2123263,18,4286.7,238.2,0.4287,0.9725,LGL BW / ALKIS Gebäude
CRS3035RES100mN2726900E4189100,47.6421040,8.2462117,36,4311.0,119.7,0.4311,0.9712,LGL BW / ALKIS Gebäude
CRS3035RES100mN2723200E4192600,47.6095507,8.2938535,31,3454.7,111.4,0.3455,0.9682,LGL BW / ALKIS Gebäude
CRS3035RES100mN2722100E4180800,47.5970936,8.1374104,24,4365.5,181.9,0.4365,0.9681,LGL BW / ALKIS Gebäude
CRS3035RES100mN2726100E4190800,47.6352665,8.2690584,28,4385.3,156.6,0.4385,0.9670,LGL BW / ALKIS Gebäude
CRS3035RES100mN2726200E4191400,47.6362922,8.2770056,24,3431.0,143.0,0.3431,0.9660,LGL BW / ALKIS Gebäude
CRS3035RES100mN2725100E4193800,47.6268935,8.3092398,28,3422.6,122.2,0.3423,0.9652,LGL BW / ALKIS Gebäude
CRS3035RES100mN2725400E4193400,47.6295103,8.3038338,22,3395.9,154.4,0.3396,0.9628,LGL BW / ALKIS Gebäude
CRS3035RES100mN2723300E4183400,47.6084734,8.1715693,31,3384.6,109.2,0.3385,0.9617,LGL BW / ALKIS Gebäude
CRS3035RES100mN2723300E4183100,47.6084066,8.1675829,20,3383.9,169.2,0.3384,0.9617,LGL BW / ALKIS Gebäude
CRS3035RES100mN2725000E4185800,47.6242972,8.2029281,22,3379.8,153.6,0.3380,0.9613,LGL BW / ALKIS Gebäude
CRS3035RES100mN2726000E4191300,47.6344718,8.2757362,35,4516.4,129.0,0.4516,0.9596,LGL BW / ALKIS Gebäude
CRS3035RES100mN2724300E4188000,47.6184761,8.2323872,28,3335.2,119.1,0.3335,0.9572,LGL BW / ALKIS Gebäude
CRS3035RES100mN2723200E4183100,47.6075069,8.1676148,19,3312.0,174.3,0.3312,0.9551,LGL BW / ALKIS Gebäude
CRS3035RES100mN2724900E4187200,47.6237018,8.2215684,19,3296.4,173.5,0.3296,0.9536,LGL BW / ALKIS Gebäude
CRS3035RES100mN2725600E4190600,47.6307258,8.2665506,19,3272.4,172.2,0.3272,0.9514,LGL BW / ALKIS Gebäude
CRS3035RES100mN2723200E4192700,47.6095715,8.2951824,28,3269.5,116.8,0.3270,0.9511,LGL BW / ALKIS Gebäude
CRS3035RES100mN2723400E4192900,47.6114124,8.2977808,28,3267.1,116.7,0.3267,0.9509,LGL BW / ALKIS Gebäude
CRS3035RES100mN2726100E4192200,47.6355596,8.2876719,27,3248.4,120.3,0.3248,0.9492,LGL BW / ALKIS Gebäude
CRS3035RES100mN2724300E4184600,47.6177359,8.1871989,25,3222.8,128.9,0.3223,0.9468,LGL BW / ALKIS Gebäude
CRS3035RES100mN2725100E4186400,47.6253277,8.2108723,17,3462.9,203.7,0.3463,0.9440,LGL BW / ALKIS Gebäude
CRS3035RES100mN2723300E4187700,47.6094145,8.2287089,16,4021.1,251.3,0.4021,0.9375,LGL BW / ALKIS Gebäude
CRS3035RES100mN2725800E4191700,47.6327562,8.2811142,18,4924.3,273.6,0.4924,0.9365,LGL BW / ALKIS Gebäude
CRS3035RES100mN2725200E4194000,47.6278343,8.3118690,21,3076.6,146.5,0.3077,0.9334,LGL BW / ALKIS Gebäude
CRS3035RES100mN2725600E4191000,47.6308100,8.2718683,17,3330.4,195.9,0.3330,0.9318,LGL BW / ALKIS Gebäude
CRS3035RES100mN2726100E4191800,47.6354762,8.2823538,22,3057.6,139.0,0.3058,0.9316,LGL BW / ALKIS Gebäude
CRS3035RES100mN2725300E4193300,47.6285899,8.3025340,24,3042.7,126.8,0.3043,0.9302,LGL BW / ALKIS Gebäude
CRS3035RES100mN2727500E4196800,47.6490967,8.3484284,25,3035.5,121.4,0.3035,0.9296,LGL BW / ALKIS Gebäude
CRS3035RES100mN2728800E4198100,47.6610530,8.3653463,17,3257.8,191.6,0.3258,0.9251,LGL BW / ALKIS Gebäude
CRS3035RES100mN2727000E4197500,47.6447382,8.3578812,24,2974.6,123.9,0.2975,0.9240,LGL BW / ALKIS Gebäude
CRS3035RES100mN2725900E4191700,47.6336559,8.2810842,33,3091.0,93.7,0.3091,0.9220,LGL BW / ALKIS Gebäude
CRS3035RES100mN2723500E4192500,47.6122292,8.2924353,15,3764.1,250.9,0.3764,0.9217,LGL BW / ALKIS Gebäude
CRS3035RES100mN2725100E4181600,47.6242648,8.1470693,19,2949.7,155.2,0.2950,0.9217,LGL BW / ALKIS Gebäude
CRS3035RES100mN2723800E4179100,47.6120007,8.1142672,31,3002.6,96.9,0.3003,0.9203,LGL BW / ALKIS Gebäude
CRS3035RES100mN2724500E4194900,47.6217202,8.3240380,25,2900.4,116.0,0.2900,0.9171,LGL BW / ALKIS Gebäude
CRS3035RES100mN2723500E4192800,47.6122914,8.2964222,20,2895.1,144.8,0.2895,0.9167,LGL BW / ALKIS Gebäude
CRS3035RES100mN2727000E4189100,47.6430037,8.2461811,24,2885.1,120.2,0.2885,0.9157,LGL BW / ALKIS Gebäude
CRS3035RES100mN2719000E4198700,47.5729961,8.3761059,27,2875.7,106.5,0.2876,0.9149,LGL BW / ALKIS Gebäude
CRS3035RES100mN2722000E4180700,47.5961713,8.1361144,40,3266.6,81.7,0.3267,0.9142,LGL BW / ALKIS Gebäude
CRS3035RES100mN2725500E4193300,47.6303894,8.3024747,28,2858.8,102.1,0.2859,0.9133,LGL BW / ALKIS Gebäude
CRS3035RES100mN2726100E4191300,47.6353716,8.2757061,38,5341.0,140.6,0.5341,0.9130,LGL BW / ALKIS Gebäude
CRS3035RES100mN2725500E4193900,47.6305129,8.3104513,15,4028.6,268.6,0.4029,0.9121,LGL BW / ALKIS Gebäude
CRS3035RES100mN2725100E4193500,47.6268317,8.3052519,33,3025.2,91.7,0.3025,0.9120,LGL BW / ALKIS Gebäude
CRS3035RES100mN2724000E4187800,47.6157340,8.2298217,20,2836.7,141.8,0.2837,0.9113,LGL BW / ALKIS Gebäude
CRS3035RES100mN2723600E4183500,47.6111947,8.1728025,20,2827.5,141.4,0.2827,0.9104,LGL BW / ALKIS Gebäude
CRS3035RES100mN2720800E4193300,47.5881018,8.3038655,29,2853.8,98.4,0.2854,0.9097,LGL BW / ALKIS Gebäude
CRS3035RES100mN2719000E4198600,47.5729763,8.3747780,23,2819.0,122.6,0.2819,0.9096,LGL BW / ALKIS Gebäude
CRS3035RES100mN2725700E4191100,47.6317307,8.2731676,18,2812.9,156.3,0.2813,0.9091,LGL BW / ALKIS Gebäude
CRS3035RES100mN2722700E4181600,47.6026724,8.1478447,26,2812.4,108.2,0.2812,0.9090,LGL BW / ALKIS Gebäude
CRS3035RES100mN2723100E4182900,47.6065626,8.1649892,29,2847.6,98.2,0.2848,0.9087,LGL BW / ALKIS Gebäude
CRS3035RES100mN2728700E4188600,47.6581916,8.2390099,23,2796.7,121.6,0.2797,0.9076,LGL BW / ALKIS Gebäude
CRS3035RES100mN2725000E4186300,47.6244063,8.2095743,15,3606.2,240.4,0.3606,0.9072,LGL BW / ALKIS Gebäude
CRS3035RES100mN2721700E4194700,47.5964867,8.3221990,29,2837.6,97.8,0.2838,0.9071,LGL BW / ALKIS Gebäude
CRS3035RES100mN2724100E4187900,47.6166552,8.2311198,24,2779.4,115.8,0.2779,0.9060,LGL BW / ALKIS Gebäude
CRS3035RES100mN2725900E4191200,47.6335512,8.2744368,15,3591.9,239.5,0.3592,0.9058,LGL BW / ALKIS Gebäude
CRS3035RES100mN2723900E4187800,47.6148343,8.2298525,15,3588.7,239.2,0.3589,0.9055,LGL BW / ALKIS Gebäude
CRS3035RES100mN2724700E4187200,47.6219024,8.2216305,15,3569.5,238.0,0.3570,0.9038,LGL BW / ALKIS Gebäude
CRS3035RES100mN2728700E4187400,47.6579335,8.2230486,29,2815.1,97.1,0.2815,0.9034,LGL BW / ALKIS Gebäude
CRS3035RES100mN2721700E4194900,47.5965275,8.3248561,35,3037.4,86.8,0.3037,0.9033,LGL BW / ALKIS Gebäude
CRS3035RES100mN2726000E4190600,47.6343247,8.2664296,18,2749.0,152.7,0.2749,0.9032,LGL BW / ALKIS Gebäude
CRS3035RES100mN2728700E4188700,47.6582131,8.2403400,32,2927.9,91.5,0.2928,0.9027,LGL BW / ALKIS Gebäude
CRS3035RES100mN2725500E4190500,47.6298050,8.2652515,21,2738.0,130.4,0.2738,0.9022,LGL BW / ALKIS Gebäude
CRS3035RES100mN2725400E4193300,47.6294896,8.3025044,24,2737.0,114.0,0.2737,0.9021,LGL BW / ALKIS Gebäude
CRS3035RES100mN2723400E4187600,47.6102926,8.2273491,25,2731.6,109.3,0.2732,0.9016,LGL BW / ALKIS Gebäude
CRS3035RES100mN2724500E4194700,47.6216795,8.3213796,21,2706.3,128.9,0.2706,0.8993,LGL BW / ALKIS Gebäude
CRS3035RES100mN2724800E4187400,47.6228454,8.2242578,19,2681.3,141.1,0.2681,0.8970,LGL BW / ALKIS Gebäude
CRS3035RES100mN2728000E4185600,47.6512441,8.1993271,23,2678.2,116.4,0.2678,0.8967,LGL BW / ALKIS Gebäude
CRS3035RES100mN2726200E4191800,47.6363759,8.2823238,18,2677.5,148.7,0.2677,0.8966,LGL BW / ALKIS Gebäude
CRS3035RES100mN2725800E4193100,47.6330472,8.2997269,30,2812.4,93.7,0.2812,0.8965,LGL BW / ALKIS Gebäude
CRS3035RES100mN2719100E4195300,47.5732152,8.3309267,25,2672.8,106.9,0.2673,0.8962,LGL BW / ALKIS Gebäude
CRS3035RES100mN2724900E4186600,47.6235718,8.2135931,18,2669.6,148.3,0.2670,0.8959,LGL BW / ALKIS Gebäude
CRS3035RES100mN2723400E4183400,47.6093730,8.1715374,25,2665.1,106.6,0.2665,0.8955,LGL BW / ALKIS Gebäude
CRS3035RES100mN2721200E4180100,47.5888376,8.1284045,19,2649.7,139.5,0.2650,0.8941,LGL BW / ALKIS Gebäude
CRS3035RES100mN2720700E4193200,47.5871814,8.3025667,22,2649.5,120.4,0.2649,0.8940,LGL BW / ALKIS Gebäude
CRS3035RES100mN2726700E4189000,47.6402832,8.2449433,23,2648.0,115.1,0.2648,0.8939,LGL BW / ALKIS Gebäude
CRS3035RES100mN2728500E4198300,47.6583935,8.3680923,24,2642.3,110.1,0.2642,0.8934,LGL BW / ALKIS Gebäude
CRS3035RES100mN2720600E4193400,47.5863229,8.3052529,25,2627.5,105.1,0.2628,0.8920,LGL BW / ALKIS Gebäude
CRS3035RES100mN2723100E4183300,47.6066517,8.1703043,29,2740.7,94.5,0.2741,0.8914,LGL BW / ALKIS Gebäude
CRS3035RES100mN2722000E4180900,47.5962166,8.1387713,21,2611.6,124.4,0.2612,0.8905,LGL BW / ALKIS Gebäude
CRS3035RES100mN2725100E4180600,47.6240386,8.1337773,16,3149.4,196.8,0.3149,0.8901,LGL BW / ALKIS Gebäude
CRS3035RES100mN2718900E4198600,47.5720766,8.3748063,29,2730.0,94.1,0.2730,0.8897,LGL BW / ALKIS Gebäude
CRS3035RES100mN2724500E4195100,47.6217610,8.3266964,19,2583.2,136.0,0.2583,0.8879,LGL BW / ALKIS Gebäude
CRS3035RES100mN2727400E4196700,47.6481769,8.3471274,23,2562.3,111.4,0.2562,0.8860,LGL BW / ALKIS Gebäude
CRS3035RES100mN2726100E4192100,47.6355388,8.2863424,18,2560.9,142.3,0.2561,0.8859,LGL BW / ALKIS Gebäude
CRS3035RES100mN2725900E4190800,47.6334671,8.2691188,30,2742.6,91.4,0.2743,0.8855,LGL BW / ALKIS Gebäude
CRS3035RES100mN2726800E4189200,47.6412256,8.2475720,26,2575.1,99.0,0.2575,0.8853,LGL BW / ALKIS Gebäude
CRS3035RES100mN2723400E4192800,47.6113917,8.2964519,35,2910.4,83.2,0.2910,0.8844,LGL BW / ALKIS Gebäude
CRS3035RES100mN2724700E4184500,47.6213127,8.1857433,31,2767.9,89.3,0.2768,0.8835,LGL BW / ALKIS Gebäude
CRS3035RES100mN2725500E4193200,47.6303687,8.3011453,22,2521.8,114.6,0.2522,0.8823,LGL BW / ALKIS Gebäude
CRS3035RES100mN2726100E4191400,47.6353925,8.2770356,59,5873.4,99.5,0.5873,0.8821,LGL BW / ALKIS Gebäude
CRS3035RES100mN2723300E4192700,47.6104712,8.2951527,18,2519.0,139.9,0.2519,0.8820,LGL BW / ALKIS Gebäude
CRS3035RES100mN2721800E4195000,47.5974476,8.3261555,27,2597.1,96.2,0.2597,0.8816,LGL BW / ALKIS Gebäude
CRS3035RES100mN2726000E4191200,47.6344509,8.2744067,15,4571.5,304.8,0.4571,0.8814,LGL BW / ALKIS Gebäude
CRS3035RES100mN2727800E4180400,47.6482842,8.1302380,24,2492.8,103.9,0.2493,0.8796,LGL BW / ALKIS Gebäude
CRS3035RES100mN2731300E4193700,47.6826553,8.3060775,18,2490.5,138.4,0.2490,0.8794,LGL BW / ALKIS Gebäude
CRS3035RES100mN2728600E4198300,47.6592932,8.3680638,22,2487.4,113.1,0.2487,0.8791,LGL BW / ALKIS Gebäude
CRS3035RES100mN2728900E4188700,47.6600124,8.2402785,25,2490.3,99.6,0.2490,0.8786,LGL BW / ALKIS Gebäude
CRS3035RES100mN2725200E4193400,47.6277108,8.3038929,23,2479.4,107.8,0.2479,0.8784,LGL BW / ALKIS Gebäude
CRS3035RES100mN2725000E4193600,47.6259526,8.3066107,19,2478.5,130.4,0.2479,0.8783,LGL BW / ALKIS Gebäude
CRS3035RES100mN2726100E4191700,47.6354553,8.2810242,21,2477.3,118.0,0.2477,0.8782,LGL BW / ALKIS Gebäude
CRS3035RES100mN2724700E4185200,47.6214667,8.1950473,22,2473.7,112.4,0.2474,0.8778,LGL BW / ALKIS Gebäude
CRS3035RES100mN2723500E4192900,47.6123121,8.2977511,24,2470.9,103.0,0.2471,0.8776,LGL BW / ALKIS Gebäude
CRS3035RES100mN2724300E4195100,47.6199615,8.3267547,27,2567.8,95.1,0.2568,0.8767,LGL BW / ALKIS Gebäude
CRS3035RES100mN2724400E4194900,47.6208205,8.3240672,19,2458.8,129.4,0.2459,0.8765,LGL BW / ALKIS Gebäude
CRS3035RES100mN2723200E4183400,47.6075737,8.1716012,22,2446.5,111.2,0.2447,0.8753,LGL BW / ALKIS Gebäude
CRS3035RES100mN2724200E4195200,47.6190821,8.3281131,24,2443.6,101.8,0.2444,0.8751,LGL BW / ALKIS Gebäude
CRS3035RES100mN2726900E4189300,47.6421466,8.2488711,19,2440.8,128.5,0.2441,0.8748,LGL BW / ALKIS Gebäude
CRS3035RES100mN2724300E4184700,47.6177580,8.1885279,18,2433.8,135.2,0.2434,0.8742,LGL BW / ALKIS Gebäude
CRS3035RES100mN2725000E4193500,47.6259320,8.3052814,23,2432.0,105.7,0.2432,0.8740,LGL BW / ALKIS Gebäude
CRS3035RES100mN2726700E4192100,47.6409371,8.2861629,27,2551.1,94.5,0.2551,0.8739,LGL BW / ALKIS Gebäude
CRS3035RES100mN2723400E4192400,47.6113087,8.2911362,32,2737.9,85.6,0.2738,0.8733,LGL BW / ALKIS Gebäude
CRS3035RES100mN2725200E4180600,47.6249383,8.1337447,20,2423.6,121.2,0.2424,0.8732,LGL BW / ALKIS Gebäude
CRS3035RES100mN2724800E4186600,47.6226721,8.2136243,30,6055.0,201.8,0.6055,0.8727,LGL BW / ALKIS Gebäude
CRS3035RES100mN2719100E4198500,47.5738563,8.3734217,21,2408.8,114.7,0.2409,0.8719,LGL BW / ALKIS Gebäude
CRS3035RES100mN2729500E4199200,47.6675688,8.3797808,19,2404.0,126.5,0.2404,0.8714,LGL BW / ALKIS Gebäude
CRS3035RES100mN2721700E4180200,47.5933587,8.1295698,20,2397.1,119.9,0.2397,0.8708,LGL BW / ALKIS Gebäude
CRS3035RES100mN2724400E4195000,47.6208409,8.3253964,18,2394.8,133.0,0.2395,0.8706,LGL BW / ALKIS Gebäude
CRS3035RES100mN2725500E4190900,47.6298893,8.2705691,13,3897.7,299.8,0.3898,0.8695,LGL BW / ALKIS Gebäude
CRS3035RES100mN2721800E4180600,47.5943493,8.1348509,13,3897.0,299.8,0.3897,0.8695,LGL BW / ALKIS Gebäude
CRS3035RES100mN2723500E4183600,47.6103172,8.1741632,25,2433.6,97.3,0.2434,0.8688,LGL BW / ALKIS Gebäude
CRS3035RES100mN2722700E4181700,47.6026949,8.1491734,19,2360.8,124.3,0.2361,0.8674,LGL BW / ALKIS Gebäude
CRS3035RES100mN2725000E4187600,47.6246879,8.2268543,23,2360.5,102.6,0.2360,0.8674,LGL BW / ALKIS Gebäude
CRS3035RES100mN2725100E4186800,47.6254146,8.2161893,13,3944.1,303.4,0.3944,0.8669,LGL BW / ALKIS Gebäude
CRS3035RES100mN2723100E4183000,47.6065849,8.1663180,25,2419.4,96.8,0.2419,0.8664,LGL BW / ALKIS Gebäude
CRS3035RES100mN2724000E4187900,47.6157555,8.2311507,25,2418.3,96.7,0.2418,0.8662,LGL BW / ALKIS Gebäude
CRS3035RES100mN2724800E4186500,47.6226504,8.2122951,35,6196.8,177.1,0.6197,0.8647,LGL BW / ALKIS Gebäude
CRS3035RES100mN2721600E4194800,47.5956074,8.3235568,29,2573.0,88.7,0.2573,0.8644,LGL BW / ALKIS Gebäude
CRS3035RES100mN2726000E4192000,47.6346182,8.2850428,20,2326.7,116.3,0.2327,0.8643,LGL BW / ALKIS Gebäude
CRS3035RES100mN2720900E4193400,47.5890222,8.3051643,19,2324.1,122.3,0.2324,0.8641,LGL BW / ALKIS Gebäude
CRS3035RES100mN2727600E4196800,47.6499964,8.3483996,20,2317.0,115.9,0.2317,0.8634,LGL BW / ALKIS Gebäude
CRS3035RES100mN2724800E4187300,47.6228238,8.2229286,21,2309.6,110.0,0.2310,0.8627,LGL BW / ALKIS Gebäude
CRS3035RES100mN2726300E4191000,47.6371080,8.2716572,28,2523.4,90.1,0.2523,0.8627,LGL BW / ALKIS Gebäude
CRS3035RES100mN2726300E4191100,47.6371290,8.2729867,32,2668.9,83.4,0.2669,0.8626,LGL BW / ALKIS Gebäude
CRS3035RES100mN2719000E4195300,47.5723154,8.3309558,23,2305.8,100.2,0.2306,0.8624,LGL BW / ALKIS Gebäude
CRS3035RES100mN2725000E4195200,47.6262800,8.3278797,23,2304.4,100.2,0.2304,0.8623,LGL BW / ALKIS Gebäude
CRS3035RES100mN2724700E4185000,47.6214228,8.1923890,22,2269.9,103.2,0.2270,0.8591,LGL BW / ALKIS Gebäude
CRS3035RES100mN2726900E4197500,47.6438385,8.3579098,27,2460.2,91.1,0.2460,0.8588,LGL BW / ALKIS Gebäude
CRS3035RES100mN2728700E4198200,47.6601731,8.3667051,18,2265.1,125.8,0.2265,0.8586,LGL BW / ALKIS Gebäude
CRS3035RES100mN2726100E4191900,47.6354971,8.2836833,31,2607.8,84.1,0.2608,0.8584,LGL BW / ALKIS Gebäude
CRS3035RES100mN2726200E4191500,47.6363132,8.2783351,30,2569.9,85.7,0.2570,0.8580,LGL BW / ALKIS Gebäude
CRS3035RES100mN2728800E4188700,47.6591127,8.2403092,22,2257.0,102.6,0.2257,0.8579,LGL BW / ALKIS Gebäude
CRS3035RES100mN2731200E4193600,47.6817350,8.3047764,18,2248.8,124.9,0.2249,0.8571,LGL BW / ALKIS Gebäude
CRS3035RES100mN2722400E4181300,47.5999057,8.1439558,25,2363.3,94.5,0.2363,0.8567,LGL BW / ALKIS Gebäude
CRS3035RES100mN2726900E4197400,47.6438185,8.3565801,19,2243.3,118.1,0.2243,0.8566,LGL BW / ALKIS Gebäude
CRS3035RES100mN2724900E4186100,47.6234630,8.2069471,15,3052.4,203.5,0.3052,0.8561,LGL BW / ALKIS Gebäude
CRS3035RES100mN2725300E4193700,47.6286724,8.3078515,29,2520.7,86.9,0.2521,0.8560,LGL BW / ALKIS Gebäude
CRS3035RES100mN2725800E4191600,47.6327352,8.2797848,14,4582.3,327.3,0.4582,0.8558,LGL BW / ALKIS Gebäude
CRS3035RES100mN2723400E4183500,47.6093953,8.1728662,22,2226.2,101.2,0.2226,0.8550,LGL BW / ALKIS Gebäude
CRS3035RES100mN2724700E4195000,47.6235401,8.3253087,17,2496.7,146.9,0.2497,0.8550,LGL BW / ALKIS Gebäude
CRS3035RES100mN2727700E4189000,47.6492802,8.2446369,21,2222.8,105.8,0.2223,0.8547,LGL BW / ALKIS Gebäude
CRS3035RES100mN2723400E4183000,47.6092840,8.1662221,21,2216.7,105.6,0.2217,0.8542,LGL BW / ALKIS Gebäude
CRS3035RES100mN2730700E4199000,47.6783261,8.3767797,20,2212.7,110.6,0.2213,0.8538,LGL BW / ALKIS Gebäude
CRS3035RES100mN2726700E4192200,47.6409579,8.2874926,20,2209.4,110.5,0.2209,0.8535,LGL BW / ALKIS Gebäude
CRS3035RES100mN2725700E4193500,47.6322301,8.3050744,17,2476.7,145.7,0.2477,0.8531,LGL BW / ALKIS Gebäude
CRS3035RES100mN2726100E4192000,47.6355179,8.2850129,31,2565.8,82.8,0.2566,0.8519,LGL BW / ALKIS Gebäude
CRS3035RES100mN2723500E4183100,47.6102060,8.1675189,24,2290.8,95.5,0.2291,0.8519,LGL BW / ALKIS Gebäude
CRS3035RES100mN2725000E4185400,47.6242096,8.1976112,19,2189.9,115.3,0.2190,0.8517,LGL BW / ALKIS Gebäude
CRS3035RES100mN2724400E4187900,47.6193543,8.2310273,21,2184.5,104.0,0.2184,0.8512,LGL BW / ALKIS Gebäude
CRS3035RES100mN2725700E4190900,47.6316887,8.2705087,35,2688.2,76.8,0.2688,0.8512,LGL BW / ALKIS Gebäude
CRS3035RES100mN2726100E4192300,47.6355804,8.2890015,32,2593.7,81.1,0.2594,0.8510,LGL BW / ALKIS Gebäude
CRS3035RES100mN2728700E4188500,47.6581702,8.2376797,18,2178.1,121.0,0.2178,0.8506,LGL BW / ALKIS Gebäude
CRS3035RES100mN2722100E4180900,47.5971163,8.1387389,18,2168.1,120.4,0.2168,0.8497,LGL BW / ALKIS Gebäude
CRS3035RES100mN2721800E4194500,47.5973456,8.3195126,28,2442.9,87.2,0.2443,0.8495,LGL BW / ALKIS Gebäude
CRS3035RES100mN2726100E4190500,47.6352033,8.2650698,22,2182.1,99.2,0.2182,0.8494,LGL BW / ALKIS Gebäude
CRS3035RES100mN2729200E4198500,47.6647313,8.3705534,24,2272.8,94.7,0.2273,0.8487,LGL BW / ALKIS Gebäude
CRS3035RES100mN2727700E4180600,47.6474300,8.1329303,19,2154.9,113.4,0.2155,0.8485,LGL BW / ALKIS Gebäude
CRS3035RES100mN2724400E4194800,47.6208001,8.3227380,18,2153.6,119.6,0.2154,0.8484,LGL BW / ALKIS Gebäude
CRS3035RES100mN2723100E4192800,47.6086925,8.2965410,18,2152.1,119.6,0.2152,0.8482,LGL BW / ALKIS Gebäude
CRS3035RES100mN2726300E4197300,47.6384001,8.3554225,20,2146.8,107.3,0.2147,0.8477,LGL BW / ALKIS Gebäude
CRS3035RES100mN2721700E4195000,47.5965478,8.3261846,25,2308.2,92.3,0.2308,0.8473,LGL BW / ALKIS Gebäude
CRS3035RES100mN2721100E4180000,47.5879151,8.1271089,19,2137.1,112.5,0.2137,0.8468,LGL BW / ALKIS Gebäude
CRS3035RES100mN2724800E4187200,47.6228021,8.2215994,16,2677.5,167.3,0.2677,0.8466,LGL BW / ALKIS Gebäude
CRS3035RES100mN2719100E4198800,47.5739156,8.3774056,23,2208.3,96.0,0.2208,0.8454,LGL BW / ALKIS Gebäude
CRS3035RES100mN2727300E4196200,47.6471764,8.3405069,24,2250.9,93.8,0.2251,0.8449,LGL BW / ALKIS Gebäude
CRS3035RES100mN2728800E4198000,47.6610331,8.3640161,21,2112.1,100.6,0.2112,0.8445,LGL BW / ALKIS Gebäude
CRS3035RES100mN2726800E4189100,47.6412043,8.2462423,17,2377.6,139.9,0.2378,0.8440,LGL BW / ALKIS Gebäude
CRS3035RES100mN2725500E4190400,47.6297839,8.2639221,15,2911.2,194.1,0.2911,0.8431,LGL BW / ALKIS Gebäude
CRS3035RES100mN2723400E4187700,47.6103142,8.2286780,28,2403.0,85.8,0.2403,0.8430,LGL BW / ALKIS Gebäude
CRS3035RES100mN2725700E4190500,47.6316044,8.2651909,39,2737.7,70.2,0.2738,0.8425,LGL BW / ALKIS Gebäude
CRS3035RES100mN2725800E4193500,47.6331298,8.3050448,32,2539.0,79.3,0.2539,0.8425,LGL BW / ALKIS Gebäude
CRS3035RES100mN2724200E4187900,47.6175549,8.2310890,19,6592.5,347.0,0.6592,0.8424,LGL BW / ALKIS Gebäude
CRS3035RES100mN2727400E4180800,47.6447764,8.1356875,18,2088.4,116.0,0.2088,0.8424,LGL BW / ALKIS Gebäude
CRS3035RES100mN2722500E4196600,47.6040694,8.3472111,20,2080.9,104.0,0.2081,0.8417,LGL BW / ALKIS Gebäude
CRS3035RES100mN2725500E4193800,47.6304924,8.3091218,19,2079.4,109.4,0.2079,0.8415,LGL BW / ALKIS Gebäude
CRS3035RES100mN2725300E4180600,47.6258380,8.1337122,20,2070.9,103.5,0.2071,0.8407,LGL BW / ALKIS Gebäude
CRS3035RES100mN2724600E4184900,47.6205011,8.1910914,17,2340.8,137.7,0.2341,0.8406,LGL BW / ALKIS Gebäude
CRS3035RES100mN2721900E4194500,47.5982454,8.3194833,22,2133.1,97.0,0.2133,0.8404,LGL BW / ALKIS Gebäude
CRS3035RES100mN2722800E4181700,47.6035946,8.1491411,22,2133.4,97.0,0.2133,0.8404,LGL BW / ALKIS Gebäude
CRS3035RES100mN2730600E4190400,47.6756688,8.2623754,20,2066.7,103.3,0.2067,0.8404,LGL BW / ALKIS Gebäude
CRS3035RES100mN2720600E4193500,47.5863435,8.3065812,18,2065.9,114.8,0.2066,0.8403,LGL BW / ALKIS Gebäude
CRS3035RES100mN2724100E4178900,47.6146538,8.1115106,21,2078.2,99.0,0.2078,0.8393,LGL BW / ALKIS Gebäude
CRS3035RES100mN2726100E4190400,47.6351822,8.2637403,39,2712.5,69.6,0.2713,0.8389,LGL BW / ALKIS Gebäude
CRS3035RES100mN2728400E4198000,47.6574342,8.3641304,12,3676.7,306.4,0.3677,0.8386,LGL BW / ALKIS Gebäude
CRS3035RES100mN2727500E4196700,47.6490766,8.3470985,20,2045.8,102.3,0.2046,0.8384,LGL BW / ALKIS Gebäude
CRS3035RES100mN2724900E4185900,47.6234193,8.2042887,17,2305.8,135.6,0.2306,0.8374,LGL BW / ALKIS Gebäude
CRS3035RES100mN2724600E4195200,47.6226811,8.3279964,23,2163.7,94.1,0.2164,0.8374,LGL BW / ALKIS Gebäude
CRS3035RES100mN2731200E4193700,47.6817556,8.3061071,17,2297.8,135.2,0.2298,0.8366,LGL BW / ALKIS Gebäude
CRS3035RES100mN2726000E4191700,47.6345556,8.2810542,22,2111.8,96.0,0.2112,0.8365,LGL BW / ALKIS Gebäude
CRS3035RES100mN2727200E4196500,47.6463372,8.3445254,27,2323.9,86.1,0.2324,0.8362,LGL BW / ALKIS Gebäude
CRS3035RES100mN2724500E4194600,47.6216590,8.3200504,23,2156.1,93.7,0.2156,0.8361,LGL BW / ALKIS Gebäude
CRS3035RES100mN2728900E4181500,47.6584296,8.1445097,21,2060.7,98.1,0.2061,0.8360,LGL BW / ALKIS Gebäude
CRS3035RES100mN2726100E4192500,47.6356220,8.2916606,27,2318.9,85.9,0.2319,0.8354,LGL BW / ALKIS Gebäude
CRS3035RES100mN2721900E4194400,47.5982249,8.3181547,24,2194.1,91.4,0.2194,0.8349,LGL BW / ALKIS Gebäude
CRS3035RES100mN2723200E4192800,47.6095922,8.2965113,19,2002.6,105.4,0.2003,0.8345,LGL BW / ALKIS Gebäude
CRS3035RES100mN2723400E4183200,47.6093285,8.1688797,20,2003.7,100.2,0.2004,0.8345,LGL BW / ALKIS Gebäude
CRS3035RES100mN2726100E4192600,47.6356428,8.2929901,20,1999.2,100.0,0.1999,0.8341,LGL BW / ALKIS Gebäude
CRS3035RES100mN2730000E4199200,47.6720675,8.3796392,18,1995.0,110.8,0.1995,0.8337,LGL BW / ALKIS Gebäude
CRS3035RES100mN2724900E4193500,47.6250323,8.3053110,19,1989.8,104.7,0.1990,0.8333,LGL BW / ALKIS Gebäude
CRS3035RES100mN2727300E4196600,47.6472570,8.3458264,27,2306.3,85.4,0.2306,0.8333,LGL BW / ALKIS Gebäude
CRS3035RES100mN2725300E4181700,47.6260866,8.1483339,19,1988.5,104.7,0.1988,0.8332,LGL BW / ALKIS Gebäude
CRS3035RES100mN2718900E4198500,47.5720568,8.3734783,29,2377.3,82.0,0.2377,0.8329,LGL BW / ALKIS Gebäude
CRS3035RES100mN2725000E4180600,47.6231390,8.1338098,17,2253.7,132.6,0.2254,0.8326,LGL BW / ALKIS Gebäude
CRS3035RES100mN2725800E4190600,47.6325252,8.2664901,29,2373.4,81.8,0.2373,0.8323,LGL BW / ALKIS Gebäude
CRS3035RES100mN2727900E4185600,47.6503444,8.1993585,18,1972.6,109.6,0.1973,0.8317,LGL BW / ALKIS Gebäude
CRS3035RES100mN2720600E4193700,47.5863847,8.3092377,18,1966.6,109.3,0.1967,0.8311,LGL BW / ALKIS Gebäude
CRS3035RES100mN2725800E4193200,47.6330679,8.3010564,24,2169.8,90.4,0.2170,0.8307,LGL BW / ALKIS Gebäude
CRS3035RES100mN2728400E4197900,47.6574143,8.3628002,18,1962.0,109.0,0.1962,0.8307,LGL BW / ALKIS Gebäude
CRS3035RES100mN2727000E4189000,47.6429823,8.2448514,17,2221.6,130.7,0.2222,0.8296,LGL BW / ALKIS Gebäude
CRS3035RES100mN2726300E4191800,47.6372756,8.2822938,26,2240.4,86.2,0.2240,0.8287,LGL BW / ALKIS Gebäude
CRS3035RES100mN2724900E4194700,47.6252784,8.3212624,23,2113.8,91.9,0.2114,0.8285,LGL BW / ALKIS Gebäude
CRS3035RES100mN2725200E4180700,47.6249610,8.1350739,20,1970.4,98.5,0.1970,0.8285,LGL BW / ALKIS Gebäude
CRS3035RES100mN2725000E4186100,47.6243627,8.2069158,20,1969.8,98.5,0.1970,0.8284,LGL BW / ALKIS Gebäude
CRS3035RES100mN2721800E4194800,47.5974068,8.3234983,29,2344.8,80.9,0.2345,0.8277,LGL BW / ALKIS Gebäude
CRS3035RES100mN2725000E4194800,47.6261985,8.3225624,31,2410.7,77.8,0.2411,0.8276,LGL BW / ALKIS Gebäude
CRS3035RES100mN2724100E4187700,47.6166121,8.2284617,29,2343.9,80.8,0.2344,0.8275,LGL BW / ALKIS Gebäude
CRS3035RES100mN2724800E4186400,47.6226286,8.2109659,40,6858.3,171.5,0.6858,0.8274,LGL BW / ALKIS Gebäude
CRS3035RES100mN2726900E4189000,47.6420826,8.2448820,26,2232.1,85.8,0.2232,0.8273,LGL BW / ALKIS Gebäude
CRS3035RES100mN2719000E4195200,47.5722951,8.3296278,23,2106.8,91.6,0.2107,0.8272,LGL BW / ALKIS Gebäude
CRS3035RES100mN2725100E4194600,47.6270574,8.3198745,18,1911.0,106.2,0.1911,0.8260,LGL BW / ALKIS Gebäude
CRS3035RES100mN2719200E4195200,47.5740947,8.3295696,20,1953.2,97.7,0.1953,0.8252,LGL BW / ALKIS Gebäude
CRS3035RES100mN2725700E4190600,47.6316255,8.2665204,39,2616.1,67.1,0.2616,0.8251,LGL BW / ALKIS Gebäude
CRS3035RES100mN2721800E4194400,47.5973252,8.3181840,28,2285.9,81.6,0.2286,0.8238,LGL BW / ALKIS Gebäude
CRS3035RES100mN2723100E4183400,47.6066740,8.1716330,20,1946.0,97.3,0.1946,0.8238,LGL BW / ALKIS Gebäude
CRS3035RES100mN2723500E4183000,47.6101837,8.1661901,27,2249.4,83.3,0.2249,0.8238,LGL BW / ALKIS Gebäude
CRS3035RES100mN2719100E4198700,47.5738959,8.3760776,28,2283.4,81.5,0.2283,0.8234,LGL BW / ALKIS Gebäude
CRS3035RES100mN2726200E4190600,47.6361241,8.2663691,18,1864.8,103.6,0.1865,0.8218,LGL BW / ALKIS Gebäude
CRS3035RES100mN2728900E4198200,47.6619726,8.3666480,23,2071.3,90.1,0.2071,0.8209,LGL BW / ALKIS Gebäude
CRS3035RES100mN2727400E4183300,47.6453381,8.1689311,18,1845.8,102.5,0.1846,0.8200,LGL BW / ALKIS Gebäude
CRS3035RES100mN2725900E4193700,47.6340707,8.3076743,31,2357.3,76.0,0.2357,0.8192,LGL BW / ALKIS Gebäude
CRS3035RES100mN2724800E4185400,47.6224103,8.1976741,18,1829.0,101.6,0.1829,0.8185,LGL BW / ALKIS Gebäude
CRS3035RES100mN2725400E4180600,47.6267377,8.1336796,13,3184.4,245.0,0.3184,0.8183,LGL BW / ALKIS Gebäude
CRS3035RES100mN2726600E4192300,47.6400790,8.2888522,18,1820.9,101.2,0.1821,0.8177,LGL BW / ALKIS Gebäude
CRS3035RES100mN2724000E4179000,47.6137771,8.1128725,19,1863.1,98.1,0.1863,0.8177,LGL BW / ALKIS Gebäude
CRS3035RES100mN2727600E4196900,47.6500165,8.3497295,24,2095.2,87.3,0.2095,0.8176,LGL BW / ALKIS Gebäude
CRS3035RES100mN2721800E4194900,47.5974272,8.3248269,18,1818.4,101.0,0.1818,0.8175,LGL BW / ALKIS Gebäude
CRS3035RES100mN2721600E4194500,47.5955461,8.3195712,25,2133.7,85.3,0.2134,0.8172,LGL BW / ALKIS Gebäude
CRS3035RES100mN2725600E4194000,47.6314332,8.3117512,12,3438.5,286.5,0.3438,0.8167,LGL BW / ALKIS Gebäude
CRS3035RES100mN2728600E4197800,47.6591938,8.3614129,16,2350.4,146.9,0.2350,0.8165,LGL BW / ALKIS Gebäude
CRS3035RES100mN2728700E4197900,47.6601135,8.3627145,20,1907.5,95.4,0.1908,0.8164,LGL BW / ALKIS Gebäude
CRS3035RES100mN2724500E4195300,47.6218016,8.3293548,16,2340.5,146.3,0.2340,0.8156,LGL BW / ALKIS Gebäude
CRS3035RES100mN2722800E4181600,47.6035721,8.1478124,25,2123.3,84.9,0.2123,0.8154,LGL BW / ALKIS Gebäude
CRS3035RES100mN2726200E4191100,47.6362293,8.2730169,16,2334.5,145.9,0.2335,0.8150,LGL BW / ALKIS Gebäude
CRS3035RES100mN2728500E4188800,47.6564351,8.2417315,25,2120.1,84.8,0.2120,0.8149,LGL BW / ALKIS Gebäude
CRS3035RES100mN2726000E4184200,47.6329423,8.1813434,22,1992.6,90.6,0.1993,0.8147,LGL BW / ALKIS Gebäude
CRS3035RES100mN2725500E4193600,47.6304512,8.3064630,15,2595.6,173.0,0.2596,0.8141,LGL BW / ALKIS Gebäude
CRS3035RES100mN2725000E4186800,47.6245149,8.2162204,17,6652.2,391.3,0.6652,0.8140,LGL BW / ALKIS Gebäude
CRS3035RES100mN2725200E4193700,47.6277726,8.3078810,27,2190.5,81.1,0.2191,0.8140,LGL BW / ALKIS Gebäude
CRS3035RES100mN2724600E4187200,47.6210027,8.2216615,24,2072.8,86.4,0.2073,0.8137,LGL BW / ALKIS Gebäude
CRS3035RES100mN2725200E4193800,47.6277932,8.3092103,37,2484.4,67.1,0.2484,0.8131,LGL BW / ALKIS Gebäude
CRS3035RES100mN2722900E4193200,47.6069757,8.3019156,27,2182.3,80.8,0.2182,0.8127,LGL BW / ALKIS Gebäude
CRS3035RES100mN2723600E4183200,47.6111279,8.1688159,30,2280.9,76.0,0.2281,0.8121,LGL BW / ALKIS Gebäude
CRS3035RES100mN2725900E4190700,47.6334460,8.2677894,32,2336.7,73.0,0.2337,0.8113,LGL BW / ALKIS Gebäude
CRS3035RES100mN2719200E4198900,47.5748351,8.3787054,22,1974.3,89.7,0.1974,0.8113,LGL BW / ALKIS Gebäude
CRS3035RES100mN2725200E4194600,47.6279572,8.3198452,24,2058.6,85.8,0.2059,0.8112,LGL BW / ALKIS Gebäude
CRS3035RES100mN2720800E4193200,47.5880812,8.3025372,21,1927.5,91.8,0.1928,0.8111,LGL BW / ALKIS Gebäude
CRS3035RES100mN2725200E4180500,47.6249156,8.1324155,23,2016.9,87.7,0.2017,0.8111,LGL BW / ALKIS Gebäude
CRS3035RES100mN2724100E4195200,47.6181824,8.3281422,28,2205.1,78.8,0.2205,0.8106,LGL BW / ALKIS Gebäude
CRS3035RES100mN2728600E4188600,47.6572920,8.2390406,21,1924.5,91.6,0.1924,0.8105,LGL BW / ALKIS Gebäude
CRS3035RES100mN2725800E4190700,47.6325463,8.2678196,17,2003.2,117.8,0.2003,0.8095,LGL BW / ALKIS Gebäude
CRS3035RES100mN2722600E4181600,47.6017727,8.1478770,18,1768.9,98.3,0.1769,0.8095,LGL BW / ALKIS Gebäude
CRS3035RES100mN2724900E4194900,47.6253192,8.3239210,25,2086.5,83.5,0.2087,0.8091,LGL BW / ALKIS Gebäude
CRS3035RES100mN2723600E4183600,47.6112169,8.1741314,23,2004.7,87.2,0.2005,0.8090,LGL BW / ALKIS Gebäude
CRS3035RES100mN2722200E4196600,47.6013702,8.3472975,22,1960.1,89.1,0.1960,0.8087,LGL BW / ALKIS Gebäude
CRS3035RES100mN2719200E4198800,47.5748154,8.3773774,33,2347.1,71.1,0.2347,0.8084,LGL BW / ALKIS Gebäude
CRS3035RES100mN2720800E4193400,47.5881224,8.3051938,23,2001.5,87.0,0.2001,0.8084,LGL BW / ALKIS Gebäude
CRS3035RES100mN2725000E4186200,47.6243845,8.2082450,15,2522.5,168.2,0.2523,0.8073,LGL BW / ALKIS Gebäude
CRS3035RES100mN2725100E4193400,47.6268111,8.3039225,19,1808.3,95.2,0.1808,0.8069,LGL BW / ALKIS Gebäude
CRS3035RES100mN2726800E4192100,47.6418368,8.2861330,19,1805.7,95.0,0.1806,0.8064,LGL BW / ALKIS Gebäude
CRS3035RES100mN2725200E4187000,47.6263577,8.2188168,26,2107.1,81.0,0.2107,0.8062,LGL BW / ALKIS Gebäude
CRS3035RES100mN2725200E4181700,47.6251870,8.1483662,17,1966.4,115.7,0.1966,0.8061,LGL BW / ALKIS Gebäude
CRS3035RES100mN2720800E4193500,47.5881430,8.3065221,16,2236.2,139.8,0.2236,0.8060,LGL BW / ALKIS Gebäude
CRS3035RES100mN2729200E4198600,47.6647511,8.3718837,26,2104.8,81.0,0.2105,0.8058,LGL BW / ALKIS Gebäude
CRS3035RES100mN2725300E4193900,47.6287135,8.3105102,22,1942.5,88.3,0.1943,0.8055,LGL BW / ALKIS Gebäude
CRS3035RES100mN2728900E4188800,47.6600338,8.2416087,20,1849.3,92.5,0.1849,0.8053,LGL BW / ALKIS Gebäude
CRS3035RES100mN2726300E4191900,47.6372965,8.2836234,32,2298.3,71.8,0.2298,0.8053,LGL BW / ALKIS Gebäude
CRS3035RES100mN2725600E4186800,47.6299131,8.2160337,20,1849.0,92.4,0.1849,0.8052,LGL BW / ALKIS Gebäude
CRS3035RES100mN2726000E4190700,47.6343457,8.2677591,28,2171.5,77.6,0.2171,0.8051,LGL BW / ALKIS Gebäude
CRS3035RES100mN2724400E4194700,47.6207797,8.3214088,18,1746.9,97.0,0.1747,0.8050,LGL BW / ALKIS Gebäude
CRS3035RES100mN2725900E4193200,47.6339676,8.3010267,30,2234.4,74.5,0.2234,0.8048,LGL BW / ALKIS Gebäude
CRS3035RES100mN2727400E4189100,47.6466025,8.2460586,17,1951.5,114.8,0.1951,0.8047,LGL BW / ALKIS Gebäude
CRS3035RES100mN2720700E4193300,47.5872021,8.3038950,16,2219.9,138.7,0.2220,0.8045,LGL BW / ALKIS Gebäude
CRS3035RES100mN2725900E4193100,47.6339469,8.2996972,31,2256.7,72.8,0.2257,0.8034,LGL BW / ALKIS Gebäude
CRS3035RES100mN2725500E4193700,47.6304718,8.3077924,19,1787.4,94.1,0.1787,0.8028,LGL BW / ALKIS Gebäude
CRS3035RES100mN2721400E4194500,47.5937466,8.3196298,19,1786.7,94.0,0.1787,0.8026,LGL BW / ALKIS Gebäude
CRS3035RES100mN2724300E4194900,47.6199208,8.3240964,19,1784.6,93.9,0.1785,0.8022,LGL BW / ALKIS Gebäude
CRS3035RES100mN2722800E4178100,47.6027739,8.1013095,23,1966.6,85.5,0.1967,0.8021,LGL BW / ALKIS Gebäude
CRS3035RES100mN2721800E4195100,47.5974679,8.3274840,24,2005.9,83.6,0.2006,0.8019,LGL BW / ALKIS Gebäude
CRS3035RES100mN2724800E4185100,47.6223444,8.1936866,18,1730.5,96.1,0.1730,0.8017,LGL BW / ALKIS Gebäude
CRS3035RES100mN2726000E4193900,47.6350116,8.3103038,38,2428.5,63.9,0.2428,0.8015,LGL BW / ALKIS Gebäude
CRS3035RES100mN2725400E4186700,47.6280920,8.2147666,21,1875.7,89.3,0.1876,0.8014,LGL BW / ALKIS Gebäude
CRS3035RES100mN2725600E4193800,47.6313921,8.3090923,27,2111.7,78.2,0.2112,0.8009,LGL BW / ALKIS Gebäude
CRS3035RES100mN2726200E4191900,47.6363968,8.2836534,30,2207.9,73.6,0.2208,0.8006,LGL BW / ALKIS Gebäude
CRS3035RES100mN2726700E4197300,47.6419990,8.3553077,21,1870.2,89.1,0.1870,0.8004,LGL BW / ALKIS Gebäude
CRS3035RES100mN2723200E4183000,47.6074846,8.1662860,30,2204.9,73.5,0.2205,0.8001,LGL BW / ALKIS Gebäude
CRS3035RES100mN2721000E4179400,47.5868785,8.1191721,33,2292.7,69.5,0.2293,0.8001,LGL BW / ALKIS Gebäude
CRS3035RES100mN2725000E4194900,47.6262189,8.3238918,22,1912.1,86.9,0.1912,0.7999,LGL BW / ALKIS Gebäude
CRS3035RES100mN2728800E4188800,47.6591341,8.2416394,15,2438.5,162.6,0.2439,0.7996,LGL BW / ALKIS Gebäude
CRS3035RES100mN2723500E4183400,47.6102727,8.1715055,20,1818.7,90.9,0.1819,0.7994,LGL BW / ALKIS Gebäude
CRS3035RES100mN2729000E4198200,47.6628723,8.3666195,16,2165.0,135.3,0.2165,0.7994,LGL BW / ALKIS Gebäude
CRS3035RES100mN2724500E4195000,47.6217406,8.3253672,27,2101.7,77.8,0.2102,0.7993,LGL BW / ALKIS Gebäude
CRS3035RES100mN2723600E4183300,47.6111502,8.1701447,24,1991.1,83.0,0.1991,0.7993,LGL BW / ALKIS Gebäude
CRS3035RES100mN2723000E4192800,47.6077927,8.2965707,29,2168.5,74.8,0.2168,0.7993,LGL BW / ALKIS Gebäude
CRS3035RES100mN2731300E4193600,47.6826347,8.3047468,21,1864.4,88.8,0.1864,0.7993,LGL BW / ALKIS Gebäude
CRS3035RES100mN2721800E4180200,47.5942584,8.1295372,27,2100.3,77.8,0.2100,0.7990,LGL BW / ALKIS Gebäude
CRS3035RES100mN2725400E4193600,47.6295515,8.3064925,31,2227.8,71.9,0.2228,0.7989,LGL BW / ALKIS Gebäude
CRS3035RES100mN2724900E4187600,47.6237882,8.2268853,16,2158.2,134.9,0.2158,0.7988,LGL BW / ALKIS Gebäude
CRS3035RES100mN2725100E4180400,47.6239932,8.1311189,18,1713.7,95.2,0.1714,0.7983,LGL BW / ALKIS Gebäude
CRS3035RES100mN2721200E4180000,47.5888148,8.1270762,27,2095.1,77.6,0.2095,0.7982,LGL BW / ALKIS Gebäude
CRS3035RES100mN2728400E4198500,47.6575334,8.3707810,23,1935.7,84.2,0.1936,0.7966,LGL BW / ALKIS Gebäude
CRS3035RES100mN2728800E4181700,47.6575751,8.1472023,17,1859.2,109.4,0.1859,0.7962,LGL BW / ALKIS Gebäude
CRS3035RES100mN2726300E4191700,47.6372547,8.2809642,15,2399.1,159.9,0.2399,0.7960,LGL BW / ALKIS Gebäude
CRS3035RES100mN2724600E4185000,47.6205231,8.1924205,22,1889.8,85.9,0.1890,0.7959,LGL BW / ALKIS Gebäude
CRS3035RES100mN2726200E4192000,47.6364177,8.2849829,23,1931.3,84.0,0.1931,0.7958,LGL BW / ALKIS Gebäude
CRS3035RES100mN2724900E4195000,47.6253396,8.3252503,35,2316.4,66.2,0.2316,0.7957,LGL BW / ALKIS Gebäude
CRS3035RES100mN2727800E4180300,47.6482614,8.1289082,17,1849.9,108.8,0.1850,0.7954,LGL BW / ALKIS Gebäude
CRS3035RES100mN2725500E4193500,47.6304306,8.3051336,13,2935.4,225.8,0.2935,0.7954,LGL BW / ALKIS Gebäude
CRS3035RES100mN2721200E4180200,47.5888603,8.1297328,18,1698.0,94.3,0.1698,0.7951,LGL BW / ALKIS Gebäude
CRS3035RES100mN2728200E4193700,47.6547643,8.3069947,15,2388.6,159.2,0.2389,0.7950,LGL BW / ALKIS Gebäude
CRS3035RES100mN2729000E4181600,47.6593518,8.1458074,19,1744.2,91.8,0.1744,0.7943,LGL BW / ALKIS Gebäude
CRS3035RES100mN2728200E4193900,47.6548054,8.3096548,17,1836.9,108.1,0.1837,0.7942,LGL BW / ALKIS Gebäude
CRS3035RES100mN2725800E4193900,47.6332121,8.3103628,27,2067.9,76.6,0.2068,0.7936,LGL BW / ALKIS Gebäude
CRS3035RES100mN2726900E4197600,47.6438584,8.3592396,25,1993.6,79.7,0.1994,0.7931,LGL BW / ALKIS Gebäude
CRS3035RES100mN2730500E4199000,47.6765267,8.3768364,20,1785.8,89.3,0.1786,0.7931,LGL BW / ALKIS Gebäude
CRS3035RES100mN2723200E4182600,47.6073953,8.1609709,36,2318.7,64.4,0.2319,0.7924,LGL BW / ALKIS Gebäude
CRS3035RES100mN2723300E4192500,47.6104297,8.2924949,28,2092.1,74.7,0.2092,0.7921,LGL BW / ALKIS Gebäude
CRS3035RES100mN2727000E4189600,47.6431101,8.2528297,23,1910.2,83.1,0.1910,0.7920,LGL BW / ALKIS Gebäude
CRS3035RES100mN2725100E4187100,47.6254796,8.2201771,21,1824.6,86.9,0.1825,0.7918,LGL BW / ALKIS Gebäude
CRS3035RES100mN2724800E4185300,47.6223883,8.1963450,21,1824.6,86.9,0.1825,0.7918,LGL BW / ALKIS Gebäude
CRS3035RES100mN2725300E4193800,47.6286929,8.3091808,25,1985.7,79.4,0.1986,0.7918,LGL BW / ALKIS Gebäude
CRS3035RES100mN2719200E4198700,47.5747956,8.3760494,21,1823.8,86.8,0.1824,0.7917,LGL BW / ALKIS Gebäude
CRS3035RES100mN2731100E4182300,47.6784021,8.1544413,24,1947.4,81.1,0.1947,0.7916,LGL BW / ALKIS Gebäude
CRS3035RES100mN2725100E4186900,47.6254363,8.2175186,16,2077.4,129.8,0.2077,0.7913,LGL BW / ALKIS Gebäude
CRS3035RES100mN2725700E4192700,47.6320647,8.2944387,33,2234.0,67.7,0.2234,0.7912,LGL BW / ALKIS Gebäude
CRS3035RES100mN2724800E4186700,47.6226938,8.2149535,16,2075.3,129.7,0.2075,0.7911,LGL BW / ALKIS Gebäude
CRS3035RES100mN2724100E4195100,47.6181620,8.3268131,23,1905.0,82.8,0.1905,0.7911,LGL BW / ALKIS Gebäude
CRS3035RES100mN2726900E4189200,47.6421253,8.2475414,29,2115.9,73.0,0.2116,0.7908,LGL BW / ALKIS Gebäude
CRS3035RES100mN2726800E4197400,47.6429188,8.3566088,26,2015.7,77.5,0.2016,0.7907,LGL BW / ALKIS Gebäude
CRS3035RES100mN2726200E4190800,47.6361662,8.2690282,21,1817.1,86.5,0.1817,0.7904,LGL BW / ALKIS Gebäude
CRS3035RES100mN2727300E4196400,47.6472168,8.3431666,26,2013.0,77.4,0.2013,0.7903,LGL BW / ALKIS Gebäude
CRS3035RES100mN2725300E4193400,47.6286105,8.3038634,12,3152.0,262.7,0.3152,0.7903,LGL BW / ALKIS Gebäude
CRS3035RES100mN2723300E4183500,47.6084956,8.1728981,21,1816.5,86.5,0.1817,0.7903,LGL BW / ALKIS Gebäude
CRS3035RES100mN2727900E4197200,47.6527758,8.3536331,18,1672.6,92.9,0.1673,0.7899,LGL BW / ALKIS Gebäude
CRS3035RES100mN2728800E4188500,47.6590699,8.2376490,23,1896.3,82.4,0.1896,0.7896,LGL BW / ALKIS Gebäude
CRS3035RES100mN2725000E4194600,47.6261577,8.3199038,23,1891.8,82.3,0.1892,0.7888,LGL BW / ALKIS Gebäude
CRS3035RES100mN2724100E4195000,47.6181417,8.3254840,22,1851.2,84.1,0.1851,0.7888,LGL BW / ALKIS Gebäude
CRS3035RES100mN2721200E4179900,47.5887920,8.1257479,32,2191.1,68.5,0.2191,0.7888,LGL BW / ALKIS Gebäude
CRS3035RES100mN2724200E4187600,47.6174903,8.2271018,23,1891.8,82.3,0.1892,0.7887,LGL BW / ALKIS Gebäude
CRS3035RES100mN2728400E4198600,47.6575532,8.3721112,17,1775.9,104.5,0.1776,0.7886,LGL BW / ALKIS Gebäude
CRS3035RES100mN2725900E4193900,47.6341118,8.3103333,29,2100.9,72.4,0.2101,0.7884,LGL BW / ALKIS Gebäude
CRS3035RES100mN2723200E4182500,47.6073729,8.1596421,25,1963.1,78.5,0.1963,0.7879,LGL BW / ALKIS Gebäude
CRS3035RES100mN2728400E4198300,47.6574938,8.3681208,26,1998.4,76.9,0.1998,0.7878,LGL BW / ALKIS Gebäude
CRS3035RES100mN2725600E4193300,47.6312891,8.3024451,27,2030.4,75.2,0.2030,0.7874,LGL BW / ALKIS Gebäude
CRS3035RES100mN2723400E4183100,47.6093063,8.1675509,17,1759.1,103.5,0.1759,0.7870,LGL BW / ALKIS Gebäude
CRS3035RES100mN2730500E4190400,47.6747691,8.2624057,23,1882.1,81.8,0.1882,0.7870,LGL BW / ALKIS Gebäude
CRS3035RES100mN2722700E4178100,47.6018743,8.1013427,20,1753.6,87.7,0.1754,0.7869,LGL BW / ALKIS Gebäude
CRS3035RES100mN2721900E4195100,47.5983677,8.3274549,24,1918.1,79.9,0.1918,0.7865,LGL BW / ALKIS Gebäude
CRS3035RES100mN2728700E4198300,47.6601930,8.3680353,20,1750.0,87.5,0.1750,0.7862,LGL BW / ALKIS Gebäude
CRS3035RES100mN2726900E4189600,47.6422104,8.2528602,26,1986.4,76.4,0.1986,0.7858,LGL BW / ALKIS Gebäude
CRS3035RES100mN2723800E4192800,47.6149906,8.2963330,22,1834.6,83.4,0.1835,0.7858,LGL BW / ALKIS Gebäude
CRS3035RES100mN2730700E4199100,47.6783459,8.3781103,31,2143.6,69.1,0.2144,0.7857,LGL BW / ALKIS Gebäude
CRS3035RES100mN2721900E4180300,47.5951808,8.1308331,25,1949.3,78.0,0.1949,0.7855,LGL BW / ALKIS Gebäude
CRS3035RES100mN2725100E4193600,47.6268523,8.3065812,27,2018.4,74.8,0.2018,0.7854,LGL BW / ALKIS Gebäude
CRS3035RES100mN2726800E4197200,47.6428788,8.3539492,29,2079.6,71.7,0.2080,0.7850,LGL BW / ALKIS Gebäude
CRS3035RES100mN2726700E4192000,47.6409162,8.2848333,17,1733.7,102.0,0.1734,0.7847,LGL BW / ALKIS Gebäude
CRS3035RES100mN2721000E4193200,47.5898807,8.3024780,27,2010.5,74.5,0.2010,0.7841,LGL BW / ALKIS Gebäude
CRS3035RES100mN2720700E4193400,47.5872227,8.3052233,17,1721.2,101.2,0.1721,0.7835,LGL BW / ALKIS Gebäude
CRS3035RES100mN2727000E4188700,47.6429182,8.2408622,17,1717.1,101.0,0.1717,0.7832,LGL BW / ALKIS Gebäude
CRS3035RES100mN2725000E4187700,47.6247095,8.2281836,22,1818.7,82.7,0.1819,0.7828,LGL BW / ALKIS Gebäude
CRS3035RES100mN2723200E4192500,47.6095300,8.2925247,23,1857.4,80.8,0.1857,0.7826,LGL BW / ALKIS Gebäude
CRS3035RES100mN2723200E4182700,47.6074176,8.1622997,36,2252.4,62.6,0.2252,0.7826,LGL BW / ALKIS Gebäude
CRS3035RES100mN2730400E4189000,47.6735719,8.2438089,18,1636.8,90.9,0.1637,0.7826,LGL BW / ALKIS Gebäude
CRS3035RES100mN2728500E4198600,47.6584530,8.3720828,17,1710.2,100.6,0.1710,0.7825,LGL BW / ALKIS Gebäude
CRS3035RES100mN2727700E4185900,47.6486107,8.2034110,16,1977.3,123.6,0.1977,0.7821,LGL BW / ALKIS Gebäude
CRS3035RES100mN2727000E4197600,47.6447582,8.3592110,21,1772.7,84.4,0.1773,0.7821,LGL BW / ALKIS Gebäude
CRS3035RES100mN2724900E4195300,47.6254006,8.3292382,19,1682.1,88.5,0.1682,0.7820,LGL BW / ALKIS Gebäude
CRS3035RES100mN2719100E4198600,47.5738761,8.3747497,37,2270.6,61.4,0.2271,0.7819,LGL BW / ALKIS Gebäude
CRS3035RES100mN2723200E4187600,47.6084932,8.2274110,10,3602.1,360.2,0.3602,0.7818,LGL BW / ALKIS Gebäude
CRS3035RES100mN2721700E4194400,47.5964254,8.3182133,32,2144.7,67.0,0.2145,0.7816,LGL BW / ALKIS Gebäude
CRS3035RES100mN2725000E4194700,47.6261781,8.3212331,24,1887.2,78.6,0.1887,0.7811,LGL BW / ALKIS Gebäude
CRS3035RES100mN2726200E4191600,47.6363341,8.2796647,19,1676.9,88.3,0.1677,0.7810,LGL BW / ALKIS Gebäude
CRS3035RES100mN2731000E4182200,47.6774800,8.1531429,21,1763.7,84.0,0.1764,0.7804,LGL BW / ALKIS Gebäude
CRS3035RES100mN2720900E4178400,47.5857493,8.1059228,29,2048.6,70.6,0.2049,0.7800,LGL BW / ALKIS Gebäude
CRS3035RES100mN2727300E4196300,47.6471966,8.3418368,31,2105.3,67.9,0.2105,0.7797,LGL BW / ALKIS Gebäude
CRS3035RES100mN2725000E4195300,47.6263003,8.3292090,16,1944.0,121.5,0.1944,0.7791,LGL BW / ALKIS Gebäude
CRS3035RES100mN2725500E4186700,47.6289917,8.2147355,24,1874.2,78.1,0.1874,0.7788,LGL BW / ALKIS Gebäude
CRS3035RES100mN2725900E4193800,47.6340913,8.3090038,28,2009.5,71.8,0.2010,0.7786,LGL BW / ALKIS Gebäude
CRS3035RES100mN2729000E4188700,47.6609121,8.2402478,22,1794.5,81.6,0.1795,0.7784,LGL BW / ALKIS Gebäude
CRS3035RES100mN2721100E4193300,47.5908011,8.3037768,19,1663.6,87.6,0.1664,0.7783,LGL BW / ALKIS Gebäude
CRS3035RES100mN2724200E4187700,47.6175118,8.2284308,43,2367.5,55.1,0.2367,0.7782,LGL BW / ALKIS Gebäude
CRS3035RES100mN2724900E4187500,47.6237667,8.2255561,32,2121.5,66.3,0.2122,0.7780,LGL BW / ALKIS Gebäude
CRS3035RES100mN2725100E4193700,47.6268729,8.3079105,26,1939.1,74.6,0.1939,0.7778,LGL BW / ALKIS Gebäude
CRS3035RES100mN2720900E4178700,47.5858183,8.1099074,24,1867.0,77.8,0.1867,0.7775,LGL BW / ALKIS Gebäude
CRS3035RES100mN2726100E4190700,47.6352455,8.2677289,23,1826.8,79.4,0.1827,0.7771,LGL BW / ALKIS Gebäude
CRS3035RES100mN2724700E4194900,47.6235197,8.3239795,15,2194.4,146.3,0.2194,0.7771,LGL BW / ALKIS Gebäude
CRS3035RES100mN2726900E4188800,47.6420399,8.2422226,19,1655.6,87.1,0.1656,0.7768,LGL BW / ALKIS Gebäude
CRS3035RES100mN2726200E4192200,47.6364593,8.2876421,18,1608.3,89.3,0.1608,0.7768,LGL BW / ALKIS Gebäude
CRS3035RES100mN2728000E4197900,47.6538153,8.3629146,28,1995.2,71.3,0.1995,0.7763,LGL BW / ALKIS Gebäude
CRS3035RES100mN2725600E4190500,47.6307047,8.2652212,32,2110.0,65.9,0.2110,0.7762,LGL BW / ALKIS Gebäude
CRS3035RES100mN2727600E4183500,47.6471820,8.1715267,16,1912.4,119.5,0.1912,0.7761,LGL BW / ALKIS Gebäude
CRS3035RES100mN2721500E4180400,47.5916048,8.1322917,16,1911.1,119.4,0.1911,0.7760,LGL BW / ALKIS Gebäude
CRS3035RES100mN2725800E4191400,47.6326934,8.2771258,16,1906.7,119.2,0.1907,0.7756,LGL BW / ALKIS Gebäude
CRS3035RES100mN2726200E4192400,47.6365010,8.2903012,32,2105.7,65.8,0.2106,0.7756,LGL BW / ALKIS Gebäude
CRS3035RES100mN2726700E4188900,47.6402619,8.2436136,23,1817.9,79.0,0.1818,0.7755,LGL BW / ALKIS Gebäude
CRS3035RES100mN2725600E4186600,47.6298697,8.2133749,15,2174.3,145.0,0.2174,0.7753,LGL BW / ALKIS Gebäude
CRS3035RES100mN2727400E4196300,47.6480963,8.3418078,26,1924.7,74.0,0.1925,0.7753,LGL BW / ALKIS Gebäude
CRS3035RES100mN2729500E4194700,47.6666657,8.3199137,16,1903.5,119.0,0.1903,0.7753,LGL BW / ALKIS Gebäude
CRS3035RES100mN2724200E4178200,47.6153924,8.1021749,26,1923.3,74.0,0.1923,0.7751,LGL BW / ALKIS Gebäude
CRS3035RES100mN2725900E4194000,47.6341324,8.3116628,26,1922.2,73.9,0.1922,0.7749,LGL BW / ALKIS Gebäude
CRS3035RES100mN2724800E4185200,47.6223664,8.1950158,17,1667.7,98.1,0.1668,0.7748,LGL BW / ALKIS Gebäude
CRS3035RES100mN2726200E4190500,47.6361030,8.2650396,19,1645.1,86.6,0.1645,0.7747,LGL BW / ALKIS Gebäude
CRS3035RES100mN2726500E4197100,47.6401595,8.3527058,31,2071.8,66.8,0.2072,0.7745,LGL BW / ALKIS Gebäude
CRS3035RES100mN2725000E4195000,47.6262393,8.3252211,26,1915.1,73.7,0.1915,0.7737,LGL BW / ALKIS Gebäude
CRS3035RES100mN2724700E4184900,47.6214008,8.1910598,20,1684.2,84.2,0.1684,0.7735,LGL BW / ALKIS Gebäude
CRS3035RES100mN2725400E4187000,47.6281571,8.2187546,27,1938.0,71.8,0.1938,0.7721,LGL BW / ALKIS Gebäude
CRS3035RES100mN2727700E4196900,47.6509162,8.3497007,28,1968.7,70.3,0.1969,0.7719,LGL BW / ALKIS Gebäude
CRS3035RES100mN2725700E4193200,47.6321682,8.3010860,31,2053.7,66.2,0.2054,0.7717,LGL BW / ALKIS Gebäude
CRS3035RES100mN2724700E4186900,47.6218375,8.2176430,13,5632.2,433.2,0.5632,0.7716,LGL BW / ALKIS Gebäude
CRS3035RES100mN2728000E4180400,47.6500835,8.1301728,20,1674.1,83.7,0.1674,0.7716,LGL BW / ALKIS Gebäude
CRS3035RES100mN2722700E4178000,47.6018512,8.1000140,24,1832.3,76.3,0.1832,0.7715,LGL BW / ALKIS Gebäude
CRS3035RES100mN2725300E4193500,47.6286312,8.3051927,23,1794.7,78.0,0.1795,0.7714,LGL BW / ALKIS Gebäude
CRS3035RES100mN2721900E4180100,47.5951353,8.1281762,23,1794.0,78.0,0.1794,0.7712,LGL BW / ALKIS Gebäude
CRS3035RES100mN2726300E4190900,47.6370870,8.2703276,23,1792.6,77.9,0.1793,0.7710,LGL BW / ALKIS Gebäude
CRS3035RES100mN2726600E4188800,47.6393408,8.2423146,18,1579.5,87.8,0.1580,0.7710,LGL BW / ALKIS Gebäude
CRS3035RES100mN2721000E4193300,47.5899013,8.3038064,24,1829.1,76.2,0.1829,0.7709,LGL BW / ALKIS Gebäude
CRS3035RES100mN2726800E4197300,47.6428988,8.3552790,17,1648.5,97.0,0.1648,0.7708,LGL BW / ALKIS Gebäude
CRS3035RES100mN2721000E4179500,47.5869014,8.1205003,61,2565.9,42.1,0.2566,0.7705,LGL BW / ALKIS Gebäude
CRS3035RES100mN2721100E4180200,47.5879606,8.1297654,17,1647.0,96.9,0.1647,0.7705,LGL BW / ALKIS Gebäude
CRS3035RES100mN2726800E4192200,47.6418576,8.2874627,25,1861.5,74.5,0.1861,0.7704,LGL BW / ALKIS Gebäude
CRS3035RES100mN2724700E4195300,47.6236011,8.3292965,25,1860.7,74.4,0.1861,0.7702,LGL BW / ALKIS Gebäude
CRS3035RES100mN2720600E4193600,47.5863641,8.3079094,21,1708.3,81.3,0.1708,0.7700,LGL BW / ALKIS Gebäude
CRS3035RES100mN2721100E4193100,47.5907598,8.3011200,35,2141.8,61.2,0.2142,0.7697,LGL BW / ALKIS Gebäude
CRS3035RES100mN2727900E4196700,47.6526755,8.3469831,18,1572.8,87.4,0.1573,0.7696,LGL BW / ALKIS Gebäude
CRS3035RES100mN2730500E4182700,47.6730938,8.1599566,15,2112.5,140.8,0.2112,0.7696,LGL BW / ALKIS Gebäude
CRS3035RES100mN2720900E4193200,47.5889809,8.3025076,22,1744.4,79.3,0.1744,0.7693,LGL BW / ALKIS Gebäude
CRS3035RES100mN2725000E4186000,47.6243409,8.2055866,18,1569.7,87.2,0.1570,0.7690,LGL BW / ALKIS Gebäude
CRS3035RES100mN2725100E4185700,47.6251750,8.2015675,27,1918.1,71.0,0.1918,0.7687,LGL BW / ALKIS Gebäude
CRS3035RES100mN2722100E4180700,47.5970710,8.1360819,28,1947.1,69.5,0.1947,0.7684,LGL BW / ALKIS Gebäude
CRS3035RES100mN2721100E4179400,47.5877782,8.1191393,15,2098.9,139.9,0.2099,0.7683,LGL BW / ALKIS Gebäude
CRS3035RES100mN2725500E4186800,47.6290134,8.2160648,24,1812.0,75.5,0.1812,0.7679,LGL BW / ALKIS Gebäude
CRS3035RES100mN2726000E4193700,47.6349704,8.3076448,32,2054.1,64.2,0.2054,0.7676,LGL BW / ALKIS Gebäude
CRS3035RES100mN2727800E4196900,47.6518160,8.3496719,30,2000.6,66.7,0.2001,0.7676,LGL BW / ALKIS Gebäude
CRS3035RES100mN2724400E4184800,47.6186797,8.1898254,16,1817.2,113.6,0.1817,0.7674,LGL BW / ALKIS Gebäude
CRS3035RES100mN2726200E4190300,47.6360608,8.2623805,31,2024.4,65.3,0.2024,0.7671,LGL BW / ALKIS Gebäude
CRS3035RES100mN2724100E4178800,47.6146309,8.1101817,20,1649.5,82.5,0.1649,0.7669,LGL BW / ALKIS Gebäude
CRS3035RES100mN2722300E4180700,47.5988703,8.1360169,19,1602.7,84.4,0.1603,0.7663,LGL BW / ALKIS Gebäude
CRS3035RES100mN2726000E4190900,47.6343878,8.2704181,11,3158.9,287.2,0.3159,0.7660,LGL BW / ALKIS Gebäude
CRS3035RES100mN2725900E4186400,47.6325253,8.2106225,16,1801.1,112.6,0.1801,0.7659,LGL BW / ALKIS Gebäude
CRS3035RES100mN2722200E4180700,47.5979707,8.1360494,22,1725.8,78.4,0.1726,0.7658,LGL BW / ALKIS Gebäude
CRS3035RES100mN2723000E4183200,47.6057298,8.1690074,24,1798.0,74.9,0.1798,0.7654,LGL BW / ALKIS Gebäude
CRS3035RES100mN2724800E4195400,47.6245212,8.3305966,39,2199.4,56.4,0.2199,0.7654,LGL BW / ALKIS Gebäude
CRS3035RES100mN2725300E4193600,47.6286518,8.3065221,32,2039.0,63.7,0.2039,0.7652,LGL BW / ALKIS Gebäude
CRS3035RES100mN2726600E4197200,47.6410793,8.3540067,21,1681.5,80.1,0.1682,0.7650,LGL BW / ALKIS Gebäude
CRS3035RES100mN2725800E4190500,47.6325042,8.2651607,19,1593.3,83.9,0.1593,0.7645,LGL BW / ALKIS Gebäude
CRS3035RES100mN2724400E4187700,47.6193113,8.2283690,14,2328.0,166.3,0.2328,0.7644,LGL BW / ALKIS Gebäude
CRS3035RES100mN2723900E4187900,47.6148558,8.2311815,20,1636.6,81.8,0.1637,0.7644,LGL BW / ALKIS Gebäude
CRS3035RES100mN2721100E4179600,47.5878239,8.1217958,38,2163.3,56.9,0.2163,0.7631,LGL BW / ALKIS Gebäude
CRS3035RES100mN2725800E4193300,47.6330885,8.3023859,23,1748.8,76.0,0.1749,0.7631,LGL BW / ALKIS Gebäude
CRS3035RES100mN2721700E4194300,47.5964050,8.3168848,19,1582.0,83.3,0.1582,0.7622,LGL BW / ALKIS Gebäude
CRS3035RES100mN2725200E4193900,47.6278137,8.3105397,36,2114.4,58.7,0.2114,0.7622,LGL BW / ALKIS Gebäude
CRS3035RES100mN2724500E4188000,47.6202755,8.2323255,29,1936.8,66.8,0.1937,0.7620,LGL BW / ALKIS Gebäude
CRS3035RES100mN2728800E4188600,47.6590913,8.2389791,21,1664.8,79.3,0.1665,0.7619,LGL BW / ALKIS Gebäude
CRS3035RES100mN2725700E4186500,47.6307476,8.2120144,27,1874.6,69.4,0.1875,0.7615,LGL BW / ALKIS Gebäude
CRS3035RES100mN2722100E4180500,47.5970256,8.1334249,18,1532.2,85.1,0.1532,0.7614,LGL BW / ALKIS Gebäude
CRS3035RES100mN2723500E4187600,47.6111923,8.2273182,31,1987.5,64.1,0.1987,0.7613,LGL BW / ALKIS Gebäude
CRS3035RES100mN2723600E4183100,47.6111057,8.1674870,19,1576.2,83.0,0.1576,0.7611,LGL BW / ALKIS Gebäude
CRS3035RES100mN2723700E4179100,47.6111011,8.1143000,20,1619.6,81.0,0.1620,0.7611,LGL BW / ALKIS Gebäude
CRS3035RES100mN2726200E4192500,47.6365217,8.2916308,29,1927.3,66.5,0.1927,0.7604,LGL BW / ALKIS Gebäude
CRS3035RES100mN2723100E4183200,47.6066295,8.1689755,19,1572.4,82.8,0.1572,0.7603,LGL BW / ALKIS Gebäude
CRS3035RES100mN2726200E4192100,47.6364385,8.2863125,26,1834.9,70.6,0.1835,0.7601,LGL BW / ALKIS Gebäude
CRS3035RES100mN2720900E4178500,47.5857723,8.1072510,22,1693.6,77.0,0.1694,0.7599,LGL BW / ALKIS Gebäude
CRS3035RES100mN2725800E4193800,47.6331916,8.3090333,25,1800.4,72.0,0.1800,0.7599,LGL BW / ALKIS Gebäude
CRS3035RES100mN2724900E4195100,47.6253599,8.3265796,18,1524.9,84.7,0.1525,0.7599,LGL BW / ALKIS Gebäude
CRS3035RES100mN2725700E4193400,47.6322095,8.3037450,37,2119.0,57.3,0.2119,0.7597,LGL BW / ALKIS Gebäude
CRS3035RES100mN2721300E4178600,47.5893941,8.1084474,16,1727.4,108.0,0.1727,0.7591,LGL BW / ALKIS Gebäude
CRS3035RES100mN2728000E4198000,47.6538352,8.3642446,22,1689.1,76.8,0.1689,0.7591,LGL BW / ALKIS Gebäude
CRS3035RES100mN2723500E4192400,47.6122084,8.2911064,21,1649.3,78.5,0.1649,0.7590,LGL BW / ALKIS Gebäude
CRS3035RES100mN2727300E4197500,47.6474374,8.3577952,18,1518.6,84.4,0.1519,0.7586,LGL BW / ALKIS Gebäude
CRS3035RES100mN2727700E4180500,47.6474072,8.1316005,16,1719.3,107.5,0.1719,0.7584,LGL BW / ALKIS Gebäude
CRS3035RES100mN2725800E4193400,47.6331092,8.3037154,31,1967.3,63.5,0.1967,0.7581,LGL BW / ALKIS Gebäude
CRS3035RES100mN2725800E4186500,47.6316473,8.2119832,26,1822.0,70.1,0.1822,0.7580,LGL BW / ALKIS Gebäude
CRS3035RES100mN2728500E4188900,47.6564564,8.2430616,20,1602.8,80.1,0.1603,0.7579,LGL BW / ALKIS Gebäude
CRS3035RES100mN2728500E4198100,47.6583538,8.3654320,15,1979.8,132.0,0.1980,0.7574,LGL BW / ALKIS Gebäude
CRS3035RES100mN2722200E4180600,47.5979480,8.1347209,22,1679.7,76.4,0.1680,0.7574,LGL BW / ALKIS Gebäude
CRS3035RES100mN2721100E4180100,47.5879379,8.1284371,18,1509.4,83.9,0.1509,0.7567,LGL BW / ALKIS Gebäude
CRS3035RES100mN2721100E4193200,47.5907804,8.3024484,24,1747.1,72.8,0.1747,0.7565,LGL BW / ALKIS Gebäude
CRS3035RES100mN2722300E4181200,47.5989835,8.1426596,23,1710.7,74.4,0.1711,0.7563,LGL BW / ALKIS Gebäude
CRS3035RES100mN2723600E4193000,47.6132325,8.2990504,21,1634.4,77.8,0.1634,0.7562,LGL BW / ALKIS Gebäude
CRS3035RES100mN2725700E4186600,47.6307694,8.2133438,26,1811.0,69.7,0.1811,0.7561,LGL BW / ALKIS Gebäude
CRS3035RES100mN2722000E4180400,47.5961032,8.1321289,18,1503.3,83.5,0.1503,0.7555,LGL BW / ALKIS Gebäude
CRS3035RES100mN2718900E4198400,47.5720370,8.3721504,23,1705.6,74.2,0.1706,0.7554,LGL BW / ALKIS Gebäude
CRS3035RES100mN2724600E4194600,47.6225588,8.3200211,17,1575.2,92.7,0.1575,0.7554,LGL BW / ALKIS Gebäude
CRS3035RES100mN2725600E4186700,47.6298914,8.2147043,23,1704.4,74.1,0.1704,0.7552,LGL BW / ALKIS Gebäude
CRS3035RES100mN2725900E4193600,47.6340501,8.3063448,37,2086.7,56.4,0.2087,0.7550,LGL BW / ALKIS Gebäude
CRS3035RES100mN2723700E4183400,47.6120721,8.1714417,20,1587.7,79.4,0.1588,0.7550,LGL BW / ALKIS Gebäude
CRS3035RES100mN2723000E4193100,47.6078548,8.3005572,15,1951.0,130.1,0.1951,0.7547,LGL BW / ALKIS Gebäude
CRS3035RES100mN2727800E4197000,47.6518360,8.3510019,35,2039.8,58.3,0.2040,0.7544,LGL BW / ALKIS Gebäude
CRS3035RES100mN2729900E4195000,47.6703258,8.3237877,18,1497.8,83.2,0.1498,0.7544,LGL BW / ALKIS Gebäude
CRS3035RES100mN2723300E4182700,47.6083173,8.1622677,32,1966.9,61.5,0.1967,0.7541,LGL BW / ALKIS Gebäude
CRS3035RES100mN2726300E4184000,47.6355971,8.1785891,19,1540.5,81.1,0.1540,0.7540,LGL BW / ALKIS Gebäude
CRS3035RES100mN2721400E4194600,47.5937671,8.3209582,28,1858.7,66.4,0.1859,0.7540,LGL BW / ALKIS Gebäude
CRS3035RES100mN2725700E4193800,47.6322918,8.3090628,23,1697.1,73.8,0.1697,0.7539,LGL BW / ALKIS Gebäude
CRS3035RES100mN2723600E4192900,47.6132118,8.2977214,23,1695.0,73.7,0.1695,0.7535,LGL BW / ALKIS Gebäude
CRS3035RES100mN2730500E4183800,47.6733390,8.1745918,17,1566.3,92.1,0.1566,0.7535,LGL BW / ALKIS Gebäude
CRS3035RES100mN2724100E4187800,47.6166337,8.2297908,42,2171.2,51.7,0.2171,0.7534,LGL BW / ALKIS Gebäude
CRS3035RES100mN2730900E4183000,47.6767595,8.1638197,16,1665.8,104.1,0.1666,0.7534,LGL BW / ALKIS Gebäude
CRS3035RES100mN2721000E4193100,47.5898600,8.3011496,29,1883.1,64.9,0.1883,0.7533,LGL BW / ALKIS Gebäude
CRS3035RES100mN2726000E4193400,47.6349086,8.3036562,31,1933.7,62.4,0.1934,0.7529,LGL BW / ALKIS Gebäude
CRS3035RES100mN2728300E4198000,47.6565344,8.3641589,28,1851.0,66.1,0.1851,0.7527,LGL BW / ALKIS Gebäude
CRS3035RES100mN2720800E4178900,47.5849646,8.1125967,19,1533.5,80.7,0.1533,0.7527,LGL BW / ALKIS Gebäude
CRS3035RES100mN2726900E4197200,47.6437785,8.3539205,24,1724.5,71.9,0.1724,0.7525,LGL BW / ALKIS Gebäude
CRS3035RES100mN2722900E4178100,47.6036736,8.1012764,20,1574.7,78.7,0.1575,0.7525,LGL BW / ALKIS Gebäude
CRS3035RES100mN2726800E4189700,47.6413319,8.2542204,28,1843.7,65.8,0.1844,0.7515,LGL BW / ALKIS Gebäude
CRS3035RES100mN2728600E4198100,47.6592535,8.3654034,12,2730.7,227.6,0.2731,0.7515,LGL BW / ALKIS Gebäude
CRS3035RES100mN2727600E4180500,47.6465076,8.1316331,19,1526.4,80.3,0.1526,0.7513,LGL BW / ALKIS Gebäude
CRS3035RES100mN2724800E4195100,47.6244602,8.3266088,20,1567.6,78.4,0.1568,0.7511,LGL BW / ALKIS Gebäude
CRS3035RES100mN2719100E4198900,47.5739353,8.3787336,19,1524.9,80.3,0.1525,0.7510,LGL BW / ALKIS Gebäude
CRS3035RES100mN2726000E4193600,47.6349498,8.3063152,30,1895.7,63.2,0.1896,0.7510,LGL BW / ALKIS Gebäude
CRS3035RES100mN2728200E4197900,47.6556148,8.3628574,19,1524.8,80.3,0.1525,0.7509,LGL BW / ALKIS Gebäude
CRS3035RES100mN2728500E4198200,47.6583737,8.3667621,21,1606.1,76.5,0.1606,0.7509,LGL BW / ALKIS Gebäude
CRS3035RES100mN2730400E4189100,47.6735933,8.2451394,21,1605.1,76.4,0.1605,0.7507,LGL BW / ALKIS Gebäude
CRS3035RES100mN2725100E4180700,47.6240613,8.1351065,19,1522.5,80.1,0.1523,0.7505,LGL BW / ALKIS Gebäude
CRS3035RES100mN2721100E4193000,47.5907391,8.2997916,31,1917.7,61.9,0.1918,0.7504,LGL BW / ALKIS Gebäude
CRS3035RES100mN2720800E4193600,47.5881636,8.3078505,19,1522.1,80.1,0.1522,0.7504,LGL BW / ALKIS Gebäude
CRS3035RES100mN2729000E4188800,47.6609335,8.2415780,22,1640.9,74.6,0.1641,0.7503,LGL BW / ALKIS Gebäude
CRS3035RES100mN2726800E4192400,47.6418993,8.2901221,18,1477.4,82.1,0.1477,0.7502,LGL BW / ALKIS Gebäude
CRS3035RES100mN2727800E4196600,47.6517557,8.3456819,21,1602.2,76.3,0.1602,0.7502,LGL BW / ALKIS Gebäude
CRS3035RES100mN2721100E4179700,47.5878467,8.1231241,46,2212.4,48.1,0.2212,0.7500,LGL BW / ALKIS Gebäude
CRS3035RES100mN2724600E4180200,47.6194494,8.1286238,16,1629.0,101.8,0.1629,0.7500,LGL BW / ALKIS Gebäude
CRS3035RES100mN2727900E4180400,47.6491838,8.1302054,18,1475.6,82.0,0.1476,0.7499,LGL BW / ALKIS Gebäude
CRS3035RES100mN2725200E4193500,47.6277314,8.3052223,26,1771.7,68.1,0.1772,0.7495,LGL BW / ALKIS Gebäude
CRS3035RES100mN2725100E4195100,47.6271594,8.3265212,26,1771.4,68.1,0.1771,0.7494,LGL BW / ALKIS Gebäude
CRS3035RES100mN2727900E4196600,47.6526554,8.3456531,18,1471.8,81.8,0.1472,0.7491,LGL BW / ALKIS Gebäude
CRS3035RES100mN2721400E4197800,47.5944121,8.3634700,18,1471.5,81.7,0.1471,0.7490,LGL BW / ALKIS Gebäude
CRS3035RES100mN2720900E4179100,47.5859101,8.1152203,37,2044.1,55.2,0.2044,0.7488,LGL BW / ALKIS Gebäude
CRS3035RES100mN2724800E4194800,47.6243991,8.3226210,28,1827.0,65.2,0.1827,0.7488,LGL BW / ALKIS Gebäude
CRS3035RES100mN2726600E4197100,47.6410593,8.3526770,21,1594.1,75.9,0.1594,0.7486,LGL BW / ALKIS Gebäude
CRS3035RES100mN2721500E4194700,47.5946872,8.3222575,20,1553.9,77.7,0.1554,0.7485,LGL BW / ALKIS Gebäude
CRS3035RES100mN2723800E4183400,47.6129718,8.1714098,20,1553.4,77.7,0.1553,0.7484,LGL BW / ALKIS Gebäude
CRS3035RES100mN2721700E4194600,47.5964663,8.3208704,20,1552.5,77.6,0.1553,0.7482,LGL BW / ALKIS Gebäude
CRS3035RES100mN2723300E4182800,47.6083397,8.1635965,27,1792.9,66.4,0.1793,0.7479,LGL BW / ALKIS Gebäude
CRS3035RES100mN2727200E4188900,47.6447604,8.2434603,24,1696.3,70.7,0.1696,0.7476,LGL BW / ALKIS Gebäude
CRS3035RES100mN2724400E4188000,47.6193758,8.2323564,41,2111.9,51.5,0.2112,0.7475,LGL BW / ALKIS Gebäude
CRS3035RES100mN2726200E4190900,47.6361873,8.2703578,23,1660.5,72.2,0.1660,0.7473,LGL BW / ALKIS Gebäude
CRS3035RES100mN2728100E4198000,47.6547350,8.3642161,28,1816.5,64.9,0.1817,0.7471,LGL BW / ALKIS Gebäude
CRS3035RES100mN2726500E4197200,47.6401796,8.3540354,25,1725.7,69.0,0.1726,0.7470,LGL BW / ALKIS Gebäude
CRS3035RES100mN2726600E4191800,47.6399748,8.2822039,16,1597.6,99.8,0.1598,0.7468,LGL BW / ALKIS Gebäude
CRS3035RES100mN2725000E4187800,47.6247310,8.2295128,25,1724.2,69.0,0.1724,0.7467,LGL BW / ALKIS Gebäude
CRS3035RES100mN2727900E4180200,47.6491383,8.1275457,21,1582.9,75.4,0.1583,0.7466,LGL BW / ALKIS Gebäude
CRS3035RES100mN2726600E4197300,47.6410993,8.3553364,29,1838.8,63.4,0.1839,0.7462,LGL BW / ALKIS Gebäude
CRS3035RES100mN2723700E4183300,47.6120499,8.1701128,20,1541.0,77.1,0.1541,0.7460,LGL BW / ALKIS Gebäude
CRS3035RES100mN2721300E4197900,47.5935322,8.3648271,23,1652.8,71.9,0.1653,0.7459,LGL BW / ALKIS Gebäude
CRS3035RES100mN2721800E4180100,47.5942357,8.1282088,19,1499.1,78.9,0.1499,0.7459,LGL BW / ALKIS Gebäude
CRS3035RES100mN2720900E4193100,47.5889603,8.3011792,23,1652.3,71.8,0.1652,0.7459,LGL BW / ALKIS Gebäude
CRS3035RES100mN2725200E4194700,47.6279776,8.3211745,30,1862.9,62.1,0.1863,0.7458,LGL BW / ALKIS Gebäude
CRS3035RES100mN2719100E4195200,47.5731949,8.3295987,18,1455.3,80.9,0.1455,0.7457,LGL BW / ALKIS Gebäude
CRS3035RES100mN2725100E4185800,47.6251969,8.2028968,18,1454.5,80.8,0.1455,0.7456,LGL BW / ALKIS Gebäude
CRS3035RES100mN2725000E4195100,47.6262597,8.3265504,25,1715.3,68.6,0.1715,0.7452,LGL BW / ALKIS Gebäude
CRS3035RES100mN2723300E4182900,47.6083620,8.1649253,19,1495.6,78.7,0.1496,0.7452,LGL BW / ALKIS Gebäude
CRS3035RES100mN2724900E4195200,47.6253803,8.3279089,31,1881.0,60.7,0.1881,0.7446,LGL BW / ALKIS Gebäude
CRS3035RES100mN2726100E4190300,47.6351611,8.2624108,38,2034.7,53.5,0.2035,0.7445,LGL BW / ALKIS Gebäude
CRS3035RES100mN2722800E4178200,47.6027970,8.1026382,19,1492.3,78.5,0.1492,0.7445,LGL BW / ALKIS Gebäude
CRS3035RES100mN2724700E4178300,47.6199138,8.1033385,17,1521.9,89.5,0.1522,0.7442,LGL BW / ALKIS Gebäude
CRS3035RES100mN2730700E4182200,47.6747811,8.1532398,16,1585.1,99.1,0.1585,0.7441,LGL BW / ALKIS Gebäude
CRS3035RES100mN2726000E4193500,47.6349292,8.3049857,25,1704.8,68.2,0.1705,0.7434,LGL BW / ALKIS Gebäude
CRS3035RES100mN2723400E4192300,47.6112879,8.2898073,23,1636.4,71.1,0.1636,0.7430,LGL BW / ALKIS Gebäude
CRS3035RES100mN2726200E4192600,47.6365425,8.2929603,26,1733.5,66.7,0.1734,0.7430,LGL BW / ALKIS Gebäude
CRS3035RES100mN2726000E4191400,47.6344928,8.2770657,13,2365.2,181.9,0.2365,0.7428,LGL BW / ALKIS Gebäude
CRS3035RES100mN2721300E4180000,47.5897145,8.1270436,38,2023.2,53.2,0.2023,0.7428,LGL BW / ALKIS Gebäude
CRS3035RES100mN2728700E4188800,47.6582344,8.2416701,20,1520.2,76.0,0.1520,0.7420,LGL BW / ALKIS Gebäude
CRS3035RES100mN2722300E4181300,47.5990060,8.1439882,24,1663.7,69.3,0.1664,0.7419,LGL BW / ALKIS Gebäude
CRS3035RES100mN2725700E4184300,47.6302654,8.1827679,18,1435.1,79.7,0.1435,0.7416,LGL BW / ALKIS Gebäude
CRS3035RES100mN2726000E4194000,47.6350321,8.3116334,29,1808.3,62.4,0.1808,0.7413,LGL BW / ALKIS Gebäude
CRS3035RES100mN2727100E4189500,47.6439885,8.2514695,20,1515.8,75.8,0.1516,0.7412,LGL BW / ALKIS Gebäude
CRS3035RES100mN2726200E4190200,47.6360396,8.2610509,17,1507.0,88.6,0.1507,0.7411,LGL BW / ALKIS Gebäude
CRS3035RES100mN2729100E4188800,47.6618332,8.2415472,25,1688.2,67.5,0.1688,0.7405,LGL BW / ALKIS Gebäude
CRS3035RES100mN2725600E4193600,47.6313509,8.3064334,29,1802.9,62.2,0.1803,0.7404,LGL BW / ALKIS Gebäude
CRS3035RES100mN2724000E4188000,47.6157770,8.2324797,22,1585.7,72.1,0.1586,0.7402,LGL BW / ALKIS Gebäude
CRS3035RES100mN2728100E4197900,47.6547151,8.3628860,23,1620.0,70.4,0.1620,0.7401,LGL BW / ALKIS Gebäude
CRS3035RES100mN2724700E4195400,47.6236214,8.3306257,24,1651.5,68.8,0.1652,0.7397,LGL BW / ALKIS Gebäude
CRS3035RES100mN2724700E4185100,47.6214447,8.1937181,25,1682.3,67.3,0.1682,0.7395,LGL BW / ALKIS Gebäude
CRS3035RES100mN2725700E4190400,47.6315833,8.2638615,15,1783.5,118.9,0.1783,0.7393,LGL BW / ALKIS Gebäude
CRS3035RES100mN2728000E4197800,47.6537954,8.3615846,23,1614.4,70.2,0.1614,0.7391,LGL BW / ALKIS Gebäude
CRS3035RES100mN2727800E4196800,47.6517959,8.3483419,19,1463.7,77.0,0.1464,0.7389,LGL BW / ALKIS Gebäude
CRS3035RES100mN2727600E4196400,47.6499159,8.3430798,19,1463.9,77.0,0.1464,0.7389,LGL BW / ALKIS Gebäude
CRS3035RES100mN2724700E4188100,47.6220964,8.2335930,25,1674.3,67.0,0.1674,0.7382,LGL BW / ALKIS Gebäude
CRS3035RES100mN2722300E4196600,47.6022699,8.3472687,18,1418.0,78.8,0.1418,0.7382,LGL BW / ALKIS Gebäude
CRS3035RES100mN2723900E4178900,47.6128545,8.1115765,16,1557.0,97.3,0.1557,0.7380,LGL BW / ALKIS Gebäude
CRS3035RES100mN2723000E4182800,47.6056406,8.1636925,25,1673.3,66.9,0.1673,0.7380,LGL BW / ALKIS Gebäude
CRS3035RES100mN2724200E4195300,47.6191024,8.3294422,20,1498.9,74.9,0.1499,0.7379,LGL BW / ALKIS Gebäude
CRS3035RES100mN2724600E4194700,47.6225792,8.3213503,26,1702.4,65.5,0.1702,0.7378,LGL BW / ALKIS Gebäude
CRS3035RES100mN2724500E4187900,47.6202540,8.2309964,15,1767.0,117.8,0.1767,0.7378,LGL BW / ALKIS Gebäude
CRS3035RES100mN2728300E4197800,47.6564946,8.3614987,29,1784.9,61.5,0.1785,0.7375,LGL BW / ALKIS Gebäude
CRS3035RES100mN2728900E4198100,47.6619527,8.3653178,20,1495.1,74.8,0.1495,0.7372,LGL BW / ALKIS Gebäude
CRS3035RES100mN2725700E4193300,47.6321888,8.3024155,29,1782.6,61.5,0.1783,0.7371,LGL BW / ALKIS Gebäude
CRS3035RES100mN2726100E4192700,47.6356635,8.2943197,19,1453.0,76.5,0.1453,0.7368,LGL BW / ALKIS Gebäude
CRS3035RES100mN2729800E4194900,47.6694057,8.3224865,23,1599.6,69.5,0.1600,0.7364,LGL BW / ALKIS Gebäude
CRS3035RES100mN2728200E4197800,47.6555949,8.3615273,24,1629.9,67.9,0.1630,0.7360,LGL BW / ALKIS Gebäude
CRS3035RES100mN2727500E4180900,47.6456987,8.1369847,16,1547.0,96.7,0.1547,0.7359,LGL BW / ALKIS Gebäude
CRS3035RES100mN2723400E4182900,47.6092617,8.1648933,28,1746.2,62.4,0.1746,0.7356,LGL BW / ALKIS Gebäude
CRS3035RES100mN2729600E4194800,47.6675858,8.3212148,15,1736.3,115.8,0.1736,0.7349,LGL BW / ALKIS Gebäude
CRS3035RES100mN2725900E4191600,47.6336350,8.2797547,25,1653.8,66.2,0.1654,0.7346,LGL BW / ALKIS Gebäude
CRS3035RES100mN2725600E4193900,47.6314127,8.3104218,27,1711.2,63.4,0.1711,0.7344,LGL BW / ALKIS Gebäude
CRS3035RES100mN2724700E4184600,47.6213347,8.1870724,14,2000.4,142.9,0.2000,0.7342,LGL BW / ALKIS Gebäude
CRS3035RES100mN2728400E4198400,47.6575136,8.3694509,19,1437.4,75.7,0.1437,0.7337,LGL BW / ALKIS Gebäude
CRS3035RES100mN2727100E4189200,47.6439247,8.2474802,16,1537.2,96.1,0.1537,0.7337,LGL BW / ALKIS Gebäude
CRS3035RES100mN2726700E4197400,47.6420190,8.3566374,21,1513.3,72.1,0.1513,0.7335,LGL BW / ALKIS Gebäude
CRS3035RES100mN2723500E4187700,47.6112139,8.2286471,23,1579.2,68.7,0.1579,0.7328,LGL BW / ALKIS Gebäude
CRS3035RES100mN2727000E4189200,47.6430250,8.2475108,26,1669.5,64.2,0.1669,0.7322,LGL BW / ALKIS Gebäude
CRS3035RES100mN2721800E4194600,47.5973660,8.3208412,14,1977.2,141.2,0.1977,0.7321,LGL BW / ALKIS Gebäude
CRS3035RES100mN2726800E4188900,47.6411616,8.2435830,17,1463.6,86.1,0.1464,0.7320,LGL BW / ALKIS Gebäude
CRS3035RES100mN2721400E4197900,47.5944320,8.3647986,23,1574.1,68.4,0.1574,0.7319,LGL BW / ALKIS Gebäude
CRS3035RES100mN2720700E4193500,47.5872433,8.3065517,20,1467.0,73.3,0.1467,0.7318,LGL BW / ALKIS Gebäude
CRS3035RES100mN2727900E4197900,47.6529156,8.3629432,23,1573.6,68.4,0.1574,0.7318,LGL BW / ALKIS Gebäude
CRS3035RES100mN2730900E4182000,47.6765354,8.1505141,15,1700.0,113.3,0.1700,0.7316,LGL BW / ALKIS Gebäude
CRS3035RES100mN2721700E4180100,47.5933360,8.1282414,20,1464.7,73.2,0.1465,0.7314,LGL BW / ALKIS Gebäude
CRS3035RES100mN2724100E4180500,47.6150192,8.1327738,15,1697.1,113.1,0.1697,0.7313,LGL BW / ALKIS Gebäude
CRS3035RES100mN2726100E4191500,47.6354135,8.2783652,12,2505.3,208.8,0.2505,0.7308,LGL BW / ALKIS Gebäude
CRS3035RES100mN2723400E4193000,47.6114331,8.2991097,15,1691.3,112.8,0.1691,0.7308,LGL BW / ALKIS Gebäude
CRS3035RES100mN2726000E4193800,47.6349910,8.3089743,23,1568.4,68.2,0.1568,0.7308,LGL BW / ALKIS Gebäude
CRS3035RES100mN2726000E4191600,47.6345347,8.2797247,24,1600.1,66.7,0.1600,0.7307,LGL BW / ALKIS Gebäude
CRS3035RES100mN2726100E4193900,47.6359113,8.3102743,22,1530.1,69.5,0.1530,0.7300,LGL BW / ALKIS Gebäude
CRS3035RES100mN2729600E4194700,47.6675654,8.3198844,18,1377.4,76.5,0.1377,0.7299,LGL BW / ALKIS Gebäude
CRS3035RES100mN2726200E4191000,47.6362083,8.2716873,16,1518.5,94.9,0.1519,0.7297,LGL BW / ALKIS Gebäude
CRS3035RES100mN2727900E4198000,47.6529355,8.3642732,21,1493.0,71.1,0.1493,0.7297,LGL BW / ALKIS Gebäude
CRS3035RES100mN2726100E4190200,47.6351399,8.2610813,27,1680.6,62.2,0.1681,0.7293,LGL BW / ALKIS Gebäude
CRS3035RES100mN2725900E4193500,47.6340295,8.3050153,31,1780.4,57.4,0.1780,0.7288,LGL BW / ALKIS Gebäude
CRS3035RES100mN2729200E4188800,47.6627329,8.2415165,27,1676.5,62.1,0.1677,0.7286,LGL BW / ALKIS Gebäude
CRS3035RES100mN2726400E4197000,47.6392397,8.3514048,18,1368.0,76.0,0.1368,0.7280,LGL BW / ALKIS Gebäude
CRS3035RES100mN2723100E4193000,47.6087339,8.2991987,16,1510.5,94.4,0.1510,0.7279,LGL BW / ALKIS Gebäude
CRS3035RES100mN2725600E4193400,47.6313097,8.3037746,19,1406.3,74.0,0.1406,0.7276,LGL BW / ALKIS Gebäude
CRS3035RES100mN2724300E4184500,47.6177139,8.1858698,17,1442.2,84.8,0.1442,0.7275,LGL BW / ALKIS Gebäude
CRS3035RES100mN2723400E4192600,47.6113502,8.2937940,23,1549.7,67.4,0.1550,0.7275,LGL BW / ALKIS Gebäude
CRS3035RES100mN2724800E4194700,47.6243787,8.3212917,19,1405.4,74.0,0.1405,0.7274,LGL BW / ALKIS Gebäude
CRS3035RES100mN2727400E4196800,47.6481970,8.3484573,15,1651.9,110.1,0.1652,0.7272,LGL BW / ALKIS Gebäude
CRS3035RES100mN2723700E4183600,47.6121166,8.1740995,16,1507.1,94.2,0.1507,0.7272,LGL BW / ALKIS Gebäude
CRS3035RES100mN2721100E4179500,47.5878010,8.1204676,30,1744.2,58.1,0.1744,0.7269,LGL BW / ALKIS Gebäude
CRS3035RES100mN2723800E4195500,47.6155441,8.3322168,9,3275.2,363.9,0.3275,0.7267,LGL BW / ALKIS Gebäude
CRS3035RES100mN2724200E4184600,47.6168363,8.1872305,22,1510.3,68.6,0.1510,0.7264,LGL BW / ALKIS Gebäude
CRS3035RES100mN2726400E4197100,47.6392598,8.3527345,16,1503.0,93.9,0.1503,0.7263,LGL BW / ALKIS Gebäude
CRS3035RES100mN2727900E4197000,47.6527358,8.3509731,28,1689.5,60.3,0.1690,0.7263,LGL BW / ALKIS Gebäude
CRS3035RES100mN2723300E4192800,47.6104919,8.2964816,15,1638.5,109.2,0.1638,0.7259,LGL BW / ALKIS Gebäude
CRS3035RES100mN2727400E4196600,47.6481568,8.3457975,26,1629.0,62.7,0.1629,0.7254,LGL BW / ALKIS Gebäude
CRS3035RES100mN2729600E4199200,47.6684686,8.3797525,15,1630.3,108.7,0.1630,0.7252,LGL BW / ALKIS Gebäude
CRS3035RES100mN2725800E4193000,47.6330265,8.2983974,21,1468.4,69.9,0.1468,0.7251,LGL BW / ALKIS Gebäude
CRS3035RES100mN2722100E4180600,47.5970483,8.1347534,14,1898.9,135.6,0.1899,0.7249,LGL BW / ALKIS Gebäude
CRS3035RES100mN2725700E4193100,47.6321475,8.2997566,15,1626.5,108.4,0.1626,0.7248,LGL BW / ALKIS Gebäude
CRS3035RES100mN2730800E4181900,47.6756133,8.1492159,18,1351.0,75.1,0.1351,0.7246,LGL BW / ALKIS Gebäude
CRS3035RES100mN2721100E4179800,47.5878695,8.1244524,36,1856.4,51.6,0.1856,0.7241,LGL BW / ALKIS Gebäude
CRS3035RES100mN2721700E4180400,47.5934042,8.1322266,14,1884.3,134.6,0.1884,0.7236,LGL BW / ALKIS Gebäude
CRS3035RES100mN2719300E4198800,47.5757152,8.3773491,17,1421.8,83.6,0.1422,0.7232,LGL BW / ALKIS Gebäude
CRS3035RES100mN2724700E4188200,47.6221179,8.2349222,20,1421.3,71.1,0.1421,0.7230,LGL BW / ALKIS Gebäude
CRS3035RES100mN2726200E4192300,47.6364802,8.2889716,28,1668.4,59.6,0.1668,0.7228,LGL BW / ALKIS Gebäude
CRS3035RES100mN2726700E4188800,47.6402405,8.2422840,21,1452.4,69.2,0.1452,0.7221,LGL BW / ALKIS Gebäude
CRS3035RES100mN2725100E4181800,47.6243098,8.1497277,15,1592.1,106.1,0.1592,0.7216,LGL BW / ALKIS Gebäude
CRS3035RES100mN2725600E4193500,47.6313303,8.3051040,25,1577.5,63.1,0.1578,0.7215,LGL BW / ALKIS Gebäude
CRS3035RES100mN2722000E4194400,47.5991247,8.3181254,21,1447.5,68.9,0.1448,0.7212,LGL BW / ALKIS Gebäude
CRS3035RES100mN2722000E4180200,47.5960578,8.1294720,25,1574.2,63.0,0.1574,0.7209,LGL BW / ALKIS Gebäude
CRS3035RES100mN2722800E4193100,47.6060553,8.3006165,14,1854.9,132.5,0.1855,0.7208,LGL BW / ALKIS Gebäude
CRS3035RES100mN2726600E4192400,47.6400998,8.2901818,21,1444.8,68.8,0.1445,0.7207,LGL BW / ALKIS Gebäude
CRS3035RES100mN2725100E4195000,47.6271390,8.3251918,23,1509.7,65.6,0.1510,0.7203,LGL BW / ALKIS Gebäude
CRS3035RES100mN2721900E4180200,47.5951581,8.1295046,21,1442.0,68.7,0.1442,0.7201,LGL BW / ALKIS Gebäude
CRS3035RES100mN2724200E4195000,47.6190414,8.3254548,19,1366.8,71.9,0.1367,0.7198,LGL BW / ALKIS Gebäude
CRS3035RES100mN2724200E4188100,47.6175979,8.2337471,21,1439.3,68.5,0.1439,0.7196,LGL BW / ALKIS Gebäude
CRS3035RES100mN2727900E4197100,47.6527558,8.3523031,22,1471.9,66.9,0.1472,0.7194,LGL BW / ALKIS Gebäude
CRS3035RES100mN2723300E4182600,47.6082950,8.1609389,27,1620.4,60.0,0.1620,0.7193,LGL BW / ALKIS Gebäude
CRS3035RES100mN2724900E4194800,47.6252988,8.3225917,17,1401.4,82.4,0.1401,0.7189,LGL BW / ALKIS Gebäude
CRS3035RES100mN2721600E4194400,47.5955257,8.3182427,16,1468.2,91.8,0.1468,0.7188,LGL BW / ALKIS Gebäude
CRS3035RES100mN2727400E4180700,47.6447537,8.1343578,14,1831.3,130.8,0.1831,0.7187,LGL BW / ALKIS Gebäude
CRS3035RES100mN2724200E4194900,47.6190210,8.3241257,17,1399.0,82.3,0.1399,0.7184,LGL BW / ALKIS Gebäude
CRS3035RES100mN2727100E4188900,47.6438607,8.2434910,18,1319.9,73.3,0.1320,0.7182,LGL BW / ALKIS Gebäude
CRS3035RES100mN2731300E4193900,47.6826965,8.3087391,15,1549.3,103.3,0.1549,0.7177,LGL BW / ALKIS Gebäude
CRS3035RES100mN2726200E4190400,47.6360819,8.2637100,29,1659.4,57.2,0.1659,0.7173,LGL BW / ALKIS Gebäude
CRS3035RES100mN2725300E4187000,47.6272574,8.2187857,16,1461.5,91.3,0.1462,0.7173,LGL BW / ALKIS Gebäude
CRS3035RES100mN2725400E4186900,47.6281354,8.2174253,21,1422.4,67.7,0.1422,0.7165,LGL BW / ALKIS Gebäude
CRS3035RES100mN2731300E4193800,47.6826759,8.3074083,12,2345.6,195.5,0.2346,0.7160,LGL BW / ALKIS Gebäude
CRS3035RES100mN2723300E4182500,47.6082726,8.1596101,22,1451.8,66.0,0.1452,0.7157,LGL BW / ALKIS Gebäude
CRS3035RES100mN2727600E4180300,47.6464621,8.1289736,19,1344.0,70.7,0.1344,0.7153,LGL BW / ALKIS Gebäude
CRS3035RES100mN2728700E4182000,47.6567429,8.1512247,14,1792.9,128.1,0.1793,0.7151,LGL BW / ALKIS Gebäude
CRS3035RES100mN2728700E4188900,47.6582558,8.2430002,21,1414.7,67.4,0.1415,0.7150,LGL BW / ALKIS Gebäude
CRS3035RES100mN2721000E4179300,47.5868556,8.1178439,20,1379.3,69.0,0.1379,0.7150,LGL BW / ALKIS Gebäude
CRS3035RES100mN2723000E4183100,47.6057075,8.1676787,24,1510.1,62.9,0.1510,0.7149,LGL BW / ALKIS Gebäude
CRS3035RES100mN2721500E4194800,47.5947076,8.3235860,21,1412.8,67.3,0.1413,0.7147,LGL BW / ALKIS Gebäude
CRS3035RES100mN2722000E4180300,47.5960805,8.1308005,18,1298.6,72.1,0.1299,0.7139,LGL BW / ALKIS Gebäude
CRS3035RES100mN2725700E4186700,47.6307911,8.2146732,19,1334.6,70.2,0.1335,0.7134,LGL BW / ALKIS Gebäude
CRS3035RES100mN2726300E4192000,47.6373174,8.2849530,15,1500.6,100.0,0.1501,0.7132,LGL BW / ALKIS Gebäude
CRS3035RES100mN2730900E4182100,47.6765579,8.1518447,23,1470.1,63.9,0.1470,0.7132,LGL BW / ALKIS Gebäude
CRS3035RES100mN2724800E4187500,47.6228670,8.2255870,14,1769.4,126.4,0.1769,0.7130,LGL BW / ALKIS Gebäude
CRS3035RES100mN2724200E4187800,47.6175334,8.2297599,28,1606.5,57.4,0.1607,0.7127,LGL BW / ALKIS Gebäude
CRS3035RES100mN2721000E4193000,47.5898394,8.2998212,21,1400.8,66.7,0.1401,0.7124,LGL BW / ALKIS Gebäude
CRS3035RES100mN2724200E4195100,47.6190618,8.3267839,24,1495.0,62.3,0.1495,0.7123,LGL BW / ALKIS Gebäude
CRS3035RES100mN2723400E4192700,47.6113709,8.2951229,15,1495.2,99.7,0.1495,0.7121,LGL BW / ALKIS Gebäude
CRS3035RES100mN2726000E4190300,47.6342614,8.2624411,18,1289.0,71.6,0.1289,0.7119,LGL BW / ALKIS Gebäude
CRS3035RES100mN2727300E4180600,47.6438313,8.1330607,18,1289.0,71.6,0.1289,0.7119,LGL BW / ALKIS Gebäude
CRS3035RES100mN2725900E4193000,47.6339263,8.2983677,19,1326.3,69.8,0.1326,0.7118,LGL BW / ALKIS Gebäude
CRS3035RES100mN2727700E4196800,47.6508962,8.3483707,18,1286.6,71.5,0.1287,0.7115,LGL BW / ALKIS Gebäude
CRS3035RES100mN2722600E4196600,47.6049692,8.3471823,15,1492.6,99.5,0.1493,0.7115,LGL BW / ALKIS Gebäude
CRS3035RES100mN2727400E4196400,47.6481165,8.3431377,21,1392.2,66.3,0.1392,0.7108,LGL BW / ALKIS Gebäude
CRS3035RES100mN2725700E4193900,47.6323124,8.3103923,25,1513.4,60.5,0.1513,0.7105,LGL BW / ALKIS Gebäude
CRS3035RES100mN2727600E4180600,47.6465303,8.1329629,16,1430.1,89.4,0.1430,0.7105,LGL BW / ALKIS Gebäude
CRS3035RES100mN2726100E4192400,47.6356012,8.2903310,22,1421.0,64.6,0.1421,0.7101,LGL BW / ALKIS Gebäude
CRS3035RES100mN2725900E4194100,47.6341529,8.3129923,19,1316.4,69.3,0.1316,0.7098,LGL BW / ALKIS Gebäude
CRS3035RES100mN2727500E4180800,47.6456760,8.1356550,13,2005.5,154.3,0.2006,0.7097,LGL BW / ALKIS Gebäude
CRS3035RES100mN2726300E4197200,47.6383801,8.3540929,17,1355.4,79.7,0.1355,0.7093,LGL BW / ALKIS Gebäude
CRS3035RES100mN2726000E4190400,47.6342825,8.2637706,18,1274.1,70.8,0.1274,0.7089,LGL BW / ALKIS Gebäude
CRS3035RES100mN2723100E4182800,47.6065403,8.1636605,20,1346.8,67.3,0.1347,0.7087,LGL BW / ALKIS Gebäude
CRS3035RES100mN2724900E4185600,47.6233538,8.2003011,24,1473.8,61.4,0.1474,0.7086,LGL BW / ALKIS Gebäude
CRS3035RES100mN2723800E4179200,47.6120237,8.1155960,22,1411.8,64.2,0.1412,0.7084,LGL BW / ALKIS Gebäude
CRS3035RES100mN2720500E4193700,47.5854849,8.3092672,15,1478.5,98.6,0.1478,0.7083,LGL BW / ALKIS Gebäude
CRS3035RES100mN2729100E4198500,47.6638316,8.3705818,14,1717.2,122.7,0.1717,0.7082,LGL BW / ALKIS Gebäude
CRS3035RES100mN2723600E4183000,47.6110834,8.1661581,19,1308.4,68.9,0.1308,0.7082,LGL BW / ALKIS Gebäude
CRS3035RES100mN2722900E4193100,47.6069551,8.3005868,20,1342.0,67.1,0.1342,0.7078,LGL BW / ALKIS Gebäude
CRS3035RES100mN2731000E4182300,47.6775025,8.1544735,22,1402.7,63.8,0.1403,0.7067,LGL BW / ALKIS Gebäude
CRS3035RES100mN2723400E4192500,47.6113294,8.2924651,17,1337.1,78.7,0.1337,0.7055,LGL BW / ALKIS Gebäude
CRS3035RES100mN2726300E4190800,47.6370659,8.2689980,18,1257.2,69.8,0.1257,0.7055,LGL BW / ALKIS Gebäude
CRS3035RES100mN2721300E4179800,47.5896689,8.1243870,14,1687.0,120.5,0.1687,0.7054,LGL BW / ALKIS Gebäude
CRS3035RES100mN2724300E4188100,47.6184976,8.2337163,34,1688.1,49.6,0.1688,0.7048,LGL BW / ALKIS Gebäude
CRS3035RES100mN2723200E4182400,47.6073505,8.1583134,18,1253.9,69.7,0.1254,0.7048,LGL BW / ALKIS Gebäude
CRS3035RES100mN2723100E4183100,47.6066072,8.1676468,23,1422.5,61.8,0.1423,0.7047,LGL BW / ALKIS Gebäude
CRS3035RES100mN2728300E4197700,47.6564747,8.3601686,21,1359.5,64.7,0.1359,0.7047,LGL BW / ALKIS Gebäude
CRS3035RES100mN2725800E4190400,47.6324831,8.2638312,10,2764.2,276.4,0.2764,0.7046,LGL BW / ALKIS Gebäude
CRS3035RES100mN2723000E4182900,47.6056629,8.1650212,21,1358.2,64.7,0.1358,0.7045,LGL BW / ALKIS Gebäude
CRS3035RES100mN2728000E4180300,47.6500607,8.1288429,17,1329.9,78.2,0.1330,0.7040,LGL BW / ALKIS Gebäude
CRS3035RES100mN2725000E4185900,47.6243190,8.2042574,17,1327.9,78.1,0.1328,0.7035,LGL BW / ALKIS Gebäude
CRS3035RES100mN2728300E4197900,47.6565145,8.3628288,23,1412.3,61.4,0.1412,0.7029,LGL BW / ALKIS Gebäude
CRS3035RES100mN2725600E4193700,47.6313715,8.3077629,28,1545.2,55.2,0.1545,0.7027,LGL BW / ALKIS Gebäude
CRS3035RES100mN2728700E4198100,47.6601533,8.3653749,13,1929.2,148.4,0.1929,0.7027,LGL BW / ALKIS Gebäude
CRS3035RES100mN2723800E4193000,47.6150320,8.2989911,21,1348.3,64.2,0.1348,0.7026,LGL BW / ALKIS Gebäude
CRS3035RES100mN2731200E4182100,47.6792569,8.1517478,20,1314.8,65.7,0.1315,0.7026,LGL BW / ALKIS Gebäude
CRS3035RES100mN2726800E4197700,47.6429787,8.3605980,18,1241.7,69.0,0.1242,0.7023,LGL BW / ALKIS Gebäude
CRS3035RES100mN2723200E4182800,47.6074400,8.1636285,19,1277.9,67.3,0.1278,0.7022,LGL BW / ALKIS Gebäude
CRS3035RES100mN2724900E4185700,47.6233756,8.2016303,16,1391.8,87.0,0.1392,0.7022,LGL BW / ALKIS Gebäude
CRS3035RES100mN2725800E4193600,47.6331504,8.3063743,21,1345.8,64.1,0.1346,0.7021,LGL BW / ALKIS Gebäude
CRS3035RES100mN2727400E4196200,47.6480762,8.3404779,17,1320.2,77.7,0.1320,0.7019,LGL BW / ALKIS Gebäude
CRS3035RES100mN2724300E4184800,47.6177800,8.1898570,14,1646.2,117.6,0.1646,0.7016,LGL BW / ALKIS Gebäude
CRS3035RES100mN2721200E4179800,47.5887692,8.1244197,18,1235.3,68.6,0.1235,0.7010,LGL BW / ALKIS Gebäude
CRS3035RES100mN2725300E4186900,47.6272357,8.2174564,22,1370.1,62.3,0.1370,0.7008,LGL BW / ALKIS Gebäude
CRS3035RES100mN2725900E4193400,47.6340089,8.3036858,17,1314.8,77.3,0.1315,0.7008,LGL BW / ALKIS Gebäude
CRS3035RES100mN2730600E4190300,47.6756476,8.2610448,12,2176.6,181.4,0.2177,0.7005,LGL BW / ALKIS Gebäude
CRS3035RES100mN2728900E4181400,47.6584070,8.1431797,17,1312.8,77.2,0.1313,0.7004,LGL BW / ALKIS Gebäude
CRS3035RES100mN2727100E4189100,47.6439034,8.2461505,14,1630.2,116.4,0.1630,0.7002,LGL BW / ALKIS Gebäude
CRS3035RES100mN2728600E4188700,47.6573134,8.2403707,14,1629.8,116.4,0.1630,0.7001,LGL BW / ALKIS Gebäude
CRS3035RES100mN2727600E4180700,47.6465530,8.1342926,16,1378.6,86.2,0.1379,0.6993,LGL BW / ALKIS Gebäude
CRS3035RES100mN2724700E4185300,47.6214886,8.1963764,17,1306.8,76.9,0.1307,0.6991,LGL BW / ALKIS Gebäude
CRS3035RES100mN2724700E4186600,47.6217724,8.2136555,12,2160.8,180.1,0.2161,0.6990,LGL BW / ALKIS Gebäude
CRS3035RES100mN2725100E4181700,47.6242873,8.1483985,14,1617.5,115.5,0.1617,0.6990,LGL BW / ALKIS Gebäude
CRS3035RES100mN2724000E4190600,47.6163303,8.2670344,36,1684.6,46.8,0.1685,0.6988,LGL BW / ALKIS Gebäude
CRS3035RES100mN2726000E4193300,47.6348880,8.3023266,22,1359.4,61.8,0.1359,0.6988,LGL BW / ALKIS Gebäude
CRS3035RES100mN2730700E4198900,47.6783064,8.3754490,12,2152.3,179.4,0.2152,0.6982,LGL BW / ALKIS Gebäude
CRS3035RES100mN2723000E4178100,47.6045733,8.1012433,20,1290.7,64.5,0.1291,0.6980,LGL BW / ALKIS Gebäude
CRS3035RES100mN2728400E4198200,47.6574739,8.3667906,15,1432.1,95.5,0.1432,0.6978,LGL BW / ALKIS Gebäude
CRS3035RES100mN2729900E4199200,47.6711678,8.3796675,17,1297.1,76.3,0.1297,0.6971,LGL BW / ALKIS Gebäude
CRS3035RES100mN2729000E4183400,47.6597551,8.1697496,13,1864.0,143.4,0.1864,0.6967,LGL BW / ALKIS Gebäude
CRS3035RES100mN2729100E4198400,47.6638117,8.3692515,22,1346.7,61.2,0.1347,0.6965,LGL BW / ALKIS Gebäude
CRS3035RES100mN2722500E4196700,47.6040895,8.3485398,14,1590.5,113.6,0.1590,0.6965,LGL BW / ALKIS Gebäude
CRS3035RES100mN2731000E4182000,47.6774351,8.1504818,22,1342.4,61.0,0.1342,0.6957,LGL BW / ALKIS Gebäude
CRS3035RES100mN2724900E4194600,47.6252580,8.3199331,15,1420.7,94.7,0.1421,0.6953,LGL BW / ALKIS Gebäude
CRS3035RES100mN2728300E4198100,47.6565543,8.3654890,18,1207.0,67.1,0.1207,0.6953,LGL BW / ALKIS Gebäude
CRS3035RES100mN2726400E4197200,47.6392798,8.3540642,14,1568.5,112.0,0.1568,0.6945,LGL BW / ALKIS Gebäude
CRS3035RES100mN2724000E4195300,47.6173029,8.3295005,20,1272.8,63.6,0.1273,0.6945,LGL BW / ALKIS Gebäude
CRS3035RES100mN2725500E4193100,47.6303480,8.2998159,12,2106.4,175.5,0.2106,0.6940,LGL BW / ALKIS Gebäude
CRS3035RES100mN2725800E4194000,47.6332327,8.3116923,23,1362.5,59.2,0.1362,0.6940,LGL BW / ALKIS Gebäude
CRS3035RES100mN2726200E4197300,47.6375003,8.3554512,16,1351.8,84.5,0.1352,0.6935,LGL BW / ALKIS Gebäude
CRS3035RES100mN2726300E4191300,47.6371710,8.2756459,11,2371.4,215.6,0.2371,0.6934,LGL BW / ALKIS Gebäude
CRS3035RES100mN2722200E4196500,47.6013501,8.3459689,17,1276.6,75.1,0.1277,0.6928,LGL BW / ALKIS Gebäude
CRS3035RES100mN2721200E4179700,47.5887464,8.1230914,22,1324.7,60.2,0.1325,0.6924,LGL BW / ALKIS Gebäude
CRS3035RES100mN2726400E4184000,47.6364968,8.1785573,14,1544.7,110.3,0.1545,0.6923,LGL BW / ALKIS Gebäude
CRS3035RES100mN2725800E4186400,47.6316256,8.2106538,18,1190.3,66.1,0.1190,0.6919,LGL BW / ALKIS Gebäude
CRS3035RES100mN2726400E4197300,47.6392998,8.3553938,17,1271.1,74.8,0.1271,0.6916,LGL BW / ALKIS Gebäude
CRS3035RES100mN2728200E4198000,47.6556347,8.3641875,25,1403.8,56.2,0.1404,0.6916,LGL BW / ALKIS Gebäude
CRS3035RES100mN2720900E4179000,47.5858872,8.1138920,25,1403.2,56.1,0.1403,0.6915,LGL BW / ALKIS Gebäude
CRS3035RES100mN2729100E4198300,47.6637919,8.3679212,20,1257.3,62.9,0.1257,0.6915,LGL BW / ALKIS Gebäude
CRS3035RES100mN2726300E4192400,47.6374007,8.2902714,19,1222.9,64.4,0.1223,0.6914,LGL BW / ALKIS Gebäude
CRS3035RES100mN2730500E4190500,47.6747902,8.2637363,14,1531.7,109.4,0.1532,0.6911,LGL BW / ALKIS Gebäude
CRS3035RES100mN2727800E4196500,47.6517356,8.3443520,15,1399.9,93.3,0.1400,0.6906,LGL BW / ALKIS Gebäude
CRS3035RES100mN2724600E4188100,47.6211967,8.2336238,27,1447.8,53.6,0.1448,0.6906,LGL BW / ALKIS Gebäude
CRS3035RES100mN2724200E4180500,47.6159189,8.1327413,12,2069.8,172.5,0.2070,0.6906,LGL BW / ALKIS Gebäude
CRS3035RES100mN2721000E4178700,47.5867180,8.1098745,14,1525.1,108.9,0.1525,0.6905,LGL BW / ALKIS Gebäude
CRS3035RES100mN2725000E4185700,47.6242753,8.2015989,14,1524.0,108.9,0.1524,0.6904,LGL BW / ALKIS Gebäude
CRS3035RES100mN2728600E4188800,47.6573348,8.2417008,16,1335.9,83.5,0.1336,0.6900,LGL BW / ALKIS Gebäude
CRS3035RES100mN2723200E4183300,47.6075514,8.1702724,15,1397.4,93.2,0.1397,0.6900,LGL BW / ALKIS Gebäude
CRS3035RES100mN2723900E4190600,47.6154306,8.2670647,23,1339.5,58.2,0.1340,0.6899,LGL BW / ALKIS Gebäude
CRS3035RES100mN2725900E4190600,47.6334250,8.2664599,26,1410.5,54.3,0.1411,0.6884,LGL BW / ALKIS Gebäude
CRS3035RES100mN2724000E4195400,47.6173233,8.3308296,18,1172.0,65.1,0.1172,0.6882,LGL BW / ALKIS Gebäude
CRS3035RES100mN2730500E4190300,47.6747479,8.2610752,14,1493.8,106.7,0.1494,0.6876,LGL BW / ALKIS Gebäude
CRS3035RES100mN2723100E4182500,47.6064732,8.1596742,24,1353.8,56.4,0.1354,0.6875,LGL BW / ALKIS Gebäude
CRS3035RES100mN2729700E4194700,47.6684651,8.3198550,14,1490.5,106.5,0.1491,0.6873,LGL BW / ALKIS Gebäude
CRS3035RES100mN2727900E4196800,47.6526956,8.3483131,16,1322.4,82.7,0.1322,0.6871,LGL BW / ALKIS Gebäude
CRS3035RES100mN2721900E4180600,47.5952489,8.1348184,13,1757.9,135.2,0.1758,0.6869,LGL BW / ALKIS Gebäude
CRS3035RES100mN2727500E4196400,47.6490162,8.3431088,16,1320.1,82.5,0.1320,0.6866,LGL BW / ALKIS Gebäude
CRS3035RES100mN2724600E4195000,47.6226404,8.3253379,16,1320.1,82.5,0.1320,0.6866,LGL BW / ALKIS Gebäude
CRS3035RES100mN2727400E4196500,47.6481366,8.3444676,20,1229.8,61.5,0.1230,0.6863,LGL BW / ALKIS Gebäude
CRS3035RES100mN2724700E4180400,47.6203945,8.1312493,15,1380.3,92.0,0.1380,0.6862,LGL BW / ALKIS Gebäude
CRS3035RES100mN2725200E4193600,47.6277520,8.3065516,15,1380.1,92.0,0.1380,0.6861,LGL BW / ALKIS Gebäude
CRS3035RES100mN2720900E4193300,47.5890016,8.3038359,22,1289.3,58.6,0.1289,0.6860,LGL BW / ALKIS Gebäude
CRS3035RES100mN2728500E4197100,47.6581542,8.3521304,14,1466.3,104.7,0.1466,0.6851,LGL BW / ALKIS Gebäude
CRS3035RES100mN2730600E4198900,47.6774067,8.3754774,16,1311.1,81.9,0.1311,0.6846,LGL BW / ALKIS Gebäude
CRS3035RES100mN2723100E4182600,47.6064956,8.1610030,19,1188.8,62.6,0.1189,0.6846,LGL BW / ALKIS Gebäude
CRS3035RES100mN2721200E4179600,47.5887236,8.1217631,19,1187.5,62.5,0.1188,0.6844,LGL BW / ALKIS Gebäude
CRS3035RES100mN2726000E4192200,47.6346599,8.2877018,12,1993.3,166.1,0.1993,0.6836,LGL BW / ALKIS Gebäude
CRS3035RES100mN2728100E4197800,47.6546951,8.3615559,17,1231.3,72.4,0.1231,0.6833,LGL BW / ALKIS Gebäude
CRS3035RES100mN2728600E4188900,47.6573561,8.2430309,16,1301.4,81.3,0.1301,0.6825,LGL BW / ALKIS Gebäude
CRS3035RES100mN2727500E4183400,47.6462600,8.1702289,14,1434.5,102.5,0.1434,0.6821,LGL BW / ALKIS Gebäude
CRS3035RES100mN2725200E4190600,47.6271270,8.2666716,17,1222.0,71.9,0.1222,0.6813,LGL BW / ALKIS Gebäude
CRS3035RES100mN2724100E4190600,47.6172301,8.2670042,30,1447.5,48.3,0.1448,0.6798,LGL BW / ALKIS Gebäude
CRS3035RES100mN2725400E4193500,47.6295309,8.3051632,21,1223.7,58.3,0.1224,0.6793,LGL BW / ALKIS Gebäude
CRS3035RES100mN2724000E4190700,47.6163514,8.2683635,27,1376.4,51.0,0.1376,0.6787,LGL BW / ALKIS Gebäude
CRS3035RES100mN2725400E4181800,47.6270088,8.1496308,15,1347.0,89.8,0.1347,0.6787,LGL BW / ALKIS Gebäude
CRS3035RES100mN2731100E4182200,47.6783797,8.1531107,16,1281.2,80.1,0.1281,0.6781,LGL BW / ALKIS Gebäude
CRS3035RES100mN2725700E4191200,47.6317517,8.2744970,11,2196.3,199.7,0.2196,0.6773,LGL BW / ALKIS Gebäude
CRS3035RES100mN2722900E4178200,47.6036967,8.1026051,14,1392.6,99.5,0.1393,0.6772,LGL BW / ALKIS Gebäude
CRS3035RES100mN2724600E4187300,47.6210244,8.2229906,14,1390.7,99.3,0.1391,0.6768,LGL BW / ALKIS Gebäude
CRS3035RES100mN2724600E4188000,47.6211752,8.2322947,17,1200.1,70.6,0.1200,0.6767,LGL BW / ALKIS Gebäude
CRS3035RES100mN2723900E4188000,47.6148773,8.2325105,13,1643.2,126.4,0.1643,0.6764,LGL BW / ALKIS Gebäude
CRS3035RES100mN2721800E4180300,47.5942811,8.1308656,19,1147.0,60.4,0.1147,0.6764,LGL BW / ALKIS Gebäude
CRS3035RES100mN2723900E4179000,47.6128775,8.1129054,14,1388.3,99.2,0.1388,0.6762,LGL BW / ALKIS Gebäude
CRS3035RES100mN2726700E4197100,47.6419590,8.3526482,16,1271.8,79.5,0.1272,0.6761,LGL BW / ALKIS Gebäude
CRS3035RES100mN2725300E4194500,47.6288365,8.3184865,12,1898.8,158.2,0.1899,0.6749,LGL BW / ALKIS Gebäude
CRS3035RES100mN2725400E4186800,47.6281137,8.2160959,18,1106.2,61.5,0.1106,0.6748,LGL BW / ALKIS Gebäude
CRS3035RES100mN2725900E4184300,47.6320648,8.1827045,17,1190.8,70.0,0.1191,0.6748,LGL BW / ALKIS Gebäude
CRS3035RES100mN2721000E4180200,47.5870609,8.1297980,11,2162.3,196.6,0.2162,0.6742,LGL BW / ALKIS Gebäude
CRS3035RES100mN2722000E4180600,47.5961486,8.1347859,23,1244.4,54.1,0.1244,0.6728,LGL BW / ALKIS Gebäude
CRS3035RES100mN2720900E4179400,47.5859788,8.1192049,31,1422.1,45.9,0.1422,0.6727,LGL BW / ALKIS Gebäude
CRS3035RES100mN2727100E4188800,47.6438393,8.2421612,17,1180.3,69.4,0.1180,0.6726,LGL BW / ALKIS Gebäude
CRS3035RES100mN2728600E4187400,47.6570338,8.2230796,15,1318.8,87.9,0.1319,0.6723,LGL BW / ALKIS Gebäude
CRS3035RES100mN2721700E4180000,47.5933132,8.1269130,18,1093.1,60.7,0.1093,0.6721,LGL BW / ALKIS Gebäude
CRS3035RES100mN2723500E4183200,47.6102282,8.1688478,17,1175.2,69.1,0.1175,0.6715,LGL BW / ALKIS Gebäude
CRS3035RES100mN2721200E4178600,47.5884944,8.1084804,14,1367.9,97.7,0.1368,0.6714,LGL BW / ALKIS Gebäude
CRS3035RES100mN2723600E4183700,47.6112391,8.1754602,13,1587.3,122.1,0.1587,0.6712,LGL BW / ALKIS Gebäude
CRS3035RES100mN2724900E4187700,47.6238098,8.2282145,14,1365.5,97.5,0.1366,0.6709,LGL BW / ALKIS Gebäude
CRS3035RES100mN2727900E4196900,47.6527157,8.3496431,22,1207.1,54.9,0.1207,0.6709,LGL BW / ALKIS Gebäude
CRS3035RES100mN2723400E4182800,47.6092394,8.1635644,27,1325.3,49.1,0.1325,0.6702,LGL BW / ALKIS Gebäude
CRS3035RES100mN2723200E4182900,47.6074623,8.1649573,23,1229.2,53.4,0.1229,0.6701,LGL BW / ALKIS Gebäude
CRS3035RES100mN2722300E4180800,47.5988930,8.1373454,19,1114.2,58.6,0.1114,0.6699,LGL BW / ALKIS Gebäude
CRS3035RES100mN2723700E4193000,47.6141323,8.2990207,17,1165.3,68.5,0.1165,0.6694,LGL BW / ALKIS Gebäude
CRS3035RES100mN2725100E4187000,47.6254580,8.2188478,16,1240.3,77.5,0.1240,0.6693,LGL BW / ALKIS Gebäude
CRS3035RES100mN2728400E4197800,47.6573943,8.3614701,17,1164.2,68.5,0.1164,0.6692,LGL BW / ALKIS Gebäude
CRS3035RES100mN2721200E4193200,47.5916802,8.3024188,21,1170.0,55.7,0.1170,0.6692,LGL BW / ALKIS Gebäude
CRS3035RES100mN2731000E4182100,47.6774575,8.1518124,23,1222.7,53.2,0.1223,0.6689,LGL BW / ALKIS Gebäude
CRS3035RES100mN2724600E4185200,47.6205670,8.1950788,15,1302.7,86.8,0.1303,0.6687,LGL BW / ALKIS Gebäude
CRS3035RES100mN2728200E4198100,47.6556546,8.3655176,24,1243.0,51.8,0.1243,0.6681,LGL BW / ALKIS Gebäude
CRS3035RES100mN2724500E4187300,47.6201247,8.2230216,12,1823.6,152.0,0.1824,0.6680,LGL BW / ALKIS Gebäude
CRS3035RES100mN2729000E4188900,47.6609549,8.2429081,19,1104.5,58.1,0.1104,0.6680,LGL BW / ALKIS Gebäude
CRS3035RES100mN2725900E4191400,47.6335931,8.2770958,9,2636.5,292.9,0.2637,0.6678,LGL BW / ALKIS Gebäude
CRS3035RES100mN2725900E4191500,47.6336140,8.2784253,10,2364.6,236.5,0.2365,0.6678,LGL BW / ALKIS Gebäude
CRS3035RES100mN2725700E4193600,47.6322507,8.3064039,13,1545.2,118.9,0.1545,0.6673,LGL BW / ALKIS Gebäude
CRS3035RES100mN2724300E4187700,47.6184115,8.2283999,18,1065.7,59.2,0.1066,0.6666,LGL BW / ALKIS Gebäude
CRS3035RES100mN2730600E4199100,47.6774462,8.3781387,17,1151.7,67.7,0.1152,0.6666,LGL BW / ALKIS Gebäude
CRS3035RES100mN2727600E4196500,47.6499361,8.3444098,17,1147.4,67.5,0.1147,0.6657,LGL BW / ALKIS Gebäude
CRS3035RES100mN2724800E4195300,47.6245009,8.3292673,17,1147.3,67.5,0.1147,0.6656,LGL BW / ALKIS Gebäude
CRS3035RES100mN2724900E4187400,47.6237451,8.2242268,17,1145.7,67.4,0.1146,0.6653,LGL BW / ALKIS Gebäude
CRS3035RES100mN2722400E4181200,47.5998832,8.1426273,16,1221.6,76.3,0.1222,0.6652,LGL BW / ALKIS Gebäude
CRS3035RES100mN2721100E4193400,47.5908217,8.3051052,20,1118.9,55.9,0.1119,0.6650,LGL BW / ALKIS Gebäude
CRS3035RES100mN2728600E4198600,47.6593527,8.3720543,19,1082.9,57.0,0.1083,0.6637,LGL BW / ALKIS Gebäude
CRS3035RES100mN2726100E4193800,47.6358907,8.3089448,17,1134.3,66.7,0.1134,0.6629,LGL BW / ALKIS Gebäude
CRS3035RES100mN2725700E4190700,47.6316466,8.2678498,11,2039.8,185.4,0.2040,0.6629,LGL BW / ALKIS Gebäude
CRS3035RES100mN2725000E4187100,47.6245799,8.2202081,14,1330.9,95.1,0.1331,0.6627,LGL BW / ALKIS Gebäude
CRS3035RES100mN2724600E4195300,47.6227014,8.3293256,16,1209.7,75.6,0.1210,0.6626,LGL BW / ALKIS Gebäude
CRS3035RES100mN2723100E4187700,47.6076150,8.2287707,8,4838.5,604.8,0.4838,0.6624,LGL BW / ALKIS Gebäude
CRS3035RES100mN2731200E4193900,47.6817968,8.3087686,15,1274.2,84.9,0.1274,0.6623,LGL BW / ALKIS Gebäude
CRS3035RES100mN2724100E4190700,47.6172511,8.2683333,30,1336.0,44.5,0.1336,0.6621,LGL BW / ALKIS Gebäude
CRS3035RES100mN2721700E4194500,47.5964459,8.3195419,22,1156.1,52.5,0.1156,0.6616,LGL BW / ALKIS Gebäude
CRS3035RES100mN2730500E4190200,47.6747268,8.2597447,16,1202.2,75.1,0.1202,0.6610,LGL BW / ALKIS Gebäude
CRS3035RES100mN2725700E4191000,47.6317097,8.2718381,11,2019.5,183.6,0.2019,0.6610,LGL BW / ALKIS Gebäude
CRS3035RES100mN2726700E4197200,47.6419790,8.3539780,15,1267.4,84.5,0.1267,0.6607,LGL BW / ALKIS Gebäude
CRS3035RES100mN2728400E4197700,47.6573744,8.3601400,16,1196.4,74.8,0.1196,0.6597,LGL BW / ALKIS Gebäude
CRS3035RES100mN2727800E4197900,47.6520159,8.3629718,17,1115.0,65.6,0.1115,0.6589,LGL BW / ALKIS Gebäude
CRS3035RES100mN2723000E4183000,47.6056852,8.1663500,15,1257.7,83.8,0.1258,0.6585,LGL BW / ALKIS Gebäude
CRS3035RES100mN2727000E4189500,47.6430888,8.2515000,16,1190.8,74.4,0.1191,0.6585,LGL BW / ALKIS Gebäude
CRS3035RES100mN2726000E4192300,47.6346807,8.2890314,12,1711.1,142.6,0.1711,0.6576,LGL BW / ALKIS Gebäude
CRS3035RES100mN2726800E4192300,47.6418785,8.2887924,18,1021.1,56.7,0.1021,0.6575,LGL BW / ALKIS Gebäude
CRS3035RES100mN2725900E4190500,47.6334039,8.2651304,11,1971.1,179.2,0.1971,0.6565,LGL BW / ALKIS Gebäude
CRS3035RES100mN2727600E4189100,47.6484019,8.2459974,14,1296.9,92.6,0.1297,0.6547,LGL BW / ALKIS Gebäude
CRS3035RES100mN2729900E4186600,47.6685562,8.2120331,13,1406.8,108.2,0.1407,0.6546,LGL BW / ALKIS Gebäude
CRS3035RES100mN2727000E4192300,47.6436779,8.2887327,17,1092.2,64.2,0.1092,0.6541,LGL BW / ALKIS Gebäude
CRS3035RES100mN2723100E4193100,47.6087545,8.3005276,23,1137.4,49.5,0.1137,0.6537,LGL BW / ALKIS Gebäude
CRS3035RES100mN2726400E4183900,47.6364746,8.1772278,11,1934.6,175.9,0.1935,0.6532,LGL BW / ALKIS Gebäude
CRS3035RES100mN2726000E4191900,47.6345974,8.2837133,13,1386.6,106.7,0.1387,0.6527,LGL BW / ALKIS Gebäude
CRS3035RES100mN2724400E4188100,47.6193973,8.2336855,20,1054.5,52.7,0.1054,0.6526,LGL BW / ALKIS Gebäude
CRS3035RES100mN2722600E4196700,47.6049893,8.3485110,13,1373.4,105.6,0.1373,0.6515,LGL BW / ALKIS Gebäude
CRS3035RES100mN2725400E4181700,47.6269863,8.1483016,13,1366.9,105.1,0.1367,0.6509,LGL BW / ALKIS Gebäude
CRS3035RES100mN2724000E4178900,47.6137542,8.1115435,13,1364.8,105.0,0.1365,0.6507,LGL BW / ALKIS Gebäude
CRS3035RES100mN2724300E4178200,47.6162920,8.1021418,16,1153.1,72.1,0.1153,0.6504,LGL BW / ALKIS Gebäude
CRS3035RES100mN2726800E4197800,47.6429986,8.3619278,14,1273.9,91.0,0.1274,0.6493,LGL BW / ALKIS Gebäude
CRS3035RES100mN2728500E4198000,47.6583339,8.3641018,8,2703.0,337.9,0.2703,0.6490,LGL BW / ALKIS Gebäude
CRS3035RES100mN2725800E4192800,47.6329851,8.2957385,22,1086.3,49.4,0.1086,0.6488,LGL BW / ALKIS Gebäude
CRS3035RES100mN2723600E4192800,47.6131911,8.2963924,19,1005.8,52.9,0.1006,0.6485,LGL BW / ALKIS Gebäude
CRS3035RES100mN2723900E4190700,47.6154517,8.2683937,18,976.7,54.3,0.0977,0.6485,LGL BW / ALKIS Gebäude
CRS3035RES100mN2725400E4190700,47.6289475,8.2679405,14,1268.5,90.6,0.1268,0.6480,LGL BW / ALKIS Gebäude
CRS3035RES100mN2723400E4182700,47.6092170,8.1622356,17,1061.1,62.4,0.1061,0.6476,LGL BW / ALKIS Gebäude
CRS3035RES100mN2723000E4192900,47.6078134,8.2978995,13,1330.2,102.3,0.1330,0.6475,LGL BW / ALKIS Gebäude
CRS3035RES100mN2723700E4183700,47.6121388,8.1754284,15,1203.7,80.2,0.1204,0.6464,LGL BW / ALKIS Gebäude
CRS3035RES100mN2729300E4199000,47.6657299,8.3771767,12,1584.1,132.0,0.1584,0.6459,LGL BW / ALKIS Gebäude
CRS3035RES100mN2724400E4187300,47.6192250,8.2230526,12,1583.1,131.9,0.1583,0.6458,LGL BW / ALKIS Gebäude
CRS3035RES100mN2725100E4186300,47.6253060,8.2095430,12,1581.0,131.8,0.1581,0.6456,LGL BW / ALKIS Gebäude
CRS3035RES100mN2730500E4198900,47.6765069,8.3755058,13,1308.8,100.7,0.1309,0.6455,LGL BW / ALKIS Gebäude
CRS3035RES100mN2724600E4195100,47.6226607,8.3266672,16,1129.4,70.6,0.1129,0.6452,LGL BW / ALKIS Gebäude
CRS3035RES100mN2723300E4192400,47.6104089,8.2911660,16,1128.7,70.5,0.1129,0.6450,LGL BW / ALKIS Gebäude
CRS3035RES100mN2721600E4180300,47.5924818,8.1309308,6,3457.1,576.2,0.3457,0.6448,LGL BW / ALKIS Gebäude
CRS3035RES100mN2724500E4184900,47.6196014,8.1911229,16,1126.3,70.4,0.1126,0.6445,LGL BW / ALKIS Gebäude
CRS3035RES100mN2723900E4190500,47.6154095,8.2657356,19,980.9,51.6,0.0981,0.6436,LGL BW / ALKIS Gebäude
CRS3035RES100mN2724800E4195500,47.6245415,8.3319259,19,980.3,51.6,0.0980,0.6435,LGL BW / ALKIS Gebäude
CRS3035RES100mN2724800E4180400,47.6212942,8.1312167,16,1118.6,69.9,0.1119,0.6429,LGL BW / ALKIS Gebäude
CRS3035RES100mN2724000E4190500,47.6163093,8.2657054,29,1196.1,41.2,0.1196,0.6427,LGL BW / ALKIS Gebäude
CRS3035RES100mN2728400E4197100,47.6572545,8.3521592,14,1245.4,89.0,0.1245,0.6426,LGL BW / ALKIS Gebäude
CRS3035RES100mN2722900E4181600,47.6044718,8.1477801,15,1186.8,79.1,0.1187,0.6425,LGL BW / ALKIS Gebäude
CRS3035RES100mN2727300E4196500,47.6472369,8.3444965,11,1815.4,165.0,0.1815,0.6422,LGL BW / ALKIS Gebäude
CRS3035RES100mN2720700E4193700,47.5872844,8.3092083,12,1543.9,128.7,0.1544,0.6422,LGL BW / ALKIS Gebäude
CRS3035RES100mN2724100E4188000,47.6166767,8.2324489,33,1258.3,38.1,0.1258,0.6422,LGL BW / ALKIS Gebäude
CRS3035RES100mN2727700E4185800,47.6485888,8.2020811,12,1543.1,128.6,0.1543,0.6421,LGL BW / ALKIS Gebäude
CRS3035RES100mN2727800E4193600,47.6511448,8.3057830,16,1113.1,69.6,0.1113,0.6417,LGL BW / ALKIS Gebäude
CRS3035RES100mN2725500E4187000,47.6290568,8.2187235,21,1022.4,48.7,0.1022,0.6415,LGL BW / ALKIS Gebäude
CRS3035RES100mN2724800E4185600,47.6224541,8.2003325,15,1180.5,78.7,0.1180,0.6411,LGL BW / ALKIS Gebäude
CRS3035RES100mN2730800E4181800,47.6755907,8.1478854,13,1281.9,98.6,0.1282,0.6403,LGL BW / ALKIS Gebäude
CRS3035RES100mN2721800E4180400,47.5943039,8.1321941,10,2051.8,205.2,0.2052,0.6390,LGL BW / ALKIS Gebäude
CRS3035RES100mN2727700E4196600,47.6508559,8.3457108,17,1017.3,59.8,0.1017,0.6384,LGL BW / ALKIS Gebäude
CRS3035RES100mN2723800E4179000,47.6119778,8.1129383,14,1227.0,87.6,0.1227,0.6383,LGL BW / ALKIS Gebäude
CRS3035RES100mN2721000E4179600,47.5869242,8.1218286,45,1378.4,30.6,0.1378,0.6382,LGL BW / ALKIS Gebäude
CRS3035RES100mN2720400E4178400,47.5812509,8.1060878,15,1163.4,77.6,0.1163,0.6373,LGL BW / ALKIS Gebäude
CRS3035RES100mN2729400E4198700,47.6665704,8.3731572,8,2575.1,321.9,0.2575,0.6372,LGL BW / ALKIS Gebäude
CRS3035RES100mN2727200E4196300,47.6462969,8.3418657,12,1484.7,123.7,0.1485,0.6368,LGL BW / ALKIS Gebäude
CRS3035RES100mN2721500E4194500,47.5946464,8.3196005,15,1159.6,77.3,0.1160,0.6364,LGL BW / ALKIS Gebäude
CRS3035RES100mN2728000E4196800,47.6535953,8.3482842,14,1218.6,87.0,0.1219,0.6363,LGL BW / ALKIS Gebäude
CRS3035RES100mN2724200E4178100,47.6153693,8.1008460,18,915.5,50.9,0.0916,0.6360,LGL BW / ALKIS Gebäude
CRS3035RES100mN2722200E4181300,47.5981064,8.1440206,14,1216.4,86.9,0.1216,0.6358,LGL BW / ALKIS Gebäude
CRS3035RES100mN2728700E4181700,47.6566754,8.1472346,12,1474.8,122.9,0.1475,0.6358,LGL BW / ALKIS Gebäude
CRS3035RES100mN2726200E4182400,47.6343410,8.1573493,11,1746.2,158.7,0.1746,0.6358,LGL BW / ALKIS Gebäude
CRS3035RES100mN2726400E4191000,47.6380077,8.2716270,17,1003.9,59.1,0.1004,0.6356,LGL BW / ALKIS Gebäude
CRS3035RES100mN2726000E4190500,47.6343036,8.2651001,16,1084.1,67.8,0.1084,0.6354,LGL BW / ALKIS Gebäude
CRS3035RES100mN2732400E4181700,47.6899626,8.1460365,14,1213.7,86.7,0.1214,0.6352,LGL BW / ALKIS Gebäude
CRS3035RES100mN2720800E4178400,47.5848496,8.1059558,14,1213.0,86.6,0.1213,0.6350,LGL BW / ALKIS Gebäude
CRS3035RES100mN2727800E4185800,47.6494885,8.2020497,14,1209.1,86.4,0.1209,0.6341,LGL BW / ALKIS Gebäude
CRS3035RES100mN2719300E4198900,47.5757349,8.3786771,12,1453.8,121.1,0.1454,0.6339,LGL BW / ALKIS Gebäude
CRS3035RES100mN2727200E4196200,47.6462767,8.3405359,17,995.4,58.6,0.0995,0.6338,LGL BW / ALKIS Gebäude
CRS3035RES100mN2726800E4192000,47.6418160,8.2848033,14,1207.0,86.2,0.1207,0.6336,LGL BW / ALKIS Gebäude
CRS3035RES100mN2724700E4187400,47.6219457,8.2242888,9,2245.0,249.4,0.2245,0.6318,LGL BW / ALKIS Gebäude
CRS3035RES100mN2725400E4192700,47.6293655,8.2945280,9,2243.1,249.2,0.2243,0.6316,LGL BW / ALKIS Gebäude
CRS3035RES100mN2722900E4181400,47.6044267,8.1451227,14,1198.0,85.6,0.1198,0.6315,LGL BW / ALKIS Gebäude
CRS3035RES100mN2725000E4186500,47.6244498,8.2122327,12,1426.1,118.8,0.1426,0.6314,LGL BW / ALKIS Gebäude
CRS3035RES100mN2723300E4192900,47.6105126,8.2978105,13,1244.1,95.7,0.1244,0.6310,LGL BW / ALKIS Gebäude
CRS3035RES100mN2728800E4181800,47.6575976,8.1485323,11,1692.7,153.9,0.1693,0.6309,LGL BW / ALKIS Gebäude
CRS3035RES100mN2726500E4191800,47.6390751,8.2822339,12,1416.7,118.1,0.1417,0.6305,LGL BW / ALKIS Gebäude
CRS3035RES100mN2720800E4179000,47.5849875,8.1139249,14,1192.6,85.2,0.1193,0.6302,LGL BW / ALKIS Gebäude
CRS3035RES100mN2719800E4178000,47.5757606,8.1009740,10,1953.8,195.4,0.1954,0.6300,LGL BW / ALKIS Gebäude
CRS3035RES100mN2726300E4186200,47.6360805,8.2078385,16,1056.5,66.0,0.1056,0.6294,LGL BW / ALKIS Gebäude
CRS3035RES100mN2724300E4180500,47.6168186,8.1327087,11,1672.6,152.1,0.1673,0.6291,LGL BW / ALKIS Gebäude
CRS3035RES100mN2728700E4198000,47.6601334,8.3640447,11,1664.5,151.3,0.1664,0.6283,LGL BW / ALKIS Gebäude
CRS3035RES100mN2721200E4193300,47.5917008,8.3037472,19,901.9,47.5,0.0902,0.6280,LGL BW / ALKIS Gebäude
CRS3035RES100mN2729800E4195000,47.6694261,8.3238170,15,1121.1,74.7,0.1121,0.6277,LGL BW / ALKIS Gebäude
CRS3035RES100mN2730500E4189100,47.6744930,8.2451087,12,1386.3,115.5,0.1386,0.6277,LGL BW / ALKIS Gebäude
CRS3035RES100mN2722400E4196700,47.6031898,8.3485686,14,1181.1,84.4,0.1181,0.6275,LGL BW / ALKIS Gebäude
CRS3035RES100mN2723500E4183300,47.6102505,8.1701766,20,923.7,46.2,0.0924,0.6275,LGL BW / ALKIS Gebäude
CRS3035RES100mN2724200E4180400,47.6158962,8.1314123,11,1640.4,149.1,0.1640,0.6261,LGL BW / ALKIS Gebäude
CRS3035RES100mN2729500E4199100,47.6675491,8.3784504,15,1113.9,74.3,0.1114,0.6261,LGL BW / ALKIS Gebäude
CRS3035RES100mN2725500E4190600,47.6298261,8.2665809,12,1364.9,113.7,0.1365,0.6257,LGL BW / ALKIS Gebäude
CRS3035RES100mN2724500E4188100,47.6202970,8.2336547,17,955.3,56.2,0.0955,0.6254,LGL BW / ALKIS Gebäude
CRS3035RES100mN2728000E4185700,47.6512660,8.2006570,16,1035.8,64.7,0.1036,0.6249,LGL BW / ALKIS Gebäude
CRS3035RES100mN2729100E4186900,47.6614240,8.2162735,13,1215.0,93.5,0.1215,0.6238,LGL BW / ALKIS Gebäude
CRS3035RES100mN2725200E4194300,47.6278958,8.3158571,9,2157.6,239.7,0.2158,0.6237,LGL BW / ALKIS Gebäude
CRS3035RES100mN2729100E4188700,47.6618118,8.2402170,16,1027.6,64.2,0.1028,0.6231,LGL BW / ALKIS Gebäude
CRS3035RES100mN2730500E4182800,47.6731162,8.1612871,12,1333.1,111.1,0.1333,0.6228,LGL BW / ALKIS Gebäude
CRS3035RES100mN2721800E4194700,47.5973865,8.3221697,15,1098.0,73.2,0.1098,0.6225,LGL BW / ALKIS Gebäude
CRS3035RES100mN2728800E4188900,47.6591555,8.2429695,12,1309.4,109.1,0.1309,0.6206,LGL BW / ALKIS Gebäude
CRS3035RES100mN2725000E4181800,47.6234101,8.1497600,12,1309.1,109.1,0.1309,0.6206,LGL BW / ALKIS Gebäude
CRS3035RES100mN2729200E4188700,47.6627115,8.2401863,15,1085.1,72.3,0.1085,0.6196,LGL BW / ALKIS Gebäude
CRS3035RES100mN2727100E4189000,47.6438820,8.2448207,14,1146.7,81.9,0.1147,0.6194,LGL BW / ALKIS Gebäude
CRS3035RES100mN2727500E4196500,47.6490364,8.3444387,13,1195.8,92.0,0.1196,0.6191,LGL BW / ALKIS Gebäude
CRS3035RES100mN2719300E4198700,47.5756954,8.3760211,12,1292.0,107.7,0.1292,0.6190,LGL BW / ALKIS Gebäude
CRS3035RES100mN2725200E4194100,47.6278548,8.3131984,12,1290.2,107.5,0.1290,0.6188,LGL BW / ALKIS Gebäude
CRS3035RES100mN2726500E4197000,47.6401395,8.3513761,15,1080.6,72.0,0.1081,0.6186,LGL BW / ALKIS Gebäude
CRS3035RES100mN2732200E4179200,47.6875945,8.1128303,12,1281.3,106.8,0.1281,0.6180,LGL BW / ALKIS Gebäude
CRS3035RES100mN2723500E4188000,47.6112784,8.2326338,15,1076.9,71.8,0.1077,0.6178,LGL BW / ALKIS Gebäude
CRS3035RES100mN2724500E4185100,47.6196454,8.1937811,15,1073.0,71.5,0.1073,0.6169,LGL BW / ALKIS Gebäude
CRS3035RES100mN2724800E4195000,47.6244398,8.3252795,12,1269.7,105.8,0.1270,0.6169,LGL BW / ALKIS Gebäude
CRS3035RES100mN2727100E4188600,47.6437965,8.2395018,14,1135.5,81.1,0.1135,0.6168,LGL BW / ALKIS Gebäude
CRS3035RES100mN2726200E4190700,47.6361452,8.2676987,13,1183.1,91.0,0.1183,0.6160,LGL BW / ALKIS Gebäude
CRS3035RES100mN2728200E4185400,47.6529996,8.1966043,10,1801.0,180.1,0.1801,0.6159,LGL BW / ALKIS Gebäude
CRS3035RES100mN2727200E4189500,47.6448882,8.2514389,12,1246.2,103.8,0.1246,0.6148,LGL BW / ALKIS Gebäude
CRS3035RES100mN2724800E4185500,47.6224322,8.1990033,14,1126.1,80.4,0.1126,0.6146,LGL BW / ALKIS Gebäude
CRS3035RES100mN2726500E4197300,47.6401996,8.3553651,17,903.7,53.2,0.0904,0.6146,LGL BW / ALKIS Gebäude
CRS3035RES100mN2731000E4181900,47.6774126,8.1491512,15,1059.6,70.6,0.1060,0.6139,LGL BW / ALKIS Gebäude
CRS3035RES100mN2725500E4194000,47.6305335,8.3117807,13,8207.5,631.3,0.8208,0.6136,LGL BW / ALKIS Gebäude
CRS3035RES100mN2728100E4193700,47.6538646,8.3070242,14,1118.0,79.9,0.1118,0.6127,LGL BW / ALKIS Gebäude
CRS3035RES100mN2727700E4197000,47.6509363,8.3510307,16,978.5,61.2,0.0978,0.6124,LGL BW / ALKIS Gebäude
CRS3035RES100mN2722200E4180800,47.5979933,8.1373779,12,1219.6,101.6,0.1220,0.6123,LGL BW / ALKIS Gebäude
CRS3035RES100mN2720800E4178700,47.5849187,8.1099404,12,1216.4,101.4,0.1216,0.6120,LGL BW / ALKIS Gebäude
CRS3035RES100mN2725400E4193200,47.6294690,8.3011750,14,1114.9,79.6,0.1115,0.6120,LGL BW / ALKIS Gebäude
CRS3035RES100mN2725800E4190800,47.6325674,8.2691491,15,1049.3,70.0,0.1049,0.6116,LGL BW / ALKIS Gebäude
CRS3035RES100mN2727300E4189500,47.6457880,8.2514084,15,1047.2,69.8,0.1047,0.6111,LGL BW / ALKIS Gebäude
CRS3035RES100mN2726600E4192000,47.6400165,8.2848632,14,1110.7,79.3,0.1111,0.6110,LGL BW / ALKIS Gebäude
CRS3035RES100mN2728600E4188500,47.6572705,8.2377105,14,1107.2,79.1,0.1107,0.6102,LGL BW / ALKIS Gebäude
CRS3035RES100mN2726800E4189300,47.6412469,8.2489017,11,1460.4,132.8,0.1460,0.6095,LGL BW / ALKIS Gebäude
CRS3035RES100mN2724300E4188600,47.6186048,8.2403617,15,1038.8,69.3,0.1039,0.6092,LGL BW / ALKIS Gebäude
CRS3035RES100mN2723700E4192800,47.6140909,8.2963627,14,1101.4,78.7,0.1101,0.6088,LGL BW / ALKIS Gebäude
CRS3035RES100mN2724800E4185000,47.6223225,8.1923574,13,1151.4,88.6,0.1151,0.6082,LGL BW / ALKIS Gebäude
CRS3035RES100mN2730700E4184900,47.6753816,8.1891639,9,1987.0,220.8,0.1987,0.6080,LGL BW / ALKIS Gebäude
CRS3035RES100mN2720800E4178800,47.5849416,8.1112686,11,1435.2,130.5,0.1435,0.6072,LGL BW / ALKIS Gebäude
CRS3035RES100mN2721300E4197800,47.5935123,8.3634986,12,1183.9,98.7,0.1184,0.6064,LGL BW / ALKIS Gebäude
CRS3035RES100mN2725400E4193900,47.6296132,8.3104807,13,8712.0,670.2,0.8712,0.6063,LGL BW / ALKIS Gebäude
CRS3035RES100mN2724700E4186400,47.6217289,8.2109971,8,2240.1,280.0,0.2240,0.6063,LGL BW / ALKIS Gebäude
CRS3035RES100mN2724400E4194600,47.6207593,8.3200797,13,1140.6,87.7,0.1141,0.6055,LGL BW / ALKIS Gebäude
CRS3035RES100mN2723000E4178200,47.6045964,8.1025720,13,1139.0,87.6,0.1139,0.6051,LGL BW / ALKIS Gebäude
CRS3035RES100mN2729500E4186500,47.6649358,8.2108278,11,1399.6,127.2,0.1400,0.6039,LGL BW / ALKIS Gebäude
CRS3035RES100mN2726300E4192300,47.6373799,8.2889418,15,1013.2,67.5,0.1013,0.6034,LGL BW / ALKIS Gebäude
CRS3035RES100mN2727600E4196700,47.6499763,8.3470696,12,1171.8,97.6,0.1172,0.6032,LGL BW / ALKIS Gebäude
CRS3035RES100mN2730700E4182300,47.6748035,8.1545703,12,1164.6,97.0,0.1165,0.6014,LGL BW / ALKIS Gebäude
CRS3035RES100mN2727300E4189100,47.6457028,8.2460892,13,1118.5,86.0,0.1119,0.6001,LGL BW / ALKIS Gebäude
CRS3035RES100mN2726700E4191900,47.6408954,8.2835036,10,1628.0,162.8,0.1628,0.5999,LGL BW / ALKIS Gebäude
CRS3035RES100mN2725200E4187100,47.6263793,8.2201460,14,1063.4,76.0,0.1063,0.5999,LGL BW / ALKIS Gebäude
CRS3035RES100mN2723800E4178900,47.6119548,8.1116094,12,1155.9,96.3,0.1156,0.5991,LGL BW / ALKIS Gebäude
CRS3035RES100mN2724600E4184800,47.6204791,8.1897623,12,1154.4,96.2,0.1154,0.5987,LGL BW / ALKIS Gebäude
CRS3035RES100mN2728800E4188400,47.6590485,8.2363188,12,1153.5,96.1,0.1154,0.5985,LGL BW / ALKIS Gebäude
CRS3035RES100mN2721900E4180400,47.5952035,8.1321615,15,989.4,66.0,0.0989,0.5981,LGL BW / ALKIS Gebäude
CRS3035RES100mN2724800E4178400,47.6208365,8.1046345,13,1109.8,85.4,0.1110,0.5980,LGL BW / ALKIS Gebäude
CRS3035RES100mN2727800E4196700,47.6517758,8.3470119,13,1108.7,85.3,0.1109,0.5977,LGL BW / ALKIS Gebäude
CRS3035RES100mN2727900E4185700,47.6503663,8.2006884,12,1149.6,95.8,0.1150,0.5975,LGL BW / ALKIS Gebäude
CRS3035RES100mN2725800E4184300,47.6311651,8.1827362,14,1051.9,75.1,0.1052,0.5972,LGL BW / ALKIS Gebäude
CRS3035RES100mN2718800E4198600,47.5711768,8.3748346,11,1321.2,120.1,0.1321,0.5967,LGL BW / ALKIS Gebäude
CRS3035RES100mN2725800E4192700,47.6329644,8.2944090,17,817.8,48.1,0.0818,0.5965,LGL BW / ALKIS Gebäude
CRS3035RES100mN2727300E4180200,47.6437404,8.1277418,11,1312.7,119.3,0.1313,0.5959,LGL BW / ALKIS Gebäude
CRS3035RES100mN2723600E4183400,47.6111724,8.1714736,13,1093.7,84.1,0.1094,0.5940,LGL BW / ALKIS Gebäude
CRS3035RES100mN2720900E4179500,47.5860017,8.1205331,20,744.5,37.2,0.0745,0.5930,LGL BW / ALKIS Gebäude
CRS3035RES100mN2721600E4194600,47.5955666,8.3208997,13,1088.3,83.7,0.1088,0.5927,LGL BW / ALKIS Gebäude
CRS3035RES100mN2723300E4182400,47.6082502,8.1582813,12,1127.9,94.0,0.1128,0.5919,LGL BW / ALKIS Gebäude
CRS3035RES100mN2726100E4194000,47.6359318,8.3116039,17,791.9,46.6,0.0792,0.5911,LGL BW / ALKIS Gebäude
CRS3035RES100mN2729000E4186900,47.6605243,8.2163047,14,1025.4,73.2,0.1025,0.5909,LGL BW / ALKIS Gebäude
CRS3035RES100mN2719000E4195100,47.5722748,8.3282999,12,1122.8,93.6,0.1123,0.5905,LGL BW / ALKIS Gebäude
CRS3035RES100mN2724200E4184700,47.6168583,8.1885595,12,1122.0,93.5,0.1122,0.5903,LGL BW / ALKIS Gebäude
CRS3035RES100mN2724900E4186400,47.6235283,8.2109347,8,2064.0,258.0,0.2064,0.5901,LGL BW / ALKIS Gebäude
CRS3035RES100mN2726900E4192100,47.6427365,8.2861031,11,1242.1,112.9,0.1242,0.5894,LGL BW / ALKIS Gebäude
CRS3035RES100mN2726800E4197500,47.6429387,8.3579385,17,781.8,46.0,0.0782,0.5890,LGL BW / ALKIS Gebäude
CRS3035RES100mN2728900E4181900,47.6585197,8.1498301,13,1067.9,82.1,0.1068,0.5877,LGL BW / ALKIS Gebäude
CRS3035RES100mN2730600E4183900,47.6742609,8.1758904,11,1222.1,111.1,0.1222,0.5876,LGL BW / ALKIS Gebäude
CRS3035RES100mN2726800E4197600,47.6429587,8.3592683,17,774.1,45.5,0.0774,0.5874,LGL BW / ALKIS Gebäude
CRS3035RES100mN2727900E4196500,47.6526353,8.3443231,12,1105.8,92.2,0.1106,0.5862,LGL BW / ALKIS Gebäude
CRS3035RES100mN2728900E4181700,47.6584747,8.1471699,11,1204.3,109.5,0.1204,0.5859,LGL BW / ALKIS Gebäude
CRS3035RES100mN2723900E4192900,47.6159110,8.2976323,8,2014.8,251.9,0.2015,0.5856,LGL BW / ALKIS Gebäude
CRS3035RES100mN2724600E4188200,47.6212182,8.2349530,14,1002.4,71.6,0.1002,0.5855,LGL BW / ALKIS Gebäude
CRS3035RES100mN2725200E4194500,47.6279367,8.3185158,13,1054.2,81.1,0.1054,0.5843,LGL BW / ALKIS Gebäude
CRS3035RES100mN2729300E4199200,47.6657694,8.3798374,9,1724.3,191.6,0.1724,0.5838,LGL BW / ALKIS Gebäude
CRS3035RES100mN2725000E4194500,47.6261373,8.3185745,14,991.5,70.8,0.0991,0.5830,LGL BW / ALKIS Gebäude
CRS3035RES100mN2730100E4186700,47.6703773,8.2133011,13,1049.1,80.7,0.1049,0.5830,LGL BW / ALKIS Gebäude
CRS3035RES100mN2730100E4178300,47.6684949,8.1015497,10,1439.2,143.9,0.1439,0.5826,LGL BW / ALKIS Gebäude
CRS3035RES100mN2729200E4198700,47.6647709,8.3732140,15,920.2,61.3,0.0920,0.5825,LGL BW / ALKIS Gebäude
CRS3035RES100mN2726300E4183900,47.6355750,8.1772596,13,1045.8,80.4,0.1046,0.5822,LGL BW / ALKIS Gebäude
CRS3035RES100mN2728100E4185500,47.6521219,8.1979657,11,1162.8,105.7,0.1163,0.5821,LGL BW / ALKIS Gebäude
CRS3035RES100mN2727100E4197500,47.6456380,8.3578525,14,986.9,70.5,0.0987,0.5819,LGL BW / ALKIS Gebäude
CRS3035RES100mN2719000E4195400,47.5723357,8.3322837,14,982.5,70.2,0.0982,0.5808,LGL BW / ALKIS Gebäude
CRS3035RES100mN2731200E4182000,47.6792344,8.1504171,13,1039.4,80.0,0.1039,0.5806,LGL BW / ALKIS Gebäude
CRS3035RES100mN2727800E4185900,47.6495104,8.2033796,11,1140.4,103.7,0.1140,0.5800,LGL BW / ALKIS Gebäude
CRS3035RES100mN2719200E4195100,47.5740743,8.3282417,14,978.3,69.9,0.0978,0.5799,LGL BW / ALKIS Gebäude
CRS3035RES100mN2721400E4197700,47.5943922,8.3621415,14,977.6,69.8,0.0978,0.5797,LGL BW / ALKIS Gebäude
CRS3035RES100mN2730900E4182300,47.6766028,8.1545058,13,1035.6,79.7,0.1036,0.5797,LGL BW / ALKIS Gebäude
CRS3035RES100mN2730800E4182000,47.6756358,8.1505464,12,1080.4,90.0,0.1080,0.5796,LGL BW / ALKIS Gebäude
CRS3035RES100mN2726100E4184200,47.6338420,8.1813116,11,1131.2,102.8,0.1131,0.5792,LGL BW / ALKIS Gebäude
CRS3035RES100mN2721600E4194300,47.5955052,8.3169141,16,819.8,51.2,0.0820,0.5780,LGL BW / ALKIS Gebäude
CRS3035RES100mN2727200E4189000,47.6447817,8.2447901,15,896.9,59.8,0.0897,0.5772,LGL BW / ALKIS Gebäude
CRS3035RES100mN2723000E4193000,47.6078341,8.2992284,14,965.1,68.9,0.0965,0.5768,LGL BW / ALKIS Gebäude
CRS3035RES100mN2727700E4180300,47.6473618,8.1289409,14,963.5,68.8,0.0963,0.5764,LGL BW / ALKIS Gebäude
CRS3035RES100mN2726400E4197400,47.6393198,8.3567235,13,1022.3,78.6,0.1022,0.5764,LGL BW / ALKIS Gebäude
CRS3035RES100mN2723900E4192700,47.6158696,8.2949743,12,1067.7,89.0,0.1068,0.5763,LGL BW / ALKIS Gebäude
CRS3035RES100mN2721100E4180300,47.5879833,8.1310937,15,891.5,59.4,0.0892,0.5760,LGL BW / ALKIS Gebäude
CRS3035RES100mN2726500E4188800,47.6384411,8.2423453,13,1020.5,78.5,0.1020,0.5760,LGL BW / ALKIS Gebäude
CRS3035RES100mN2721000E4178400,47.5866490,8.1058898,14,961.5,68.7,0.0962,0.5759,LGL BW / ALKIS Gebäude
CRS3035RES100mN2722800E4181800,47.6036171,8.1504698,14,960.8,68.6,0.0961,0.5758,LGL BW / ALKIS Gebäude
CRS3035RES100mN2729000E4181400,47.6593067,8.1431472,11,1097.5,99.8,0.1098,0.5756,LGL BW / ALKIS Gebäude
CRS3035RES100mN2728600E4198500,47.6593329,8.3707241,12,1064.3,88.7,0.1064,0.5754,LGL BW / ALKIS Gebäude
CRS3035RES100mN2724600E4180600,47.6195403,8.1339401,14,959.5,68.5,0.0960,0.5754,LGL BW / ALKIS Gebäude
CRS3035RES100mN2726100E4192800,47.6356843,8.2956492,11,1093.4,99.4,0.1093,0.5745,LGL BW / ALKIS Gebäude
CRS3035RES100mN2725400E4193800,47.6295927,8.3091513,10,1331.0,133.1,0.1331,0.5726,LGL BW / ALKIS Gebäude
CRS3035RES100mN2719300E4195200,47.5749944,8.3295405,14,946.2,67.6,0.0946,0.5723,LGL BW / ALKIS Gebäude
CRS3035RES100mN2723500E4182900,47.6101614,8.1648612,16,787.7,49.2,0.0788,0.5710,LGL BW / ALKIS Gebäude
CRS3035RES100mN2726100E4184100,47.6338199,8.1799822,12,1044.0,87.0,0.1044,0.5702,LGL BW / ALKIS Gebäude
CRS3035RES100mN2724000E4179100,47.6138001,8.1142014,10,1296.7,129.7,0.1297,0.5694,LGL BW / ALKIS Gebäude
CRS3035RES100mN2726900E4192300,47.6427782,8.2887626,13,991.8,76.3,0.0992,0.5689,LGL BW / ALKIS Gebäude
CRS3035RES100mN2728500E4198700,47.6584728,8.3734129,14,929.9,66.4,0.0930,0.5685,LGL BW / ALKIS Gebäude
CRS3035RES100mN2728100E4196800,47.6544951,8.3482554,12,1035.2,86.3,0.1035,0.5679,LGL BW / ALKIS Gebäude
CRS3035RES100mN2729700E4194800,47.6684856,8.3211854,9,1550.8,172.3,0.1551,0.5678,LGL BW / ALKIS Gebäude
CRS3035RES100mN2721200E4178700,47.5885174,8.1098086,11,1066.3,96.9,0.1066,0.5671,LGL BW / ALKIS Gebäude
CRS3035RES100mN2730000E4186600,47.6694559,8.2120019,10,1266.6,126.7,0.1267,0.5667,LGL BW / ALKIS Gebäude
CRS3035RES100mN2722300E4180600,47.5988477,8.1346884,11,1064.0,96.7,0.1064,0.5664,LGL BW / ALKIS Gebäude
CRS3035RES100mN2725200E4181600,47.6251644,8.1470369,12,1027.8,85.6,0.1028,0.5660,LGL BW / ALKIS Gebäude
CRS3035RES100mN2725600E4192700,47.6311649,8.2944685,11,1057.2,96.1,0.1057,0.5646,LGL BW / ALKIS Gebäude
CRS3035RES100mN2722700E4178400,47.6019435,8.1053285,11,1056.8,96.1,0.1057,0.5645,LGL BW / ALKIS Gebäude
CRS3035RES100mN2722500E4181300,47.6008054,8.1439235,15,839.5,56.0,0.0840,0.5643,LGL BW / ALKIS Gebäude
CRS3035RES100mN2724900E4187300,47.6237235,8.2228976,12,1021.4,85.1,0.1021,0.5643,LGL BW / ALKIS Gebäude
CRS3035RES100mN2725000E4181900,47.6234326,8.1510892,14,910.3,65.0,0.0910,0.5639,LGL BW / ALKIS Gebäude
CRS3035RES100mN2726500E4191700,47.6390542,8.2809042,14,907.1,64.8,0.0907,0.5631,LGL BW / ALKIS Gebäude
CRS3035RES100mN2727000E4188800,47.6429396,8.2421919,13,967.7,74.4,0.0968,0.5630,LGL BW / ALKIS Gebäude
CRS3035RES100mN2727800E4189000,47.6501799,8.2446062,10,1225.2,122.5,0.1225,0.5628,LGL BW / ALKIS Gebäude
CRS3035RES100mN2725700E4194000,47.6323329,8.3117218,14,904.0,64.6,0.0904,0.5624,LGL BW / ALKIS Gebäude
CRS3035RES100mN2730500E4184000,47.6733834,8.1772528,12,1014.0,84.5,0.1014,0.5624,LGL BW / ALKIS Gebäude
CRS3035RES100mN2727400E4180500,47.6447083,8.1316983,9,1490.4,165.6,0.1490,0.5623,LGL BW / ALKIS Gebäude
CRS3035RES100mN2728800E4187300,47.6588115,8.2216874,10,1218.1,121.8,0.1218,0.5622,LGL BW / ALKIS Gebäude
CRS3035RES100mN2722300E4196700,47.6022900,8.3485974,10,1216.7,121.7,0.1217,0.5621,LGL BW / ALKIS Gebäude
CRS3035RES100mN2732300E4181700,47.6890630,8.1460689,12,1012.3,84.4,0.1012,0.5620,LGL BW / ALKIS Gebäude
CRS3035RES100mN2725700E4186800,47.6308128,8.2160026,10,1211.8,121.2,0.1212,0.5616,LGL BW / ALKIS Gebäude
CRS3035RES100mN2723900E4195300,47.6164032,8.3295296,14,898.8,64.2,0.0899,0.5612,LGL BW / ALKIS Gebäude
CRS3035RES100mN2725500E4186900,47.6290351,8.2173942,14,896.3,64.0,0.0896,0.5606,LGL BW / ALKIS Gebäude
CRS3035RES100mN2725300E4190700,47.6280477,8.2679707,12,1006.8,83.9,0.1007,0.5605,LGL BW / ALKIS Gebäude
CRS3035RES100mN2729200E4186900,47.6623236,8.2162424,9,1464.8,162.8,0.1465,0.5599,LGL BW / ALKIS Gebäude
CRS3035RES100mN2729800E4195100,47.6694465,8.3251474,13,954.8,73.4,0.0955,0.5598,LGL BW / ALKIS Gebäude
CRS3035RES100mN2728500E4198500,47.6584332,8.3707526,15,818.2,54.5,0.0818,0.5595,LGL BW / ALKIS Gebäude
CRS3035RES100mN2728100E4193800,47.6538852,8.3083542,10,1188.2,118.8,0.1188,0.5594,LGL BW / ALKIS Gebäude
CRS3035RES100mN2725200E4185800,47.6260966,8.2028654,13,951.4,73.2,0.0951,0.5590,LGL BW / ALKIS Gebäude
CRS3035RES100mN2720600E4193300,47.5863023,8.3039246,9,1454.0,161.6,0.1454,0.5589,LGL BW / ALKIS Gebäude
CRS3035RES100mN2730800E4184900,47.6762813,8.1891323,13,950.5,73.1,0.0950,0.5588,LGL BW / ALKIS Gebäude
CRS3035RES100mN2732400E4181600,47.6899400,8.1447056,10,1177.4,117.7,0.1177,0.5584,LGL BW / ALKIS Gebäude
CRS3035RES100mN2730000E4178400,47.6676184,8.1029132,9,1448.8,161.0,0.1449,0.5584,LGL BW / ALKIS Gebäude
CRS3035RES100mN2727800E4197100,47.6518561,8.3523319,15,805.7,53.7,0.0806,0.5566,LGL BW / ALKIS Gebäude
CRS3035RES100mN2723900E4195400,47.6164235,8.3308587,12,987.8,82.3,0.0988,0.5556,LGL BW / ALKIS Gebäude
CRS3035RES100mN2724600E4180300,47.6194721,8.1299528,12,987.4,82.3,0.0987,0.5555,LGL BW / ALKIS Gebäude
CRS3035RES100mN2730800E4182100,47.6756582,8.1518770,9,1414.6,157.2,0.1415,0.5553,LGL BW / ALKIS Gebäude
CRS3035RES100mN2725300E4193200,47.6285693,8.3012046,13,927.5,71.3,0.0928,0.5531,LGL BW / ALKIS Gebäude
CRS3035RES100mN2723700E4183500,47.6120943,8.1727706,15,788.1,52.5,0.0788,0.5527,LGL BW / ALKIS Gebäude
CRS3035RES100mN2723600E4187600,47.6120920,8.2272873,10,1103.3,110.3,0.1103,0.5516,LGL BW / ALKIS Gebäude
CRS3035RES100mN2722100E4181100,47.5971615,8.1413959,13,921.5,70.9,0.0921,0.5516,LGL BW / ALKIS Gebäude
CRS3035RES100mN2727600E4180100,47.6464166,8.1263140,8,1639.5,204.9,0.1639,0.5510,LGL BW / ALKIS Gebäude
CRS3035RES100mN2725100E4194800,47.6270983,8.3225332,11,1006.1,91.5,0.1006,0.5506,LGL BW / ALKIS Gebäude
CRS3035RES100mN2725600E4191100,47.6308310,8.2731977,9,1362.2,151.4,0.1362,0.5505,LGL BW / ALKIS Gebäude
CRS3035RES100mN2719300E4195400,47.5750350,8.3321965,13,913.4,70.3,0.0913,0.5497,LGL BW / ALKIS Gebäude
CRS3035RES100mN2731200E4193800,47.6817762,8.3074379,10,1081.6,108.2,0.1082,0.5496,LGL BW / ALKIS Gebäude
CRS3035RES100mN2728400E4185200,47.6547551,8.1938813,11,1000.1,90.9,0.1000,0.5489,LGL BW / ALKIS Gebäude
CRS3035RES100mN2722000E4180500,47.5961259,8.1334574,14,843.9,60.3,0.0844,0.5483,LGL BW / ALKIS Gebäude
CRS3035RES100mN2724600E4180500,47.6195176,8.1326110,13,898.8,69.1,0.0899,0.5461,LGL BW / ALKIS Gebäude
CRS3035RES100mN2724500E4180200,47.6185497,8.1286564,9,1308.8,145.4,0.1309,0.5455,LGL BW / ALKIS Gebäude
CRS3035RES100mN2724000E4190800,47.6163725,8.2696925,14,826.1,59.0,0.0826,0.5441,LGL BW / ALKIS Gebäude
CRS3035RES100mN2722000E4180100,47.5960350,8.1281435,10,1017.7,101.8,0.1018,0.5437,LGL BW / ALKIS Gebäude
CRS3035RES100mN2729000E4187000,47.6605460,8.2176348,10,1016.1,101.6,0.1016,0.5436,LGL BW / ALKIS Gebäude
CRS3035RES100mN2726800E4188800,47.6411402,8.2422533,10,1007.3,100.7,0.1007,0.5428,LGL BW / ALKIS Gebäude
CRS3035RES100mN2724700E4180600,47.6204400,8.1339075,13,885.3,68.1,0.0885,0.5427,LGL BW / ALKIS Gebäude
CRS3035RES100mN2728500E4197700,47.6582741,8.3601113,10,1004.2,100.4,0.1004,0.5425,LGL BW / ALKIS Gebäude
CRS3035RES100mN2728900E4181600,47.6584522,8.1458398,10,1003.9,100.4,0.1004,0.5425,LGL BW / ALKIS Gebäude
CRS3035RES100mN2721600E4194900,47.5956277,8.3248853,11,971.8,88.3,0.0972,0.5412,LGL BW / ALKIS Gebäude
CRS3035RES100mN2729000E4198300,47.6628922,8.3679498,13,878.1,67.5,0.0878,0.5410,LGL BW / ALKIS Gebäude
CRS3035RES100mN2722600E4181500,47.6017502,8.1465484,9,1253.2,139.2,0.1253,0.5404,LGL BW / ALKIS Gebäude
CRS3035RES100mN2725900E4191800,47.6336768,8.2824137,13,874.1,67.2,0.0874,0.5400,LGL BW / ALKIS Gebäude
CRS3035RES100mN2724100E4195300,47.6182027,8.3294713,14,808.1,57.7,0.0808,0.5399,LGL BW / ALKIS Gebäude
CRS3035RES100mN2727700E4197100,47.6509563,8.3523606,12,923.4,77.0,0.0923,0.5390,LGL BW / ALKIS Gebäude
CRS3035RES100mN2731800E4178500,47.6838349,8.1036471,6,2040.8,340.1,0.2041,0.5380,LGL BW / ALKIS Gebäude
CRS3035RES100mN2721900E4180800,47.5952943,8.1374753,9,1221.9,135.8,0.1222,0.5375,LGL BW / ALKIS Gebäude
CRS3035RES100mN2721400E4194700,47.5937875,8.3222867,13,862.6,66.4,0.0863,0.5372,LGL BW / ALKIS Gebäude
CRS3035RES100mN2728100E4193600,47.6538440,8.3056942,9,1208.0,134.2,0.1208,0.5363,LGL BW / ALKIS Gebäude
CRS3035RES100mN2726200E4184000,47.6346974,8.1786209,9,1183.1,131.5,0.1183,0.5340,LGL BW / ALKIS Gebäude
CRS3035RES100mN2723800E4192900,47.6150113,8.2976620,12,901.9,75.2,0.0902,0.5334,LGL BW / ALKIS Gebäude
CRS3035RES100mN2720300E4178300,47.5803282,8.1047928,12,895.7,74.6,0.0896,0.5318,LGL BW / ALKIS Gebäude
CRS3035RES100mN2730600E4182900,47.6740382,8.1625855,10,963.0,96.3,0.0963,0.5313,LGL BW / ALKIS Gebäude
CRS3035RES100mN2723700E4183200,47.6120276,8.1687839,12,892.9,74.4,0.0893,0.5310,LGL BW / ALKIS Gebäude
CRS3035RES100mN2724200E4188500,47.6176837,8.2390633,13,836.9,64.4,0.0837,0.5308,LGL BW / ALKIS Gebäude
CRS3035RES100mN2725000E4187900,47.6247525,8.2308421,14,768.5,54.9,0.0768,0.5306,LGL BW / ALKIS Gebäude
CRS3035RES100mN2731300E4179800,47.6796352,8.1211109,11,933.2,84.8,0.0933,0.5306,LGL BW / ALKIS Gebäude
CRS3035RES100mN2727800E4185700,47.6494666,8.2007198,12,888.0,74.0,0.0888,0.5298,LGL BW / ALKIS Gebäude
CRS3035RES100mN2725100E4193900,47.6269140,8.3105692,9,1132.3,125.8,0.1132,0.5293,LGL BW / ALKIS Gebäude
CRS3035RES100mN2730600E4190600,47.6757110,8.2650365,12,883.6,73.6,0.0884,0.5286,LGL BW / ALKIS Gebäude
CRS3035RES100mN2720100E4178000,47.5784596,8.1008748,10,949.5,95.0,0.0950,0.5274,LGL BW / ALKIS Gebäude
CRS3035RES100mN2719100E4198400,47.5738366,8.3720937,12,876.3,73.0,0.0876,0.5268,LGL BW / ALKIS Gebäude
CRS3035RES100mN2724000E4179300,47.6138459,8.1168592,11,917.9,83.4,0.0918,0.5264,LGL BW / ALKIS Gebäude
CRS3035RES100mN2721100E4178800,47.5876407,8.1111698,10,941.7,94.2,0.0942,0.5251,LGL BW / ALKIS Gebäude
CRS3035RES100mN2726000E4184300,47.6329644,8.1826728,9,1084.6,120.5,0.1085,0.5249,LGL BW / ALKIS Gebäude
CRS3035RES100mN2728800E4197900,47.6610132,8.3626859,14,743.2,53.1,0.0743,0.5246,LGL BW / ALKIS Gebäude
CRS3035RES100mN2726200E4191300,47.6362713,8.2756760,8,1346.5,168.3,0.1347,0.5240,LGL BW / ALKIS Gebäude
CRS3035RES100mN2728500E4188700,47.6564137,8.2404014,12,863.0,71.9,0.0863,0.5233,LGL BW / ALKIS Gebäude
CRS3035RES100mN2727900E4197700,47.6528757,8.3602832,10,935.6,93.6,0.0936,0.5233,LGL BW / ALKIS Gebäude
CRS3035RES100mN2730100E4178500,47.6685411,8.1042104,8,1329.7,166.2,0.1330,0.5225,LGL BW / ALKIS Gebäude
CRS3035RES100mN2726200E4191200,47.6362503,8.2743464,8,1321.7,165.2,0.1322,0.5217,LGL BW / ALKIS Gebäude
CRS3035RES100mN2725600E4191300,47.6308730,8.2758565,4,3002.3,750.6,0.3002,0.5203,LGL BW / ALKIS Gebäude
CRS3035RES100mN2722700E4183500,47.6030974,8.1730892,8,1304.6,163.1,0.1305,0.5202,LGL BW / ALKIS Gebäude
CRS3035RES100mN2726000E4191800,47.6345765,8.2823838,6,1847.3,307.9,0.1847,0.5201,LGL BW / ALKIS Gebäude
CRS3035RES100mN2725100E4181500,47.6242422,8.1457401,9,1029.1,114.3,0.1029,0.5198,LGL BW / ALKIS Gebäude
CRS3035RES100mN2725100E4186200,47.6252842,8.2082138,9,1021.4,113.5,0.1021,0.5191,LGL BW / ALKIS Gebäude
CRS3035RES100mN2728400E4189700,47.6557272,8.2537326,10,921.4,92.1,0.0921,0.5191,LGL BW / ALKIS Gebäude
CRS3035RES100mN2722900E4183100,47.6048078,8.1677107,11,887.6,80.7,0.0888,0.5181,LGL BW / ALKIS Gebäude
CRS3035RES100mN2731100E4182100,47.6783572,8.1517801,10,913.0,91.3,0.0913,0.5167,LGL BW / ALKIS Gebäude
CRS3035RES100mN2726800E4189600,47.6413107,8.2528907,13,777.3,59.8,0.0777,0.5162,LGL BW / ALKIS Gebäude
CRS3035RES100mN2727100E4189600,47.6440098,8.2527992,11,879.4,79.9,0.0879,0.5159,LGL BW / ALKIS Gebäude
CRS3035RES100mN2721900E4195200,47.5983880,8.3287835,11,873.2,79.4,0.0873,0.5142,LGL BW / ALKIS Gebäude
CRS3035RES100mN2724800E4185800,47.6224978,8.2029908,9,966.7,107.4,0.0967,0.5140,LGL BW / ALKIS Gebäude
CRS3035RES100mN2726900E4189700,47.6422316,8.2541899,11,871.0,79.2,0.0871,0.5136,LGL BW / ALKIS Gebäude
CRS3035RES100mN2727900E4193600,47.6520445,8.3057534,9,945.7,105.1,0.0946,0.5121,LGL BW / ALKIS Gebäude
CRS3035RES100mN2724300E4178100,47.6162689,8.1008128,11,864.3,78.6,0.0864,0.5117,LGL BW / ALKIS Gebäude
CRS3035RES100mN2722700E4178500,47.6019665,8.1066571,9,938.0,104.2,0.0938,0.5114,LGL BW / ALKIS Gebäude
CRS3035RES100mN2726400E4191100,47.6380287,8.2729566,14,681.9,48.7,0.0682,0.5102,LGL BW / ALKIS Gebäude
CRS3035RES100mN2719000E4198400,47.5729368,8.3721220,13,749.1,57.6,0.0749,0.5092,LGL BW / ALKIS Gebäude
CRS3035RES100mN2726400E4182400,47.6361403,8.1572850,9,914.2,101.6,0.0914,0.5092,LGL BW / ALKIS Gebäude
CRS3035RES100mN2724900E4186000,47.6234412,8.2056179,9,909.5,101.1,0.0909,0.5088,LGL BW / ALKIS Gebäude
CRS3035RES100mN2720700E4178800,47.5840419,8.1113015,9,904.7,100.5,0.0905,0.5083,LGL BW / ALKIS Gebäude
CRS3035RES100mN2726000E4193100,47.6348467,8.2996676,11,849.1,77.2,0.0849,0.5076,LGL BW / ALKIS Gebäude
CRS3035RES100mN2727300E4180400,47.6437859,8.1304012,7,1434.4,204.9,0.1434,0.5071,LGL BW / ALKIS Gebäude
CRS3035RES100mN2727100E4188700,47.6438179,8.2408315,10,880.1,88.0,0.0880,0.5071,LGL BW / ALKIS Gebäude
CRS3035RES100mN2724000E4195100,47.6172623,8.3268423,11,843.6,76.7,0.0844,0.5061,LGL BW / ALKIS Gebäude
CRS3035RES100mN2730900E4182200,47.6765804,8.1531752,11,842.4,76.6,0.0842,0.5057,LGL BW / ALKIS Gebäude
CRS3035RES100mN2728300E4198200,47.6565742,8.3668192,12,791.2,65.9,0.0791,0.5047,LGL BW / ALKIS Gebäude
CRS3035RES100mN2727800E4198000,47.6520358,8.3643018,10,871.0,87.1,0.0871,0.5044,LGL BW / ALKIS Gebäude
CRS3035RES100mN2725200E4186400,47.6262274,8.2108411,9,887.0,98.6,0.0887,0.5038,LGL BW / ALKIS Gebäude
CRS3035RES100mN2729700E4194900,47.6685060,8.3225158,10,866.9,86.7,0.0867,0.5032,LGL BW / ALKIS Gebäude
CRS3035RES100mN2725500E4194100,47.6305540,8.3131101,4,2610.8,652.7,0.2611,0.5026,LGL BW / ALKIS Gebäude
CRS3035RES100mN2732300E4181800,47.6890855,8.1473998,11,825.4,75.0,0.0825,0.5011,LGL BW / ALKIS Gebäude
CRS3035RES100mN2725700E4184200,47.6302433,8.1814386,11,825.0,75.0,0.0825,0.5010,LGL BW / ALKIS Gebäude
CRS3035RES100mN2718900E4198800,47.5721161,8.3774622,7,1364.0,194.9,0.1364,0.5006,LGL BW / ALKIS Gebäude
CRS3035RES100mN2724700E4188000,47.6220749,8.2322639,11,821.6,74.7,0.0822,0.5001,LGL BW / ALKIS Gebäude
CRS3035RES100mN2721600E4180200,47.5924590,8.1296024,8,1078.4,134.8,0.1078,0.4993,LGL BW / ALKIS Gebäude
CRS3035RES100mN2728800E4181600,47.6575525,8.1458722,8,1061.7,132.7,0.1062,0.4978,LGL BW / ALKIS Gebäude
CRS3035RES100mN2727100E4196500,47.6454374,8.3445543,13,700.6,53.9,0.0701,0.4973,LGL BW / ALKIS Gebäude
CRS3035RES100mN2723900E4183500,47.6138937,8.1727069,9,865.6,96.2,0.0866,0.4971,LGL BW / ALKIS Gebäude
CRS3035RES100mN2722300E4181400,47.5990286,8.1453168,11,810.2,73.7,0.0810,0.4969,LGL BW / ALKIS Gebäude
CRS3035RES100mN2722700E4178200,47.6018974,8.1026713,9,861.8,95.8,0.0862,0.4959,LGL BW / ALKIS Gebäude
CRS3035RES100mN2727600E4183600,47.6472042,8.1728565,10,839.4,83.9,0.0839,0.4952,LGL BW / ALKIS Gebäude
CRS3035RES100mN2724400E4184700,47.6186577,8.1884963,10,838.5,83.8,0.0838,0.4949,LGL BW / ALKIS Gebäude
CRS3035RES100mN2724100E4190800,47.6172722,8.2696623,14,612.2,43.7,0.0612,0.4938,LGL BW / ALKIS Gebäude
CRS3035RES100mN2721500E4194600,47.5946668,8.3209290,11,798.5,72.6,0.0798,0.4937,LGL BW / ALKIS Gebäude
CRS3035RES100mN2720800E4193100,47.5880605,8.3012088,11,797.9,72.5,0.0798,0.4936,LGL BW / ALKIS Gebäude
CRS3035RES100mN2730900E4188800,47.6780276,8.2409942,8,1009.0,126.1,0.1009,0.4929,LGL BW / ALKIS Gebäude
CRS3035RES100mN2724900E4185300,47.6232880,8.1963135,8,997.3,124.7,0.0997,0.4919,LGL BW / ALKIS Gebäude
CRS3035RES100mN2730700E4182900,47.6749379,8.1625533,10,827.5,82.8,0.0828,0.4917,LGL BW / ALKIS Gebäude
CRS3035RES100mN2723400E4187500,47.6102711,8.2260203,13,676.2,52.0,0.0676,0.4913,LGL BW / ALKIS Gebäude
CRS3035RES100mN2727700E4189100,47.6493016,8.2459667,9,842.7,93.6,0.0843,0.4899,LGL BW / ALKIS Gebäude
CRS3035RES100mN2723500E4193000,47.6123328,8.2990801,12,726.0,60.5,0.0726,0.4879,LGL BW / ALKIS Gebäude
CRS3035RES100mN2727300E4189300,47.6457454,8.2487488,8,922.7,115.3,0.0923,0.4850,LGL BW / ALKIS Gebäude
CRS3035RES100mN2731100E4182400,47.6784246,8.1557719,9,826.3,91.8,0.0826,0.4847,LGL BW / ALKIS Gebäude
CRS3035RES100mN2726500E4192300,47.6391793,8.2888820,8,915.6,114.5,0.0916,0.4843,LGL BW / ALKIS Gebäude
CRS3035RES100mN2729400E4199200,47.6666691,8.3798091,8,909.5,113.7,0.0910,0.4838,LGL BW / ALKIS Gebäude
CRS3035RES100mN2722700E4178300,47.6019204,8.1039999,8,907.7,113.5,0.0908,0.4836,LGL BW / ALKIS Gebäude
CRS3035RES100mN2721300E4198000,47.5935521,8.3661555,10,794.7,79.5,0.0795,0.4821,LGL BW / ALKIS Gebäude
CRS3035RES100mN2719000E4198900,47.5730356,8.3787619,8,889.0,111.1,0.0889,0.4819,LGL BW / ALKIS Gebäude
CRS3035RES100mN2726200E4186300,47.6352026,8.2091993,9,816.5,90.7,0.0816,0.4816,LGL BW / ALKIS Gebäude
CRS3035RES100mN2727700E4188900,47.6492589,8.2433070,8,886.4,110.8,0.0886,0.4816,LGL BW / ALKIS Gebäude
CRS3035RES100mN2728400E4185300,47.6547770,8.1952113,10,792.7,79.3,0.0793,0.4815,LGL BW / ALKIS Gebäude
CRS3035RES100mN2721600E4180100,47.5924363,8.1282740,8,876.3,109.5,0.0876,0.4807,LGL BW / ALKIS Gebäude
CRS3035RES100mN2724800E4187100,47.6227805,8.2202702,7,1146.7,163.8,0.1147,0.4806,LGL BW / ALKIS Gebäude
CRS3035RES100mN2718900E4195300,47.5714157,8.3309848,10,789.1,78.9,0.0789,0.4805,LGL BW / ALKIS Gebäude
CRS3035RES100mN2725800E4193700,47.6331710,8.3077038,13,631.5,48.6,0.0631,0.4803,LGL BW / ALKIS Gebäude
CRS3035RES100mN2724300E4190500,47.6190084,8.2656146,7,1140.0,162.9,0.1140,0.4800,LGL BW / ALKIS Gebäude
CRS3035RES100mN2731400E4194000,47.6836167,8.3100403,10,786.0,78.6,0.0786,0.4796,LGL BW / ALKIS Gebäude
CRS3035RES100mN2730600E4182800,47.6740159,8.1612550,8,861.4,107.7,0.0861,0.4793,LGL BW / ALKIS Gebäude
CRS3035RES100mN2726200E4183900,47.6346753,8.1772914,8,856.4,107.0,0.0856,0.4789,LGL BW / ALKIS Gebäude
CRS3035RES100mN2724300E4190600,47.6190295,8.2669437,10,783.2,78.3,0.0783,0.4788,LGL BW / ALKIS Gebäude
CRS3035RES100mN2729000E4181500,47.6593293,8.1444773,11,741.0,67.4,0.0741,0.4780,LGL BW / ALKIS Gebäude
CRS3035RES100mN2728300E4198400,47.6566139,8.3694794,8,833.3,104.2,0.0833,0.4767,LGL BW / ALKIS Gebäude
CRS3035RES100mN2722200E4180500,47.5979253,8.1333923,9,799.8,88.9,0.0800,0.4764,LGL BW / ALKIS Gebäude
CRS3035RES100mN2727300E4180100,47.6437176,8.1264121,7,1094.2,156.3,0.1094,0.4758,LGL BW / ALKIS Gebäude
CRS3035RES100mN2728700E4197800,47.6600935,8.3613843,11,731.1,66.5,0.0731,0.4753,LGL BW / ALKIS Gebäude
CRS3035RES100mN2727100E4197000,47.6455379,8.3512034,6,1360.9,226.8,0.1361,0.4753,LGL BW / ALKIS Gebäude
CRS3035RES100mN2724700E4194600,47.6234585,8.3199917,8,816.4,102.1,0.0816,0.4752,LGL BW / ALKIS Gebäude
CRS3035RES100mN2727600E4180400,47.6464849,8.1303033,8,814.7,101.8,0.0815,0.4750,LGL BW / ALKIS Gebäude
CRS3035RES100mN2722100E4180400,47.5970029,8.1320964,12,674.8,56.2,0.0675,0.4746,LGL BW / ALKIS Gebäude
CRS3035RES100mN2731400E4193500,47.6835138,8.3033864,8,803.9,100.5,0.0804,0.4740,LGL BW / ALKIS Gebäude
CRS3035RES100mN2724900E4193600,47.6250529,8.3066403,10,764.9,76.5,0.0765,0.4734,LGL BW / ALKIS Gebäude
CRS3035RES100mN2719000E4198500,47.5729566,8.3734500,12,668.9,55.7,0.0669,0.4731,LGL BW / ALKIS Gebäude
CRS3035RES100mN2729400E4198600,47.6665506,8.3718268,6,1326.2,221.0,0.1326,0.4721,LGL BW / ALKIS Gebäude
CRS3035RES100mN2726900E4192200,47.6427574,8.2874328,9,783.0,87.0,0.0783,0.4711,LGL BW / ALKIS Gebäude
CRS3035RES100mN2727400E4180600,47.6447310,8.1330281,10,756.5,75.7,0.0757,0.4710,LGL BW / ALKIS Gebäude
CRS3035RES100mN2727800E4197800,47.6519959,8.3616418,10,753.8,75.4,0.0754,0.4702,LGL BW / ALKIS Gebäude
CRS3035RES100mN2721200E4193400,47.5917214,8.3050757,10,749.5,75.0,0.0750,0.4689,LGL BW / ALKIS Gebäude
CRS3035RES100mN2727500E4189100,47.6475022,8.2460280,11,702.4,63.9,0.0702,0.4674,LGL BW / ALKIS Gebäude
CRS3035RES100mN2722600E4196500,47.6049491,8.3458535,9,767.3,85.3,0.0767,0.4662,LGL BW / ALKIS Gebäude
CRS3035RES100mN2722800E4193200,47.6060760,8.3019452,7,986.7,141.0,0.0987,0.4659,LGL BW / ALKIS Gebäude
CRS3035RES100mN2726300E4182400,47.6352406,8.1573171,7,970.0,138.6,0.0970,0.4643,LGL BW / ALKIS Gebäude
CRS3035RES100mN2728300E4185400,47.6538993,8.1965728,9,755.1,83.9,0.0755,0.4624,LGL BW / ALKIS Gebäude
CRS3035RES100mN2727800E4188900,47.6501586,8.2432763,10,726.5,72.7,0.0727,0.4622,LGL BW / ALKIS Gebäude
CRS3035RES100mN2720000E4178100,47.5775830,8.1022359,8,765.5,95.7,0.0766,0.4619,LGL BW / ALKIS Gebäude
CRS3035RES100mN2725800E4191100,47.6326304,8.2731374,7,934.8,133.5,0.0935,0.4611,LGL BW / ALKIS Gebäude
CRS3035RES100mN2728400E4189600,47.6557059,8.2524026,8,763.0,95.4,0.0763,0.4610,LGL BW / ALKIS Gebäude
CRS3035RES100mN2726500E4192100,47.6391377,8.2862228,8,760.1,95.0,0.0760,0.4600,LGL BW / ALKIS Gebäude
CRS3035RES100mN2721000E4193400,47.5899219,8.3051347,10,717.9,71.8,0.0718,0.4597,LGL BW / ALKIS Gebäude
CRS3035RES100mN2730200E4178300,47.6693946,8.1015165,7,898.2,128.3,0.0898,0.4577,LGL BW / ALKIS Gebäude
CRS3035RES100mN2728300E4185300,47.6538774,8.1952428,9,734.4,81.6,0.0734,0.4558,LGL BW / ALKIS Gebäude
CRS3035RES100mN2728600E4198000,47.6592336,8.3640732,7,873.9,124.8,0.0874,0.4555,LGL BW / ALKIS Gebäude
CRS3035RES100mN2727400E4189300,47.6466451,8.2487182,7,871.0,124.4,0.0871,0.4552,LGL BW / ALKIS Gebäude
CRS3035RES100mN2731000E4185700,47.6782563,8.1997139,7,866.2,123.7,0.0866,0.4548,LGL BW / ALKIS Gebäude
CRS3035RES100mN2723800E4183300,47.6129496,8.1700809,10,700.6,70.1,0.0701,0.4547,LGL BW / ALKIS Gebäude
CRS3035RES100mN2725700E4190800,47.6316677,8.2691793,11,653.5,59.4,0.0653,0.4540,LGL BW / ALKIS Gebäude
CRS3035RES100mN2732100E4178800,47.6866030,8.1075401,7,854.7,122.1,0.0855,0.4537,LGL BW / ALKIS Gebäude
CRS3035RES100mN2723800E4183500,47.6129940,8.1727388,9,726.9,80.8,0.0727,0.4535,LGL BW / ALKIS Gebäude
CRS3035RES100mN2720600E4178600,47.5830963,8.1086781,7,843.2,120.5,0.0843,0.4527,LGL BW / ALKIS Gebäude
CRS3035RES100mN2727200E4189400,47.6448670,8.2501092,9,723.8,80.4,0.0724,0.4525,LGL BW / ALKIS Gebäude
CRS3035RES100mN2727700E4196700,47.6508761,8.3470408,10,688.1,68.8,0.0688,0.4510,LGL BW / ALKIS Gebäude
CRS3035RES100mN2728800E4182000,47.6576426,8.1511925,7,804.6,114.9,0.0805,0.4491,LGL BW / ALKIS Gebäude
CRS3035RES100mN2723200E4183500,47.6075959,8.1729299,10,679.7,68.0,0.0680,0.4485,LGL BW / ALKIS Gebäude
CRS3035RES100mN2725400E4181900,47.6270313,8.1509601,9,708.2,78.7,0.0708,0.4476,LGL BW / ALKIS Gebäude
CRS3035RES100mN2724500E4187400,47.6201463,8.2243508,8,717.4,89.7,0.0717,0.4454,LGL BW / ALKIS Gebäude
CRS3035RES100mN2724400E4190600,47.6199292,8.2669135,7,756.4,108.1,0.0756,0.4447,LGL BW / ALKIS Gebäude
CRS3035RES100mN2721200E4193100,47.5916595,8.3010904,9,696.4,77.4,0.0696,0.4439,LGL BW / ALKIS Gebäude
CRS3035RES100mN2725400E4184200,47.6275442,8.1815338,10,662.5,66.2,0.0662,0.4435,LGL BW / ALKIS Gebäude
CRS3035RES100mN2730400E4199000,47.6756270,8.3768648,7,737.3,105.3,0.0737,0.4429,LGL BW / ALKIS Gebäude
CRS3035RES100mN2726500E4192000,47.6391168,8.2848931,6,1002.5,167.1,0.1003,0.4423,LGL BW / ALKIS Gebäude
CRS3035RES100mN2723600E4188100,47.6121996,8.2339319,11,609.8,55.4,0.0610,0.4420,LGL BW / ALKIS Gebäude
CRS3035RES100mN2720900E4179200,47.5859330,8.1165485,9,688.5,76.5,0.0689,0.4414,LGL BW / ALKIS Gebäude
CRS3035RES100mN2730900E4181900,47.6765129,8.1491836,10,654.7,65.5,0.0655,0.4412,LGL BW / ALKIS Gebäude
CRS3035RES100mN2728800E4198200,47.6610729,8.3666765,7,712.1,101.7,0.0712,0.4406,LGL BW / ALKIS Gebäude
CRS3035RES100mN2730600E4184000,47.6742831,8.1772209,8,701.7,87.7,0.0702,0.4401,LGL BW / ALKIS Gebäude
CRS3035RES100mN2730900E4188900,47.6780490,8.2423248,7,703.8,100.5,0.0704,0.4398,LGL BW / ALKIS Gebäude
CRS3035RES100mN2723700E4187600,47.6129918,8.2272564,6,973.9,162.3,0.0974,0.4397,LGL BW / ALKIS Gebäude
CRS3035RES100mN2728800E4182100,47.6576651,8.1525225,7,700.4,100.1,0.0700,0.4395,LGL BW / ALKIS Gebäude
CRS3035RES100mN2724300E4190400,47.6189873,8.2642855,11,599.8,54.5,0.0600,0.4393,LGL BW / ALKIS Gebäude
CRS3035RES100mN2725000E4183800,47.6238569,8.1763438,9,681.2,75.7,0.0681,0.4391,LGL BW / ALKIS Gebäude
CRS3035RES100mN2723000E4187500,47.6066722,8.2261440,6,962.6,160.4,0.0963,0.4387,LGL BW / ALKIS Gebäude
CRS3035RES100mN2724100E4195400,47.6182230,8.3308004,8,696.0,87.0,0.0696,0.4381,LGL BW / ALKIS Gebäude
CRS3035RES100mN2720900E4178300,47.5857263,8.1045946,11,593.5,54.0,0.0593,0.4376,LGL BW / ALKIS Gebäude
CRS3035RES100mN2721600E4180500,47.5925272,8.1335876,8,687.3,85.9,0.0687,0.4351,LGL BW / ALKIS Gebäude
CRS3035RES100mN2728700E4198500,47.6602326,8.3706957,9,668.1,74.2,0.0668,0.4350,LGL BW / ALKIS Gebäude
CRS3035RES100mN2732200E4189900,47.6899579,8.2552347,10,633.3,63.3,0.0633,0.4350,LGL BW / ALKIS Gebäude
CRS3035RES100mN2726700E4192400,47.6409995,8.2901520,9,666.8,74.1,0.0667,0.4346,LGL BW / ALKIS Gebäude
CRS3035RES100mN2721500E4194400,47.5946259,8.3182720,9,663.0,73.7,0.0663,0.4334,LGL BW / ALKIS Gebäude
CRS3035RES100mN2725500E4184200,47.6284439,8.1815020,9,662.6,73.6,0.0663,0.4333,LGL BW / ALKIS Gebäude
CRS3035RES100mN2726400E4191300,47.6380707,8.2756158,6,903.2,150.5,0.0903,0.4332,LGL BW / ALKIS Gebäude
CRS3035RES100mN2727400E4180400,47.6446855,8.1303686,6,903.8,150.6,0.0904,0.4332,LGL BW / ALKIS Gebäude
CRS3035RES100mN2728000E4193600,47.6529443,8.3057238,10,626.7,62.7,0.0627,0.4331,LGL BW / ALKIS Gebäude
CRS3035RES100mN2724700E4184800,47.6213788,8.1897307,8,681.0,85.1,0.0681,0.4330,LGL BW / ALKIS Gebäude
CRS3035RES100mN2731200E4182200,47.6792793,8.1530784,8,680.9,85.1,0.0681,0.4329,LGL BW / ALKIS Gebäude
CRS3035RES100mN2725800E4184200,47.6311430,8.1814068,8,680.2,85.0,0.0680,0.4327,LGL BW / ALKIS Gebäude
CRS3035RES100mN2722900E4181500,47.6044493,8.1464514,9,657.3,73.0,0.0657,0.4316,LGL BW / ALKIS Gebäude
CRS3035RES100mN2728800E4181300,47.6574848,8.1418820,8,675.9,84.5,0.0676,0.4312,LGL BW / ALKIS Gebäude
CRS3035RES100mN2726700E4189600,47.6404110,8.2529212,6,871.5,145.2,0.0871,0.4303,LGL BW / ALKIS Gebäude
CRS3035RES100mN2720800E4179100,47.5850104,8.1152531,7,675.1,96.4,0.0675,0.4301,LGL BW / ALKIS Gebäude
CRS3035RES100mN2729300E4198500,47.6656310,8.3705249,7,674.5,96.4,0.0674,0.4298,LGL BW / ALKIS Gebäude
CRS3035RES100mN2726600E4188700,47.6393194,8.2409850,9,649.6,72.2,0.0650,0.4292,LGL BW / ALKIS Gebäude
CRS3035RES100mN2727300E4197600,47.6474574,8.3591250,6,835.3,139.2,0.0835,0.4269,LGL BW / ALKIS Gebäude
CRS3035RES100mN2730800E4185000,47.6763033,8.1904628,6,822.9,137.2,0.0823,0.4258,LGL BW / ALKIS Gebäude
CRS3035RES100mN2725000E4190600,47.6253275,8.2667321,7,659.6,94.2,0.0660,0.4242,LGL BW / ALKIS Gebäude
CRS3035RES100mN2723900E4195500,47.6164438,8.3321877,7,656.8,93.8,0.0657,0.4232,LGL BW / ALKIS Gebäude
CRS3035RES100mN2721300E4194600,47.5928673,8.3209875,11,538.7,49.0,0.0539,0.4226,LGL BW / ALKIS Gebäude
CRS3035RES100mN2728000E4197200,47.6536756,8.3536043,8,647.9,81.0,0.0648,0.4217,LGL BW / ALKIS Gebäude
CRS3035RES100mN2726500E4188700,47.6384197,8.2410157,9,623.7,69.3,0.0624,0.4211,LGL BW / ALKIS Gebäude
CRS3035RES100mN2723700E4179200,47.6111240,8.1156289,7,647.4,92.5,0.0647,0.4196,LGL BW / ALKIS Gebäude
CRS3035RES100mN2730600E4188900,47.6753499,8.2424169,7,647.2,92.5,0.0647,0.4195,LGL BW / ALKIS Gebäude
CRS3035RES100mN2725500E4190300,47.6297628,8.2625927,6,748.5,124.7,0.0748,0.4189,LGL BW / ALKIS Gebäude
CRS3035RES100mN2724000E4192700,47.6167693,8.2949445,8,639.8,80.0,0.0640,0.4189,LGL BW / ALKIS Gebäude
CRS3035RES100mN2727100E4197700,47.6456779,8.3605122,10,577.4,57.7,0.0577,0.4187,LGL BW / ALKIS Gebäude
CRS3035RES100mN2724400E4187600,47.6192897,8.2270399,11,523.1,47.6,0.0523,0.4183,LGL BW / ALKIS Gebäude
CRS3035RES100mN2729700E4199200,47.6693683,8.3797242,8,636.8,79.6,0.0637,0.4178,LGL BW / ALKIS Gebäude
CRS3035RES100mN2729400E4199100,47.6666494,8.3784787,8,633.8,79.2,0.0634,0.4168,LGL BW / ALKIS Gebäude
CRS3035RES100mN2725500E4186600,47.6289700,8.2134061,7,639.2,91.3,0.0639,0.4165,LGL BW / ALKIS Gebäude
CRS3035RES100mN2727300E4183300,47.6444384,8.1689630,6,718.4,119.7,0.0718,0.4162,LGL BW / ALKIS Gebäude
CRS3035RES100mN2726800E4191900,47.6417951,8.2834736,6,711.2,118.5,0.0711,0.4155,LGL BW / ALKIS Gebäude
CRS3035RES100mN2724300E4187600,47.6183900,8.2270709,5,960.3,192.1,0.0960,0.4134,LGL BW / ALKIS Gebäude
CRS3035RES100mN2723700E4195600,47.6146646,8.3335749,6,687.3,114.6,0.0687,0.4133,LGL BW / ALKIS Gebäude
CRS3035RES100mN2729400E4186700,47.6640796,8.2135195,8,621.9,77.7,0.0622,0.4128,LGL BW / ALKIS Gebäude
CRS3035RES100mN2726400E4191700,47.6381545,8.2809342,8,621.7,77.7,0.0622,0.4127,LGL BW / ALKIS Gebäude
CRS3035RES100mN2725300E4187100,47.6272790,8.2201150,9,596.0,66.2,0.0596,0.4123,LGL BW / ALKIS Gebäude
CRS3035RES100mN2726900E4192400,47.6427990,8.2900923,7,627.7,89.7,0.0628,0.4122,LGL BW / ALKIS Gebäude
CRS3035RES100mN2725100E4185900,47.6252187,8.2042260,8,619.7,77.5,0.0620,0.4120,LGL BW / ALKIS Gebäude
CRS3035RES100mN2719400E4198800,47.5766149,8.3773208,8,618.8,77.3,0.0619,0.4117,LGL BW / ALKIS Gebäude
CRS3035RES100mN2722100E4196400,47.6004302,8.3446690,7,622.6,88.9,0.0623,0.4102,LGL BW / ALKIS Gebäude
CRS3035RES100mN2728000E4180200,47.6500380,8.1275130,8,613.0,76.6,0.0613,0.4097,LGL BW / ALKIS Gebäude
CRS3035RES100mN2725000E4195400,47.6263206,8.3305383,9,583.1,64.8,0.0583,0.4083,LGL BW / ALKIS Gebäude
CRS3035RES100mN2724800E4188100,47.6229961,8.2335622,7,616.7,88.1,0.0617,0.4080,LGL BW / ALKIS Gebäude
CRS3035RES100mN2730100E4178400,47.6685180,8.1028800,5,899.6,179.9,0.0900,0.4079,LGL BW / ALKIS Gebäude
CRS3035RES100mN2727700E4196400,47.6508157,8.3430509,6,625.9,104.3,0.0626,0.4076,LGL BW / ALKIS Gebäude
CRS3035RES100mN2724700E4184700,47.6213568,8.1884015,9,580.4,64.5,0.0580,0.4074,LGL BW / ALKIS Gebäude
CRS3035RES100mN2731200E4182300,47.6793018,8.1544090,6,619.2,103.2,0.0619,0.4070,LGL BW / ALKIS Gebäude
CRS3035RES100mN2728700E4182100,47.6567654,8.1525548,6,616.1,102.7,0.0616,0.4067,LGL BW / ALKIS Gebäude
CRS3035RES100mN2726400E4184100,47.6365189,8.1798869,6,613.7,102.3,0.0614,0.4065,LGL BW / ALKIS Gebäude
CRS3035RES100mN2724900E4185200,47.6232661,8.1949843,7,599.4,85.6,0.0599,0.4015,LGL BW / ALKIS Gebäude
CRS3035RES100mN2726800E4197900,47.6430185,8.3632575,9,559.8,62.2,0.0560,0.4010,LGL BW / ALKIS Gebäude
CRS3035RES100mN2724200E4188600,47.6177051,8.2403924,11,455.8,41.4,0.0456,0.3999,LGL BW / ALKIS Gebäude
CRS3035RES100mN2730600E4183800,47.6742387,8.1745599,8,582.0,72.7,0.0582,0.3991,LGL BW / ALKIS Gebäude
CRS3035RES100mN2719200E4195400,47.5741353,8.3322256,8,581.0,72.6,0.0581,0.3988,LGL BW / ALKIS Gebäude
CRS3035RES100mN2724800E4195200,47.6244805,8.3279380,7,591.7,84.5,0.0592,0.3986,LGL BW / ALKIS Gebäude
CRS3035RES100mN2726700E4189700,47.6404322,8.2542509,7,590.9,84.4,0.0591,0.3982,LGL BW / ALKIS Gebäude
CRS3035RES100mN2727000E4192200,47.6436571,8.2874029,9,550.5,61.2,0.0550,0.3980,LGL BW / ALKIS Gebäude
CRS3035RES100mN2729900E4194900,47.6703054,8.3224572,8,575.4,71.9,0.0575,0.3968,LGL BW / ALKIS Gebäude
CRS3035RES100mN2728200E4198200,47.6556745,8.3668477,9,545.8,60.6,0.0546,0.3965,LGL BW / ALKIS Gebäude
CRS3035RES100mN2728900E4188900,47.6600552,8.2429388,8,573.2,71.6,0.0573,0.3961,LGL BW / ALKIS Gebäude
CRS3035RES100mN2727400E4180200,47.6446400,8.1277092,6,577.0,96.2,0.0577,0.3955,LGL BW / ALKIS Gebäude
CRS3035RES100mN2725300E4181900,47.6261317,8.1509924,7,583.4,83.3,0.0583,0.3954,LGL BW / ALKIS Gebäude
CRS3035RES100mN2724600E4184600,47.6204350,8.1871040,6,575.5,95.9,0.0575,0.3948,LGL BW / ALKIS Gebäude
CRS3035RES100mN2722200E4196700,47.6013903,8.3486262,7,579.5,82.8,0.0580,0.3940,LGL BW / ALKIS Gebäude
CRS3035RES100mN2722900E4193000,47.6069344,8.2992580,8,566.5,70.8,0.0566,0.3938,LGL BW / ALKIS Gebäude
CRS3035RES100mN2727900E4180500,47.6492066,8.1315352,8,565.9,70.7,0.0566,0.3936,LGL BW / ALKIS Gebäude
CRS3035RES100mN2731000E4182400,47.6775249,8.1558041,7,577.0,82.4,0.0577,0.3930,LGL BW / ALKIS Gebäude
CRS3035RES100mN2724100E4194900,47.6181213,8.3241549,9,531.4,59.0,0.0531,0.3920,LGL BW / ALKIS Gebäude
CRS3035RES100mN2726300E4184200,47.6356414,8.1812482,5,724.1,144.8,0.0724,0.3917,LGL BW / ALKIS Gebäude
CRS3035RES100mN2726900E4197700,47.6438784,8.3605694,9,523.6,58.2,0.0524,0.3896,LGL BW / ALKIS Gebäude
CRS3035RES100mN2725500E4182600,47.6280880,8.1602330,6,559.6,93.3,0.0560,0.3881,LGL BW / ALKIS Gebäude
CRS3035RES100mN2730800E4183500,47.6759713,8.1705045,7,558.5,79.8,0.0558,0.3860,LGL BW / ALKIS Gebäude
CRS3035RES100mN2720200E4178100,47.5793824,8.1021697,9,509.1,56.6,0.0509,0.3850,LGL BW / ALKIS Gebäude
CRS3035RES100mN2720900E4193000,47.5889396,8.2998509,7,552.0,78.9,0.0552,0.3836,LGL BW / ALKIS Gebäude
CRS3035RES100mN2726200E4197400,47.6375203,8.3567809,8,534.9,66.9,0.0535,0.3830,LGL BW / ALKIS Gebäude
CRS3035RES100mN2723500E4188200,47.6113214,8.2352916,5,622.9,124.6,0.0623,0.3824,LGL BW / ALKIS Gebäude
CRS3035RES100mN2730900E4183100,47.6767819,8.1651503,7,543.3,77.6,0.0543,0.3803,LGL BW / ALKIS Gebäude
CRS3035RES100mN2728300E4193900,47.6557052,8.3096252,4,866.5,216.6,0.0867,0.3798,LGL BW / ALKIS Gebäude
CRS3035RES100mN2726100E4186300,47.6343029,8.2092306,8,522.6,65.3,0.0523,0.3788,LGL BW / ALKIS Gebäude
CRS3035RES100mN2725700E4191500,47.6318146,8.2784853,7,538.8,77.0,0.0539,0.3786,LGL BW / ALKIS Gebäude
CRS3035RES100mN2724100E4190500,47.6172090,8.2656751,10,439.9,44.0,0.0440,0.3785,LGL BW / ALKIS Gebäude
CRS3035RES100mN2724900E4179100,47.6218971,8.1139053,5,570.7,114.1,0.0571,0.3776,LGL BW / ALKIS Gebäude
CRS3035RES100mN2726400E4188800,47.6375414,8.2423760,8,515.6,64.5,0.0516,0.3764,LGL BW / ALKIS Gebäude
CRS3035RES100mN2721600E4179800,47.5923679,8.1242889,9,477.1,53.0,0.0477,0.3750,LGL BW / ALKIS Gebäude
CRS3035RES100mN2728500E4197000,47.6581341,8.3508003,8,511.5,63.9,0.0511,0.3750,LGL BW / ALKIS Gebäude
CRS3035RES100mN2721300E4194500,47.5928469,8.3196591,5,534.8,107.0,0.0535,0.3743,LGL BW / ALKIS Gebäude
CRS3035RES100mN2725300E4180500,47.6258153,8.1323829,7,525.0,75.0,0.0525,0.3733,LGL BW / ALKIS Gebäude
CRS3035RES100mN2722400E4181100,47.5998606,8.1412987,5,516.7,103.3,0.0517,0.3726,LGL BW / ALKIS Gebäude
CRS3035RES100mN2726100E4193700,47.6358702,8.3076152,7,522.6,74.7,0.0523,0.3725,LGL BW / ALKIS Gebäude
CRS3035RES100mN2722900E4193300,47.6069964,8.3032444,5,514.3,102.9,0.0514,0.3724,LGL BW / ALKIS Gebäude
CRS3035RES100mN2728100E4185400,47.6520999,8.1966358,6,521.4,86.9,0.0521,0.3718,LGL BW / ALKIS Gebäude
CRS3035RES100mN2724500E4185200,47.6196673,8.1951102,10,415.6,41.6,0.0416,0.3714,LGL BW / ALKIS Gebäude
CRS3035RES100mN2725600E4186900,47.6299348,8.2173631,7,514.7,73.5,0.0515,0.3695,LGL BW / ALKIS Gebäude
CRS3035RES100mN2720500E4193800,47.5855055,8.3105955,5,496.5,99.3,0.0497,0.3693,LGL BW / ALKIS Gebäude
CRS3035RES100mN2721600E4194200,47.5954848,8.3155856,7,512.4,73.2,0.0512,0.3686,LGL BW / ALKIS Gebäude
CRS3035RES100mN2728100E4180400,47.6509832,8.1301401,8,492.0,61.5,0.0492,0.3683,LGL BW / ALKIS Gebäude
CRS3035RES100mN2730200E4178400,47.6694177,8.1028469,4,685.4,171.4,0.0685,0.3631,LGL BW / ALKIS Gebäude
CRS3035RES100mN2725400E4190100,47.6288208,8.2599643,3,938.9,313.0,0.0939,0.3615,LGL BW / ALKIS Gebäude
CRS3035RES100mN2727600E4197000,47.6500366,8.3510595,5,480.3,96.1,0.0480,0.3613,LGL BW / ALKIS Gebäude
CRS3035RES100mN2731300E4179700,47.6796123,8.1197802,5,479.7,95.9,0.0480,0.3611,LGL BW / ALKIS Gebäude
CRS3035RES100mN2719900E4178000,47.5766603,8.1009410,7,488.7,69.8,0.0489,0.3596,LGL BW / ALKIS Gebäude
CRS3035RES100mN2722800E4178300,47.6028201,8.1039668,6,492.3,82.0,0.0492,0.3594,LGL BW / ALKIS Gebäude
CRS3035RES100mN2724200E4178900,47.6155535,8.1114777,6,491.6,81.9,0.0492,0.3592,LGL BW / ALKIS Gebäude
CRS3035RES100mN2726200E4184100,47.6347196,8.1799504,6,491.4,81.9,0.0491,0.3591,LGL BW / ALKIS Gebäude
CRS3035RES100mN2721000E4178600,47.5866950,8.1085463,6,491.3,81.9,0.0491,0.3590,LGL BW / ALKIS Gebäude
CRS3035RES100mN2724800E4184400,47.6221903,8.1843824,4,640.1,160.0,0.0640,0.3590,LGL BW / ALKIS Gebäude
CRS3035RES100mN2724200E4184500,47.6168142,8.1859015,9,425.9,47.3,0.0426,0.3589,LGL BW / ALKIS Gebäude
CRS3035RES100mN2730000E4196700,47.6715698,8.3463766,3,908.3,302.8,0.0908,0.3587,LGL BW / ALKIS Gebäude
CRS3035RES100mN2720600E4193800,47.5864052,8.3105660,8,458.0,57.2,0.0458,0.3567,LGL BW / ALKIS Gebäude
CRS3035RES100mN2728900E4187200,47.6596896,8.2203262,3,848.4,282.8,0.0848,0.3531,LGL BW / ALKIS Gebäude
CRS3035RES100mN2726500E4192400,47.6392001,8.2902117,8,447.2,55.9,0.0447,0.3530,LGL BW / ALKIS Gebäude
CRS3035RES100mN2723800E4178800,47.6119319,8.1102805,7,469.7,67.1,0.0470,0.3525,LGL BW / ALKIS Gebäude
CRS3035RES100mN2724000E4190400,47.6162882,8.2643764,7,468.7,67.0,0.0469,0.3521,LGL BW / ALKIS Gebäude
CRS3035RES100mN2725200E4186500,47.6262492,8.2121704,6,472.4,78.7,0.0472,0.3510,LGL BW / ALKIS Gebäude
CRS3035RES100mN2724600E4187400,47.6210460,8.2243198,4,552.8,138.2,0.0553,0.3509,LGL BW / ALKIS Gebäude
CRS3035RES100mN2730600E4184800,47.6744599,8.1878650,4,549.2,137.3,0.0549,0.3506,LGL BW / ALKIS Gebäude
CRS3035RES100mN2725300E4190600,47.6280267,8.2666414,8,433.9,54.2,0.0434,0.3485,LGL BW / ALKIS Gebäude
CRS3035RES100mN2725600E4184300,47.6293657,8.1827997,5,451.3,90.3,0.0451,0.3471,LGL BW / ALKIS Gebäude
CRS3035RES100mN2726700E4197800,47.6420988,8.3619564,4,453.0,113.3,0.0453,0.3417,LGL BW / ALKIS Gebäude
CRS3035RES100mN2722900E4183000,47.6047855,8.1663819,8,412.9,51.6,0.0413,0.3413,LGL BW / ALKIS Gebäude
CRS3035RES100mN2729300E4198700,47.6656706,8.3731856,9,365.7,40.6,0.0366,0.3399,LGL BW / ALKIS Gebäude
CRS3035RES100mN2724900E4180500,47.6222166,8.1325133,4,410.6,102.6,0.0411,0.3378,LGL BW / ALKIS Gebäude
CRS3035RES100mN2725400E4181600,47.6269638,8.1469723,4,406.0,101.5,0.0406,0.3374,LGL BW / ALKIS Gebäude
CRS3035RES100mN2729300E4188800,47.6636326,8.2414858,8,401.1,50.1,0.0401,0.3372,LGL BW / ALKIS Gebäude
CRS3035RES100mN2730900E4182500,47.6766477,8.1571669,2,1005.8,502.9,0.1006,0.3328,LGL BW / ALKIS Gebäude
CRS3035RES100mN2729700E4199000,47.6693289,8.3770633,2,941.5,470.8,0.0942,0.3328,LGL BW / ALKIS Gebäude
CRS3035RES100mN2723100E4178200,47.6054960,8.1025389,6,428.6,71.4,0.0429,0.3324,LGL BW / ALKIS Gebäude
CRS3035RES100mN2723000E4183300,47.6057520,8.1703362,5,412.5,82.5,0.0412,0.3280,LGL BW / ALKIS Gebäude
CRS3035RES100mN2721900E4194600,47.5982658,8.3208119,6,405.1,67.5,0.0405,0.3223,LGL BW / ALKIS Gebäude
CRS3035RES100mN2726500E4192200,47.6391585,8.2875524,5,399.5,79.9,0.0400,0.3216,LGL BW / ALKIS Gebäude
CRS3035RES100mN2732300E4181600,47.6890404,8.1447380,3,501.2,167.1,0.0501,0.3212,LGL BW / ALKIS Gebäude
CRS3035RES100mN2723600E4192400,47.6131081,8.2910766,6,399.9,66.6,0.0400,0.3201,LGL BW / ALKIS Gebäude
CRS3035RES100mN2724000E4178800,47.6137312,8.1102146,6,398.0,66.3,0.0398,0.3193,LGL BW / ALKIS Gebäude
CRS3035RES100mN2723600E4192600,47.6131497,8.2937345,6,395.4,65.9,0.0395,0.3182,LGL BW / ALKIS Gebäude
CRS3035RES100mN2724900E4195400,47.6254209,8.3305675,7,378.3,54.0,0.0378,0.3179,LGL BW / ALKIS Gebäude
CRS3035RES100mN2726300E4192500,47.6374215,8.2916010,9,295.2,32.8,0.0295,0.3178,LGL BW / ALKIS Gebäude
CRS3035RES100mN2726700E4191200,47.6407489,8.2741958,6,393.2,65.5,0.0393,0.3173,LGL BW / ALKIS Gebäude
CRS3035RES100mN2726300E4184100,47.6356193,8.1799186,7,376.0,53.7,0.0376,0.3171,LGL BW / ALKIS Gebäude
CRS3035RES100mN2725500E4184300,47.6284660,8.1828314,5,387.8,77.6,0.0388,0.3159,LGL BW / ALKIS Gebäude
CRS3035RES100mN2731300E4186600,47.6811517,8.2115957,3,431.7,143.9,0.0432,0.3148,LGL BW / ALKIS Gebäude
CRS3035RES100mN2728100E4198100,47.6547549,8.3655461,7,361.1,51.6,0.0361,0.3114,LGL BW / ALKIS Gebäude
CRS3035RES100mN2723100E4192600,47.6086510,8.2938833,3,390.1,130.0,0.0390,0.3109,LGL BW / ALKIS Gebäude
CRS3035RES100mN2730500E4182900,47.6731386,8.1626176,3,337.0,112.3,0.0337,0.3060,LGL BW / ALKIS Gebäude
CRS3035RES100mN2725000E4180700,47.6231617,8.1351390,3,335.3,111.8,0.0335,0.3059,LGL BW / ALKIS Gebäude
CRS3035RES100mN2728500E4182000,47.6549436,8.1512893,5,365.3,73.1,0.0365,0.3048,LGL BW / ALKIS Gebäude
CRS3035RES100mN2725900E4190400,47.6333828,8.2638009,7,342.4,48.9,0.0342,0.3044,LGL BW / ALKIS Gebäude
CRS3035RES100mN2725100E4185600,47.6251531,8.2002383,3,300.5,100.2,0.0301,0.3027,LGL BW / ALKIS Gebäude
CRS3035RES100mN2729000E4181700,47.6593744,8.1471375,6,343.8,57.3,0.0344,0.2963,LGL BW / ALKIS Gebäude
CRS3035RES100mN2730800E4183400,47.6759491,8.1691740,6,341.2,56.9,0.0341,0.2952,LGL BW / ALKIS Gebäude
CRS3035RES100mN2727600E4183700,47.6472264,8.1741864,7,313.8,44.8,0.0314,0.2935,LGL BW / ALKIS Gebäude
CRS3035RES100mN2731300E4194100,47.6827376,8.3114006,5,313.1,62.6,0.0313,0.2791,LGL BW / ALKIS Gebäude
CRS3035RES100mN2725800E4194100,47.6332532,8.3130218,5,303.3,60.7,0.0303,0.2743,LGL BW / ALKIS Gebäude
CRS3035RES100mN2730900E4183200,47.6768042,8.1664808,3,262.0,87.3,0.0262,0.2738,LGL BW / ALKIS Gebäude
CRS3035RES100mN2724700E4185600,47.6215544,8.2003639,3,261.9,87.3,0.0262,0.2737,LGL BW / ALKIS Gebäude
CRS3035RES100mN2728300E4189700,47.6548275,8.2537631,3,259.6,86.5,0.0260,0.2720,LGL BW / ALKIS Gebäude
CRS3035RES100mN2726400E4191900,47.6381962,8.2835935,2,222.7,111.3,0.0223,0.2705,LGL BW / ALKIS Gebäude
CRS3035RES100mN2723100E4181200,47.6061809,8.1424006,2,210.0,105.0,0.0210,0.2693,LGL BW / ALKIS Gebäude
CRS3035RES100mN2724200E4178400,47.6154385,8.1048328,4,280.9,70.2,0.0281,0.2663,LGL BW / ALKIS Gebäude
CRS3035RES100mN2724700E4184400,47.6212906,8.1844141,7,237.3,33.9,0.0237,0.2647,LGL BW / ALKIS Gebäude
CRS3035RES100mN2721000E4179700,47.5869470,8.1231568,5,283.1,56.6,0.0283,0.2643,LGL BW / ALKIS Gebäude
CRS3035RES100mN2725800E4184400,47.6311872,8.1840656,4,275.2,68.8,0.0275,0.2630,LGL BW / ALKIS Gebäude
CRS3035RES100mN2726100E4191000,47.6353086,8.2717175,1,359.7,359.7,0.0360,0.2581,LGL BW / ALKIS Gebäude
CRS3035RES100mN2725200E4180400,47.6248929,8.1310863,4,266.2,66.6,0.0266,0.2576,LGL BW / ALKIS Gebäude
CRS3035RES100mN2726500E4184000,47.6373965,8.1785256,4,260.6,65.1,0.0261,0.2543,LGL BW / ALKIS Gebäude
CRS3035RES100mN2725600E4194200,47.6314742,8.3144101,2,186.7,93.3,0.0187,0.2539,LGL BW / ALKIS Gebäude
CRS3035RES100mN2726100E4193600,47.6358496,8.3062857,4,258.5,64.6,0.0258,0.2530,LGL BW / ALKIS Gebäude
CRS3035RES100mN2722100E4194400,47.6000244,8.3180961,5,260.0,52.0,0.0260,0.2529,LGL BW / ALKIS Gebäude
CRS3035RES100mN2726300E4191500,47.6372129,8.2783051,3,224.5,74.8,0.0225,0.2454,LGL BW / ALKIS Gebäude
CRS3035RES100mN2719000E4195500,47.5723560,8.3336116,5,235.4,47.1,0.0235,0.2408,LGL BW / ALKIS Gebäude
CRS3035RES100mN2728500E4188600,47.6563923,8.2390714,1,147.8,147.8,0.0148,0.2386,LGL BW / ALKIS Gebäude
CRS3035RES100mN2725200E4195100,47.6280591,8.3264920,4,233.8,58.4,0.0234,0.2384,LGL BW / ALKIS Gebäude
CRS3035RES100mN2726300E4197100,47.6383601,8.3527633,1,120.8,120.8,0.0121,0.2361,LGL BW / ALKIS Gebäude
CRS3035RES100mN2724400E4197200,47.6212850,8.3546385,2,169.3,84.6,0.0169,0.2348,LGL BW / ALKIS Gebäude
CRS3035RES100mN2724200E4190600,47.6181298,8.2669740,2,167.0,83.5,0.0167,0.2324,LGL BW / ALKIS Gebäude
CRS3035RES100mN2723800E4179300,47.6120466,8.1169249,4,216.3,54.1,0.0216,0.2281,LGL BW / ALKIS Gebäude
CRS3035RES100mN2727100E4196600,47.6454576,8.3458841,3,182.0,60.7,0.0182,0.2131,LGL BW / ALKIS Gebäude
CRS3035RES100mN2724500E4184400,47.6194912,8.1844775,2,146.6,73.3,0.0147,0.2101,LGL BW / ALKIS Gebäude
CRS3035RES100mN2726300E4186300,47.6361023,8.2091681,4,160.8,40.2,0.0161,0.1952,LGL BW / ALKIS Gebäude
CRS3035RES100mN2727800E4197700,47.6519760,8.3603118,3,142.6,47.5,0.0143,0.1832,LGL BW / ALKIS Gebäude
